time,symbol,value
2023-02-09,BTC_SPLYADRTOP100,2855108.98665457
2023-02-10,BTC_SPLYADRTOP100,2859428.04305469
2023-02-11,BTC_SPLYADRTOP100,2859842.72995703
2023-02-12,BTC_SPLYADRTOP100,2860124.37762424
2023-02-13,BTC_SPLYADRTOP100,2855184.12198923
2023-02-14,BTC_SPLYADRTOP100,2853147.41953499
2023-02-15,BTC_SPLYADRTOP100,2861391.71779778
2023-02-16,BTC_SPLYADRTOP100,2867243.93552454
2023-02-17,BTC_SPLYADRTOP100,2864872.54292748
2023-02-18,BTC_SPLYADRTOP100,2865707.98409318
2023-02-19,BTC_SPLYADRTOP100,2865121.9102197
2023-02-20,BTC_SPLYADRTOP100,2867105.13236225
2023-02-21,BTC_SPLYADRTOP100,2871188.02239054
2023-02-22,BTC_SPLYADRTOP100,2872553.96140404
2023-02-23,BTC_SPLYADRTOP100,2875709.27796221
2023-02-24,BTC_SPLYADRTOP100,2868506.63707906
2023-02-25,BTC_SPLYADRTOP100,2870087.14128963
2023-02-26,BTC_SPLYADRTOP100,2870755.21690016
2023-02-27,BTC_SPLYADRTOP100,2862683.01536948
2023-02-28,BTC_SPLYADRTOP100,2873737.83641803
2023-03-01,BTC_SPLYADRTOP100,2882535.64630928
2023-03-02,BTC_SPLYADRTOP100,2884446.50910296
2023-03-03,BTC_SPLYADRTOP100,2882501.03852198
2023-03-04,BTC_SPLYADRTOP100,2883350.30777134
2023-03-05,BTC_SPLYADRTOP100,2878414.83163273
2023-03-06,BTC_SPLYADRTOP100,2880355.27337596
2023-03-07,BTC_SPLYADRTOP100,2863149.75035557
2023-03-08,BTC_SPLYADRTOP100,2859274.21006997
2023-03-09,BTC_SPLYADRTOP100,2861544.34765905
2023-03-10,BTC_SPLYADRTOP100,2847789.45776509
2023-03-11,BTC_SPLYADRTOP100,2843879.9690384
2023-03-12,BTC_SPLYADRTOP100,2845698.86936133
2023-03-13,BTC_SPLYADRTOP100,2869145.56185938
2023-03-14,BTC_SPLYADRTOP100,2877146.67235775
2023-03-15,BTC_SPLYADRTOP100,2876662.51522815
2023-03-16,BTC_SPLYADRTOP100,2863464.73387932
2023-03-17,BTC_SPLYADRTOP100,2862747.05530033
2023-03-18,BTC_SPLYADRTOP100,2866813.8812486
2023-03-19,BTC_SPLYADRTOP100,2860634.43080427
2023-03-20,BTC_SPLYADRTOP100,2862831.85204078
2023-03-21,BTC_SPLYADRTOP100,2859154.63796186
2023-03-22,BTC_SPLYADRTOP100,2867267.05775583
2023-03-23,BTC_SPLYADRTOP100,2866246.70183577
2023-03-24,BTC_SPLYADRTOP100,2863113.17603076
2023-03-25,BTC_SPLYADRTOP100,2868966.3216387
2023-03-26,BTC_SPLYADRTOP100,2870822.4015232
2023-03-27,BTC_SPLYADRTOP100,2857845.7433078
2023-03-28,BTC_SPLYADRTOP100,2860202.83881863
2023-03-29,BTC_SPLYADRTOP100,2858111.26288208
2023-03-30,BTC_SPLYADRTOP100,2860571.46366464
2023-03-31,BTC_SPLYADRTOP100,2859971.67932657
2023-04-01,BTC_SPLYADRTOP100,2861591.77839843
2023-04-02,BTC_SPLYADRTOP100,2862455.11681306
2023-04-03,BTC_SPLYADRTOP100,2863808.32341491
2023-04-04,BTC_SPLYADRTOP100,2863891.00822761
2023-04-05,BTC_SPLYADRTOP100,2866242.45469627
2023-04-06,BTC_SPLYADRTOP100,2865705.42563885
2023-04-07,BTC_SPLYADRTOP100,2868731.935515
2023-04-08,BTC_SPLYADRTOP100,2866915.72783242
2023-04-09,BTC_SPLYADRTOP100,2869426.06638921
2023-04-10,BTC_SPLYADRTOP100,2866694.62015797
2023-04-11,BTC_SPLYADRTOP100,2889011.53873713
2023-04-12,BTC_SPLYADRTOP100,2886817.68185387
2023-04-13,BTC_SPLYADRTOP100,2890259.11172323
2023-04-14,BTC_SPLYADRTOP100,2874428.06498527
2023-04-15,BTC_SPLYADRTOP100,2877675.07920809
2023-04-16,BTC_SPLYADRTOP100,2877402.44092414
2023-04-17,BTC_SPLYADRTOP100,2876294.31634039
2023-04-18,BTC_SPLYADRTOP100,2873835.79278076
2023-04-19,BTC_SPLYADRTOP100,2877218.49434041
2023-04-20,BTC_SPLYADRTOP100,2881046.77610701
2023-04-21,BTC_SPLYADRTOP100,2889045.1334473
2023-04-22,BTC_SPLYADRTOP100,2890634.71082402
2023-04-23,BTC_SPLYADRTOP100,2883766.47814966
2023-04-24,BTC_SPLYADRTOP100,2887549.6870831
2023-04-25,BTC_SPLYADRTOP100,2885941.73265212
2023-04-26,BTC_SPLYADRTOP100,2884912.25320058
2023-04-27,BTC_SPLYADRTOP100,2889147.24963144
2023-04-28,BTC_SPLYADRTOP100,2887403.48831666
2023-04-29,BTC_SPLYADRTOP100,2890552.20873702
2023-04-30,BTC_SPLYADRTOP100,2892603.60920945
2023-05-01,BTC_SPLYADRTOP100,2891720.99156372
2023-05-02,BTC_SPLYADRTOP100,2884732.42581552
2023-05-03,BTC_SPLYADRTOP100,2889535.39324825
2023-05-04,BTC_SPLYADRTOP100,2886145.13630503
2023-05-05,BTC_SPLYADRTOP100,2881165.12687387
2023-05-06,BTC_SPLYADRTOP100,2881733.26054558
2023-05-07,BTC_SPLYADRTOP100,2845551.19775457
2023-05-08,BTC_SPLYADRTOP100,2830922.14668216
2023-05-09,BTC_SPLYADRTOP100,2823913.281458
2023-05-10,BTC_SPLYADRTOP100,2827231.46893492
2023-05-11,BTC_SPLYADRTOP100,2820384.5193227
2023-05-12,BTC_SPLYADRTOP100,2818329.44017351
2023-05-13,BTC_SPLYADRTOP100,2818290.12713835
2023-05-14,BTC_SPLYADRTOP100,2832653.44869958
2023-05-15,BTC_SPLYADRTOP100,2825241.32980978
2023-05-16,BTC_SPLYADRTOP100,2827635.43130343
2023-05-17,BTC_SPLYADRTOP100,2832564.13033384
2023-05-18,BTC_SPLYADRTOP100,2834529.5403665
2023-05-19,BTC_SPLYADRTOP100,2836374.84953666
2023-05-20,BTC_SPLYADRTOP100,2836696.43184992
2023-05-21,BTC_SPLYADRTOP100,2836879.06317669
2023-05-22,BTC_SPLYADRTOP100,2827660.99589687
2023-05-23,BTC_SPLYADRTOP100,2830955.05881355
2023-05-24,BTC_SPLYADRTOP100,2837274.82628421
2023-05-25,BTC_SPLYADRTOP100,2846000.55410143
2023-05-26,BTC_SPLYADRTOP100,2832563.22911465
2023-05-27,BTC_SPLYADRTOP100,2834924.27145872
2023-05-28,BTC_SPLYADRTOP100,2836855.61114887
2023-05-29,BTC_SPLYADRTOP100,2837917.41212699
2023-05-30,BTC_SPLYADRTOP100,2841834.57003556
2023-05-31,BTC_SPLYADRTOP100,2849581.46967197
2023-06-01,BTC_SPLYADRTOP100,2848507.3196765
2023-06-02,BTC_SPLYADRTOP100,2850389.9007382
2023-06-03,BTC_SPLYADRTOP100,2857515.31709836
2023-06-04,BTC_SPLYADRTOP100,2871593.66564287
2023-06-05,BTC_SPLYADRTOP100,2856358.38019215
2023-06-06,BTC_SPLYADRTOP100,2859370.60925724
2023-06-07,BTC_SPLYADRTOP100,2848616.14592875
2023-06-08,BTC_SPLYADRTOP100,2847182.67279844
2023-06-09,BTC_SPLYADRTOP100,2850379.99302121
2023-06-10,BTC_SPLYADRTOP100,2847157.72732702
2023-06-11,BTC_SPLYADRTOP100,2844038.14187243
2023-06-12,BTC_SPLYADRTOP100,2848194.92530204
2023-06-13,BTC_SPLYADRTOP100,2848098.10468567
2023-06-14,BTC_SPLYADRTOP100,2846896.3142417
2023-06-15,BTC_SPLYADRTOP100,2843715.51750637
2023-06-16,BTC_SPLYADRTOP100,2835842.76896669
2023-06-17,BTC_SPLYADRTOP100,2834201.89469725
2023-06-18,BTC_SPLYADRTOP100,2832691.63856084
2023-06-19,BTC_SPLYADRTOP100,2826788.72510311
2023-06-20,BTC_SPLYADRTOP100,2823232.49492204
2023-06-21,BTC_SPLYADRTOP100,2828571.83397082
2023-06-22,BTC_SPLYADRTOP100,2825725.75921396
2023-06-23,BTC_SPLYADRTOP100,2826119.74104389
2023-06-24,BTC_SPLYADRTOP100,2826710.2804278
2023-06-25,BTC_SPLYADRTOP100,2829423.69662578
2023-06-26,BTC_SPLYADRTOP100,2821505.89418302
2023-06-27,BTC_SPLYADRTOP100,2818653.74466503
2023-06-28,BTC_SPLYADRTOP100,2825827.61193512
2023-06-29,BTC_SPLYADRTOP100,2831161.39830438
2023-06-30,BTC_SPLYADRTOP100,2836258.57666349
2023-07-01,BTC_SPLYADRTOP100,2839128.96465767
2023-07-02,BTC_SPLYADRTOP100,2837788.04731178
2023-07-03,BTC_SPLYADRTOP100,2829864.97330106
2023-07-04,BTC_SPLYADRTOP100,2834284.34055431
2023-07-05,BTC_SPLYADRTOP100,2837865.66456351
2023-07-06,BTC_SPLYADRTOP100,2836597.36076878
2023-07-07,BTC_SPLYADRTOP100,2833998.86048235
2023-07-08,BTC_SPLYADRTOP100,2836486.04147689
2023-07-09,BTC_SPLYADRTOP100,2836160.75720074
2023-07-10,BTC_SPLYADRTOP100,2836778.90144882
2023-07-11,BTC_SPLYADRTOP100,2836125.29684265
2023-07-12,BTC_SPLYADRTOP100,2837072.58159497
2023-07-13,BTC_SPLYADRTOP100,2839200.20084088
2023-07-14,BTC_SPLYADRTOP100,2841774.96560279
2023-07-15,BTC_SPLYADRTOP100,2840548.06083545
2023-07-16,BTC_SPLYADRTOP100,2840770.58922909
2023-07-17,BTC_SPLYADRTOP100,2842917.31423181
2023-07-18,BTC_SPLYADRTOP100,2844139.56084974
2023-07-19,BTC_SPLYADRTOP100,2839771.74231693
2023-07-20,BTC_SPLYADRTOP100,2841918.71835767
2023-07-21,BTC_SPLYADRTOP100,2850227.78170343
2023-07-22,BTC_SPLYADRTOP100,2850127.18229895
2023-07-23,BTC_SPLYADRTOP100,2851313.4184329
2023-07-24,BTC_SPLYADRTOP100,2853766.62302619
2023-07-25,BTC_SPLYADRTOP100,2856467.84402275
2023-07-26,BTC_SPLYADRTOP100,2855824.80846264
2023-07-27,BTC_SPLYADRTOP100,2860615.98443633
2023-07-28,BTC_SPLYADRTOP100,2862694.3422664
2023-07-29,BTC_SPLYADRTOP100,2863714.81754886
2023-07-30,BTC_SPLYADRTOP100,2863302.74200005
2023-07-31,BTC_SPLYADRTOP100,2864827.80764106
2023-08-01,BTC_SPLYADRTOP100,2869497.81017625
2023-08-02,BTC_SPLYADRTOP100,2861417.18805196
2023-08-03,BTC_SPLYADRTOP100,2858135.43664862
2023-08-04,BTC_SPLYADRTOP100,2858587.84001555
2023-08-05,BTC_SPLYADRTOP100,2861932.66550061
2023-08-06,BTC_SPLYADRTOP100,2862430.58655669
2023-08-07,BTC_SPLYADRTOP100,2863613.72465388
2023-08-08,BTC_SPLYADRTOP100,2858380.42830613
2023-08-09,BTC_SPLYADRTOP100,2860509.89910196
2023-08-10,BTC_SPLYADRTOP100,2863689.71222412
2023-08-11,BTC_SPLYADRTOP100,2865331.04284573
2023-08-12,BTC_SPLYADRTOP100,2865403.09710154
2023-08-13,BTC_SPLYADRTOP100,2866623.58826546
2023-08-14,BTC_SPLYADRTOP100,2873949.52315625
2023-08-15,BTC_SPLYADRTOP100,2874873.3167113
2023-08-16,BTC_SPLYADRTOP100,2878267.23143429
2023-08-17,BTC_SPLYADRTOP100,2880853.61210151
2023-08-18,BTC_SPLYADRTOP100,2881224.0548949
2023-08-19,BTC_SPLYADRTOP100,2877743.21550538
2023-08-20,BTC_SPLYADRTOP100,2877112.69397293
2023-08-21,BTC_SPLYADRTOP100,2872857.44651489
2023-08-22,BTC_SPLYADRTOP100,2873464.44220434
2023-08-23,BTC_SPLYADRTOP100,2865567.9709183
2023-08-24,BTC_SPLYADRTOP100,2864144.71556534
2023-08-25,BTC_SPLYADRTOP100,2858521.19229177
2023-08-26,BTC_SPLYADRTOP100,2861525.81041566
2023-08-27,BTC_SPLYADRTOP100,2859563.70812024
2023-08-28,BTC_SPLYADRTOP100,2854428.23017173
2023-08-29,BTC_SPLYADRTOP100,2858313.62319683
2023-08-30,BTC_SPLYADRTOP100,2856382.04192799
2023-08-31,BTC_SPLYADRTOP100,2861831.93764222
2023-09-01,BTC_SPLYADRTOP100,2868529.98372003
2023-09-02,BTC_SPLYADRTOP100,2868823.49165645
2023-09-03,BTC_SPLYADRTOP100,2867645.3056735
2023-09-04,BTC_SPLYADRTOP100,2865816.93847681
2023-09-05,BTC_SPLYADRTOP100,2865732.58252468
2023-09-06,BTC_SPLYADRTOP100,2859586.84352381
2023-09-07,BTC_SPLYADRTOP100,2858108.11039846
2023-09-08,BTC_SPLYADRTOP100,2858717.71330478
2023-09-09,BTC_SPLYADRTOP100,2858793.0167102995
2023-09-10,BTC_SPLYADRTOP100,2857848.03354149
2023-09-11,BTC_SPLYADRTOP100,2861349.75134376
2023-09-12,BTC_SPLYADRTOP100,2860123.73900603
2023-09-13,BTC_SPLYADRTOP100,2859153.32212923
2023-09-14,BTC_SPLYADRTOP100,2858335.88642924
2023-09-15,BTC_SPLYADRTOP100,2856787.69426108
2023-09-16,BTC_SPLYADRTOP100,2857235.81837338
2023-09-17,BTC_SPLYADRTOP100,2856223.11853163
2023-09-18,BTC_SPLYADRTOP100,2853166.70095372
2023-09-19,BTC_SPLYADRTOP100,2852051.460426
2023-09-20,BTC_SPLYADRTOP100,2849463.07642868
2023-09-21,BTC_SPLYADRTOP100,2849020.6648540003
2023-09-22,BTC_SPLYADRTOP100,2853958.28330303
2023-09-23,BTC_SPLYADRTOP100,2843561.68685308
2023-09-24,BTC_SPLYADRTOP100,2843613.83092382
2023-09-25,BTC_SPLYADRTOP100,2845090.29085651
2023-09-26,BTC_SPLYADRTOP100,2844900.00317336
2023-09-27,BTC_SPLYADRTOP100,2846675.91815771
2023-09-28,BTC_SPLYADRTOP100,2844766.73806987
2023-09-29,BTC_SPLYADRTOP100,2845084.31850418
2023-09-30,BTC_SPLYADRTOP100,2845585.68459387
2023-10-01,BTC_SPLYADRTOP100,2846689.57348187
2023-10-02,BTC_SPLYADRTOP100,2848874.07330799
2023-10-03,BTC_SPLYADRTOP100,2847804.26283586
2023-10-04,BTC_SPLYADRTOP100,2848728.75546707
2023-10-05,BTC_SPLYADRTOP100,2846950.03523772
2023-10-06,BTC_SPLYADRTOP100,2847336.15228484
2023-10-07,BTC_SPLYADRTOP100,2846869.57594492
2023-10-08,BTC_SPLYADRTOP100,2847457.91968713
2023-10-09,BTC_SPLYADRTOP100,2847696.92162421
2023-10-10,BTC_SPLYADRTOP100,2849628.13391503
2023-10-11,BTC_SPLYADRTOP100,2856107.95271037
2023-10-12,BTC_SPLYADRTOP100,2860403.30006389
2023-10-13,BTC_SPLYADRTOP100,2862157.97869151
2023-10-14,BTC_SPLYADRTOP100,2860505.51306088
2023-10-15,BTC_SPLYADRTOP100,2861514.40753139
2023-10-16,BTC_SPLYADRTOP100,2857687.49989216
2023-10-17,BTC_SPLYADRTOP100,2854339.26596498
2023-10-18,BTC_SPLYADRTOP100,2853639.08819634
2023-10-19,BTC_SPLYADRTOP100,2850832.36481783
2023-10-20,BTC_SPLYADRTOP100,2851018.48479043
2023-10-21,BTC_SPLYADRTOP100,2853256.66166589
2023-10-22,BTC_SPLYADRTOP100,2854093.02532927
2023-10-23,BTC_SPLYADRTOP100,2852130.71220805
2023-10-24,BTC_SPLYADRTOP100,2855444.67876307
2023-10-25,BTC_SPLYADRTOP100,2857153.74264946
2023-10-26,BTC_SPLYADRTOP100,2853864.58694371
2023-10-27,BTC_SPLYADRTOP100,2855877.48016185
2023-10-28,BTC_SPLYADRTOP100,2858325.26154654
2023-10-29,BTC_SPLYADRTOP100,2858677.28918817
2023-10-30,BTC_SPLYADRTOP100,2857256.87014106
2023-10-31,BTC_SPLYADRTOP100,2858129.38819135
2023-11-01,BTC_SPLYADRTOP100,2858332.39921667
2023-11-02,BTC_SPLYADRTOP100,2862523.38383261
2023-11-03,BTC_SPLYADRTOP100,2860939.72431661
2023-11-04,BTC_SPLYADRTOP100,2861331.28114971
2023-11-05,BTC_SPLYADRTOP100,2862360.84252702
2023-11-06,BTC_SPLYADRTOP100,2864013.12659679
2023-11-07,BTC_SPLYADRTOP100,2867121.65022311
2023-11-08,BTC_SPLYADRTOP100,2866150.04490965
2023-11-09,BTC_SPLYADRTOP100,2850340.09169448
2023-11-10,BTC_SPLYADRTOP100,2879996.98409876
2023-11-11,BTC_SPLYADRTOP100,2886219.32332941
2023-11-12,BTC_SPLYADRTOP100,2885399.01029939
2023-11-13,BTC_SPLYADRTOP100,2883885.76886011
2023-11-14,BTC_SPLYADRTOP100,2886382.87119803
2023-11-15,BTC_SPLYADRTOP100,2883332.7509234
2023-11-16,BTC_SPLYADRTOP100,2882970.62580349
2023-11-17,BTC_SPLYADRTOP100,2887211.59822632
2023-11-18,BTC_SPLYADRTOP100,2889263.02128919
2023-11-19,BTC_SPLYADRTOP100,2889110.06619941
2023-11-20,BTC_SPLYADRTOP100,2883881.38061698
2023-11-21,BTC_SPLYADRTOP100,2867266.17220293
2023-11-22,BTC_SPLYADRTOP100,2862809.6993605
2023-11-23,BTC_SPLYADRTOP100,2868941.96531198
2023-11-24,BTC_SPLYADRTOP100,2860805.3410756
2023-11-25,BTC_SPLYADRTOP100,2863320.12623112
2023-11-26,BTC_SPLYADRTOP100,2862441.76118061
2023-11-27,BTC_SPLYADRTOP100,2861547.05130793
2023-11-28,BTC_SPLYADRTOP100,2855524.33626621
2023-11-29,BTC_SPLYADRTOP100,2859175.89813165
2023-11-30,BTC_SPLYADRTOP100,2861257.57453054
2023-12-01,BTC_SPLYADRTOP100,2861582.06017096
2023-12-02,BTC_SPLYADRTOP100,2861628.55707158
2023-12-03,BTC_SPLYADRTOP100,2861450.70683248
2023-12-04,BTC_SPLYADRTOP100,2862671.36474882
2023-12-05,BTC_SPLYADRTOP100,2861992.49455232
2023-12-06,BTC_SPLYADRTOP100,2870004.49667118
2023-12-07,BTC_SPLYADRTOP100,2869902.01400022
2023-12-08,BTC_SPLYADRTOP100,2875019.56632036
2023-12-09,BTC_SPLYADRTOP100,2877869.27862777
2023-12-10,BTC_SPLYADRTOP100,2879885.39986923
2023-12-11,BTC_SPLYADRTOP100,2885958.43358034
2023-12-12,BTC_SPLYADRTOP100,2890987.2749985
2023-12-13,BTC_SPLYADRTOP100,2887993.30748848
2023-12-14,BTC_SPLYADRTOP100,2885882.28758673
2023-12-15,BTC_SPLYADRTOP100,2887412.82515951
2023-12-16,BTC_SPLYADRTOP100,2891145.88781035
2023-12-17,BTC_SPLYADRTOP100,2895820.09750936
2023-12-18,BTC_SPLYADRTOP100,2896667.41105096
2023-12-19,BTC_SPLYADRTOP100,2895651.76465035
2023-12-20,BTC_SPLYADRTOP100,2896411.88341382
2023-12-21,BTC_SPLYADRTOP100,2893839.30406446
2023-12-22,BTC_SPLYADRTOP100,2890661.52481201
2023-12-23,BTC_SPLYADRTOP100,2890580.55968653
2023-12-24,BTC_SPLYADRTOP100,2890814.39319809
2023-12-25,BTC_SPLYADRTOP100,2894203.80995821
2023-12-26,BTC_SPLYADRTOP100,2890483.9144516
2023-12-27,BTC_SPLYADRTOP100,2879508.26823682
2023-12-28,BTC_SPLYADRTOP100,2877275.94205027
2023-12-29,BTC_SPLYADRTOP100,2875058.71028672
2023-12-30,BTC_SPLYADRTOP100,2890358.73064436
2023-12-31,BTC_SPLYADRTOP100,2905677.89904039
2024-01-01,BTC_SPLYADRTOP100,2903820.60956485
2024-01-02,BTC_SPLYADRTOP100,2904786.0881844
2024-01-03,BTC_SPLYADRTOP100,2910056.03716373
2024-01-04,BTC_SPLYADRTOP100,2903717.43832661
2024-01-05,BTC_SPLYADRTOP100,2914815.32540157
2024-01-06,BTC_SPLYADRTOP100,2917285.03992874
2024-01-07,BTC_SPLYADRTOP100,2917585.6587262996
2024-01-08,BTC_SPLYADRTOP100,2919702.64805343
2024-01-09,BTC_SPLYADRTOP100,2923857.03162078
2024-01-10,BTC_SPLYADRTOP100,2924618.78395569
2024-01-11,BTC_SPLYADRTOP100,2931997.95933629
2024-01-12,BTC_SPLYADRTOP100,2937641.7755278
2024-01-13,BTC_SPLYADRTOP100,2936992.66016582
2024-01-14,BTC_SPLYADRTOP100,2935795.12339227
2024-01-15,BTC_SPLYADRTOP100,2938140.12944375
2024-01-16,BTC_SPLYADRTOP100,2936303.45216104
2024-01-17,BTC_SPLYADRTOP100,2935284.00424006
2024-01-18,BTC_SPLYADRTOP100,2934532.73600627
2024-01-19,BTC_SPLYADRTOP100,2941119.46110895
2024-01-20,BTC_SPLYADRTOP100,2941669.2044893997
2024-01-21,BTC_SPLYADRTOP100,2940985.93626483
2024-01-22,BTC_SPLYADRTOP100,2948564.3574169
2024-01-23,BTC_SPLYADRTOP100,2946976.70041942
2024-01-24,BTC_SPLYADRTOP100,2943079.44117526
2024-01-25,BTC_SPLYADRTOP100,2948145.43685682
2024-01-26,BTC_SPLYADRTOP100,2948343.1195292003
2024-01-27,BTC_SPLYADRTOP100,2946906.19671536
2024-01-28,BTC_SPLYADRTOP100,2947600.94976333
2024-01-29,BTC_SPLYADRTOP100,2951910.89290661
2024-01-30,BTC_SPLYADRTOP100,2943345.32236585
2024-01-31,BTC_SPLYADRTOP100,2940309.4753094
2024-02-01,BTC_SPLYADRTOP100,2947985.445637
2024-02-02,BTC_SPLYADRTOP100,2945488.3779184
2024-02-03,BTC_SPLYADRTOP100,2945144.86127948
2024-02-04,BTC_SPLYADRTOP100,2947254.70518159
2024-02-05,BTC_SPLYADRTOP100,2954449.03236891
2024-02-06,BTC_SPLYADRTOP100,2951277.72879497
2024-02-07,BTC_SPLYADRTOP100,2946784.63720756
2024-02-08,BTC_SPLYADRTOP100,2942134.98358949
2024-02-09,BTC_SPLYADRTOP100,2937511.35231931
2024-02-10,BTC_SPLYADRTOP100,2936534.64093014
2024-02-11,BTC_SPLYADRTOP100,2939095.97117733
2024-02-12,BTC_SPLYADRTOP100,2939746.27101966
2024-02-13,BTC_SPLYADRTOP100,2937416.53807119
2024-02-14,BTC_SPLYADRTOP100,2916470.41140733
2024-02-15,BTC_SPLYADRTOP100,2913486.99951732
2024-02-16,BTC_SPLYADRTOP100,2912587.26711736
2024-02-17,BTC_SPLYADRTOP100,2912897.29239858
2024-02-18,BTC_SPLYADRTOP100,2913595.79202714
2024-02-19,BTC_SPLYADRTOP100,2914381.55806504
2024-02-20,BTC_SPLYADRTOP100,2921272.61398921
2024-02-21,BTC_SPLYADRTOP100,2922692.0348059
2024-02-22,BTC_SPLYADRTOP100,2922824.92405119
2024-02-23,BTC_SPLYADRTOP100,2924114.53187165
2024-02-24,BTC_SPLYADRTOP100,2923731.84720576
2024-02-25,BTC_SPLYADRTOP100,2923859.15384496
2024-02-26,BTC_SPLYADRTOP100,2911738.79907656
2024-02-27,BTC_SPLYADRTOP100,2911683.40718153
2024-02-28,BTC_SPLYADRTOP100,2911011.45469946
2024-02-29,BTC_SPLYADRTOP100,2909297.99885322
2024-03-01,BTC_SPLYADRTOP100,2903345.20237263
2024-03-02,BTC_SPLYADRTOP100,2906197.25815323
2024-03-03,BTC_SPLYADRTOP100,2907090.34654413
2024-03-04,BTC_SPLYADRTOP100,2905702.71807067
2024-03-05,BTC_SPLYADRTOP100,2916670.95797399
2024-03-06,BTC_SPLYADRTOP100,2913217.15207393
2024-03-07,BTC_SPLYADRTOP100,2912614.37147691
2024-03-08,BTC_SPLYADRTOP100,2898760.4307554
2024-03-09,BTC_SPLYADRTOP100,2895953.80220283
2024-03-10,BTC_SPLYADRTOP100,2897278.8527117996
2024-03-11,BTC_SPLYADRTOP100,2902644.90483898
2024-03-12,BTC_SPLYADRTOP100,2906095.89472221
2024-03-13,BTC_SPLYADRTOP100,2894103.75659712
2024-03-14,BTC_SPLYADRTOP100,2897590.16072475
2024-03-15,BTC_SPLYADRTOP100,2902637.66501907
2024-03-16,BTC_SPLYADRTOP100,2905423.63309993
2024-03-17,BTC_SPLYADRTOP100,2905494.14946623
2024-03-18,BTC_SPLYADRTOP100,2905972.91088146
2024-03-19,BTC_SPLYADRTOP100,2909260.58516499
2024-03-20,BTC_SPLYADRTOP100,2908174.18480015
2024-03-21,BTC_SPLYADRTOP100,2909861.32586626
2024-03-22,BTC_SPLYADRTOP100,2908082.70582474
2024-03-23,BTC_SPLYADRTOP100,2892266.90156257
2024-03-24,BTC_SPLYADRTOP100,2892134.1397981
2024-03-25,BTC_SPLYADRTOP100,2893070.35039003
2024-03-26,BTC_SPLYADRTOP100,2889220.22067585
2024-03-27,BTC_SPLYADRTOP100,2892822.19399329
2024-03-28,BTC_SPLYADRTOP100,2892183.46264599
2024-03-29,BTC_SPLYADRTOP100,2894625.55709699
2024-03-30,BTC_SPLYADRTOP100,2895953.93646757
2024-03-31,BTC_SPLYADRTOP100,2902254.83095527
2024-04-01,BTC_SPLYADRTOP100,2898249.01152238
2024-04-02,BTC_SPLYADRTOP100,2900136.32895754
2024-04-03,BTC_SPLYADRTOP100,2899488.30631602
2024-04-04,BTC_SPLYADRTOP100,2899590.12980054
2024-04-05,BTC_SPLYADRTOP100,2900013.02387222
2024-04-06,BTC_SPLYADRTOP100,2893647.90131003
2024-04-07,BTC_SPLYADRTOP100,2894666.90589871
2024-04-08,BTC_SPLYADRTOP100,2896235.2651237003
2024-04-09,BTC_SPLYADRTOP100,2898570.85633779
2024-04-10,BTC_SPLYADRTOP100,2898748.11978407
2024-04-11,BTC_SPLYADRTOP100,2897598.6341511
2024-04-12,BTC_SPLYADRTOP100,2900456.73595429
2024-04-13,BTC_SPLYADRTOP100,2898688.0131908
2024-04-14,BTC_SPLYADRTOP100,2902530.9680644
2024-04-15,BTC_SPLYADRTOP100,2900985.84390873
2024-04-16,BTC_SPLYADRTOP100,2905180.92449652
2024-04-17,BTC_SPLYADRTOP100,2904834.69341524
2024-04-18,BTC_SPLYADRTOP100,2911818.36975547
2024-04-19,BTC_SPLYADRTOP100,2912374.4215142
2024-04-20,BTC_SPLYADRTOP100,2911159.80244376
2024-04-21,BTC_SPLYADRTOP100,2910957.29934809
2024-04-22,BTC_SPLYADRTOP100,2906326.33416988
2024-04-23,BTC_SPLYADRTOP100,2904590.70960192
2024-04-24,BTC_SPLYADRTOP100,2912974.50775163
2024-04-25,BTC_SPLYADRTOP100,2912129.63758235
2024-04-26,BTC_SPLYADRTOP100,2911691.32275134
2024-04-27,BTC_SPLYADRTOP100,2911328.53855971
2024-04-28,BTC_SPLYADRTOP100,2913808.93974482
2024-04-29,BTC_SPLYADRTOP100,2915647.21923227
2024-04-30,BTC_SPLYADRTOP100,2923246.89856718
2024-05-01,BTC_SPLYADRTOP100,2922228.56569163
2024-05-02,BTC_SPLYADRTOP100,2927855.14029829
2024-05-03,BTC_SPLYADRTOP100,2925193.92707405
2024-05-04,BTC_SPLYADRTOP100,2925914.16841024
2024-05-05,BTC_SPLYADRTOP100,2925921.57879131
2024-05-06,BTC_SPLYADRTOP100,2923354.35801039
2024-05-07,BTC_SPLYADRTOP100,2925153.50479589
2024-05-08,BTC_SPLYADRTOP100,2921005.75586181
2024-05-09,BTC_SPLYADRTOP100,2919979.27943426
2024-05-10,BTC_SPLYADRTOP100,2921450.48583461
2024-05-11,BTC_SPLYADRTOP100,2922234.3816052
2024-05-12,BTC_SPLYADRTOP100,2922845.16192118
2024-05-13,BTC_SPLYADRTOP100,2922788.46447534
2024-05-14,BTC_SPLYADRTOP100,2923786.30607107
2024-05-15,BTC_SPLYADRTOP100,2920870.31390791
2024-05-16,BTC_SPLYADRTOP100,2919886.40840676
2024-05-17,BTC_SPLYADRTOP100,2915252.77334216
2024-05-18,BTC_SPLYADRTOP100,2915283.87471375
2024-05-19,BTC_SPLYADRTOP100,2916250.47022399
2024-05-20,BTC_SPLYADRTOP100,2915650.83217596
2024-05-21,BTC_SPLYADRTOP100,2916292.05597802
2024-05-22,BTC_SPLYADRTOP100,2916740.39117456
2024-05-23,BTC_SPLYADRTOP100,2924306.10817133
2024-05-24,BTC_SPLYADRTOP100,2919722.60351436
2024-05-25,BTC_SPLYADRTOP100,2922750.78287258
2024-05-26,BTC_SPLYADRTOP100,2923711.28601979
2024-05-27,BTC_SPLYADRTOP100,2925535.79406751
2024-05-28,BTC_SPLYADRTOP100,3038161.11548762
2024-05-29,BTC_SPLYADRTOP100,3039851.73689566
2024-05-30,BTC_SPLYADRTOP100,3029915.56107227
2024-05-31,BTC_SPLYADRTOP100,3048693.25900733
2024-06-01,BTC_SPLYADRTOP100,3048516.19235574
2024-06-02,BTC_SPLYADRTOP100,3047477.92978279
2024-06-03,BTC_SPLYADRTOP100,3043416.67315067
2024-06-04,BTC_SPLYADRTOP100,3039483.45481438
2024-06-05,BTC_SPLYADRTOP100,3036844.75786873
2024-06-06,BTC_SPLYADRTOP100,3035857.85746456
2024-06-07,BTC_SPLYADRTOP100,3035053.07602425
2024-06-08,BTC_SPLYADRTOP100,3042118.9478981
2024-06-09,BTC_SPLYADRTOP100,3043560.90202801
2024-06-10,BTC_SPLYADRTOP100,3044862.06019727
2024-06-11,BTC_SPLYADRTOP100,3049712.14761243
2024-06-12,BTC_SPLYADRTOP100,3051987.7988134
2024-06-13,BTC_SPLYADRTOP100,3051604.79822122
2024-06-14,BTC_SPLYADRTOP100,3056366.8023395
2024-06-15,BTC_SPLYADRTOP100,3057234.77494209
2024-06-16,BTC_SPLYADRTOP100,3057696.0212146
2024-06-17,BTC_SPLYADRTOP100,3058891.26873764
2024-06-18,BTC_SPLYADRTOP100,3059565.24135359
2024-06-19,BTC_SPLYADRTOP100,3059862.86646459
2024-06-20,BTC_SPLYADRTOP100,3063041.22267916
2024-06-21,BTC_SPLYADRTOP100,3064423.28620568
2024-06-22,BTC_SPLYADRTOP100,3063698.75743748
2024-06-23,BTC_SPLYADRTOP100,3064135.86390122
2024-06-24,BTC_SPLYADRTOP100,3074935.66350954
2024-06-25,BTC_SPLYADRTOP100,3073997.48259465
2024-06-26,BTC_SPLYADRTOP100,3076126.29184492
2024-06-27,BTC_SPLYADRTOP100,3074278.02695608
2024-06-28,BTC_SPLYADRTOP100,3076633.40478126
2024-06-29,BTC_SPLYADRTOP100,3083286.50170105
2024-06-30,BTC_SPLYADRTOP100,3083748.88535479
2024-07-01,BTC_SPLYADRTOP100,3086891.58219811
2024-07-02,BTC_SPLYADRTOP100,3088948.24084237
2024-07-03,BTC_SPLYADRTOP100,3089510.47532731
2024-07-04,BTC_SPLYADRTOP100,3118567.40550316
2024-07-05,BTC_SPLYADRTOP100,3132492.55357156
2024-07-06,BTC_SPLYADRTOP100,3142222.18913376
2024-07-07,BTC_SPLYADRTOP100,3142777.13391673
2024-07-08,BTC_SPLYADRTOP100,3134161.89392563
2024-07-09,BTC_SPLYADRTOP100,3134318.62457452
2024-07-10,BTC_SPLYADRTOP100,3129206.2031233
2024-07-11,BTC_SPLYADRTOP100,3127279.6644661
2024-07-12,BTC_SPLYADRTOP100,3127271.57954969
2024-07-13,BTC_SPLYADRTOP100,3129612.23509169
2024-07-14,BTC_SPLYADRTOP100,3129884.60935899
2024-07-15,BTC_SPLYADRTOP100,3123930.35465476
2024-07-16,BTC_SPLYADRTOP100,3122375.99278129
2024-07-17,BTC_SPLYADRTOP100,3126326.01439346
2024-07-18,BTC_SPLYADRTOP100,3126282.11505789
2024-07-19,BTC_SPLYADRTOP100,3125471.11078314
2024-07-20,BTC_SPLYADRTOP100,3123040.58063758
2024-07-21,BTC_SPLYADRTOP100,3122625.34271405
2024-07-22,BTC_SPLYADRTOP100,3122412.76631023
2024-07-23,BTC_SPLYADRTOP100,3121345.10744622
2024-07-24,BTC_SPLYADRTOP100,3114383.27139556
2024-07-25,BTC_SPLYADRTOP100,3114339.64662949
2024-07-26,BTC_SPLYADRTOP100,3111299.82879487
2024-07-27,BTC_SPLYADRTOP100,3109997.28423721
2024-07-28,BTC_SPLYADRTOP100,3110263.0343865003
2024-07-29,BTC_SPLYADRTOP100,3094533.34278542
2024-07-30,BTC_SPLYADRTOP100,3096872.05029491
2024-07-31,BTC_SPLYADRTOP100,3083685.42676393
2024-08-01,BTC_SPLYADRTOP100,3077518.23974395
2024-08-02,BTC_SPLYADRTOP100,3066923.97227971
2024-08-03,BTC_SPLYADRTOP100,3067331.1572662
2024-08-04,BTC_SPLYADRTOP100,3065553.72371586
2024-08-05,BTC_SPLYADRTOP100,3064763.41738118
2024-08-06,BTC_SPLYADRTOP100,3064229.20769949
2024-08-07,BTC_SPLYADRTOP100,3063904.73084513
2024-08-08,BTC_SPLYADRTOP100,3066233.63779234
2024-08-09,BTC_SPLYADRTOP100,3064171.98616246
2024-08-10,BTC_SPLYADRTOP100,3066359.26936658
2024-08-11,BTC_SPLYADRTOP100,3066760.50363828
2024-08-12,BTC_SPLYADRTOP100,3071808.46903752
2024-08-13,BTC_SPLYADRTOP100,3069152.65211947
2024-08-14,BTC_SPLYADRTOP100,3068043.64185226
2024-08-15,BTC_SPLYADRTOP100,3064767.85783062
2024-08-16,BTC_SPLYADRTOP100,3062731.87452435
2024-08-17,BTC_SPLYADRTOP100,3066610.48262141
2024-08-18,BTC_SPLYADRTOP100,3067407.20836243
2024-08-19,BTC_SPLYADRTOP100,3070463.3789224
2024-08-20,BTC_SPLYADRTOP100,3070011.62009328
2024-08-21,BTC_SPLYADRTOP100,3068851.0797393997
2024-08-22,BTC_SPLYADRTOP100,3069157.57104746
2024-08-23,BTC_SPLYADRTOP100,3071777.77697731
2024-08-24,BTC_SPLYADRTOP100,3071271.18825571
2024-08-25,BTC_SPLYADRTOP100,3071944.39961601
2024-08-26,BTC_SPLYADRTOP100,3069753.43318663
2024-08-27,BTC_SPLYADRTOP100,3030922.59799091
2024-08-28,BTC_SPLYADRTOP100,3032615.67503853
2024-08-29,BTC_SPLYADRTOP100,3030678.83370165
2024-08-30,BTC_SPLYADRTOP100,3031798.243259
2024-08-31,BTC_SPLYADRTOP100,3033233.6125892997
2024-09-01,BTC_SPLYADRTOP100,3033228.69106749
2024-09-02,BTC_SPLYADRTOP100,3032690.46712061
2024-09-03,BTC_SPLYADRTOP100,3028771.27871958
2024-09-04,BTC_SPLYADRTOP100,3028477.21433704
2024-09-05,BTC_SPLYADRTOP100,3031185.73223452
2024-09-06,BTC_SPLYADRTOP100,3036619.21164377
2024-09-07,BTC_SPLYADRTOP100,3035262.4733607997
2024-09-08,BTC_SPLYADRTOP100,3042249.33134242
2024-09-09,BTC_SPLYADRTOP100,3042156.03949538
2024-09-10,BTC_SPLYADRTOP100,3043974.96963247
2024-09-11,BTC_SPLYADRTOP100,3043506.85964132
2024-09-12,BTC_SPLYADRTOP100,3043911.35815868
2024-09-13,BTC_SPLYADRTOP100,3034816.1771988
2024-09-14,BTC_SPLYADRTOP100,3035648.16863956
2024-09-15,BTC_SPLYADRTOP100,3036251.35003842
2024-09-16,BTC_SPLYADRTOP100,3037252.10870028
2024-09-17,BTC_SPLYADRTOP100,3036411.38325326
2024-09-18,BTC_SPLYADRTOP100,3038986.98199633
2024-09-19,BTC_SPLYADRTOP100,3034139.84220912
2024-09-20,BTC_SPLYADRTOP100,3049846.65212788
2024-09-21,BTC_SPLYADRTOP100,3051541.01898613
2024-09-22,BTC_SPLYADRTOP100,3053471.61205851
2024-09-23,BTC_SPLYADRTOP100,3046929.53768153
2024-09-24,BTC_SPLYADRTOP100,3049938.7555601
2024-09-25,BTC_SPLYADRTOP100,3046245.9747977997
2024-09-26,BTC_SPLYADRTOP100,3040824.54859379
2024-09-27,BTC_SPLYADRTOP100,3041085.90515634
2024-09-28,BTC_SPLYADRTOP100,3038801.8474896
2024-09-29,BTC_SPLYADRTOP100,3038896.64012999
2024-09-30,BTC_SPLYADRTOP100,3041223.85916309
2024-10-01,BTC_SPLYADRTOP100,3044720.82602443
2024-10-02,BTC_SPLYADRTOP100,3045074.11419549
2024-10-03,BTC_SPLYADRTOP100,3043136.43103641
2024-10-04,BTC_SPLYADRTOP100,3041763.44193791
2024-10-05,BTC_SPLYADRTOP100,3039535.77946603
2024-10-06,BTC_SPLYADRTOP100,3038902.72981752
2024-10-07,BTC_SPLYADRTOP100,3034255.62778733
2024-10-08,BTC_SPLYADRTOP100,3035593.38451465
2024-10-09,BTC_SPLYADRTOP100,3038323.02869379
2024-10-10,BTC_SPLYADRTOP100,3038799.48714923
2024-10-11,BTC_SPLYADRTOP100,3034893.01274531
2024-10-12,BTC_SPLYADRTOP100,3033772.15055012
2024-10-13,BTC_SPLYADRTOP100,3033193.53156913
2024-10-14,BTC_SPLYADRTOP100,3034813.02453896
2024-10-15,BTC_SPLYADRTOP100,3030980.19357593
2024-10-16,BTC_SPLYADRTOP100,3030378.5277761
2024-10-17,BTC_SPLYADRTOP100,3032249.8883051
2024-10-18,BTC_SPLYADRTOP100,3029351.38516619
2024-10-19,BTC_SPLYADRTOP100,3030343.11648045
2024-10-20,BTC_SPLYADRTOP100,3036767.80750208
2024-10-21,BTC_SPLYADRTOP100,3031684.67829084
2024-10-22,BTC_SPLYADRTOP100,3033659.3529105
2024-10-23,BTC_SPLYADRTOP100,3034740.18045687
2024-10-24,BTC_SPLYADRTOP100,3033828.66041912
2024-10-25,BTC_SPLYADRTOP100,3031744.89850757
2024-10-26,BTC_SPLYADRTOP100,3034749.56287098
2024-10-27,BTC_SPLYADRTOP100,3034368.18328726
2024-10-28,BTC_SPLYADRTOP100,3031102.18372029
2024-10-29,BTC_SPLYADRTOP100,3032168.07976179
2024-10-30,BTC_SPLYADRTOP100,3026384.20832881
2024-10-31,BTC_SPLYADRTOP100,3030793.62886312
2024-11-01,BTC_SPLYADRTOP100,3034960.80349585
2024-11-02,BTC_SPLYADRTOP100,3034589.55896317
2024-11-03,BTC_SPLYADRTOP100,3036992.50676775
2024-11-04,BTC_SPLYADRTOP100,3040992.00702884
2024-11-05,BTC_SPLYADRTOP100,3041664.06761143
2024-11-06,BTC_SPLYADRTOP100,3018862.15083179
2024-11-07,BTC_SPLYADRTOP100,3013944.40825368
2024-11-08,BTC_SPLYADRTOP100,3004175.38668673
2024-11-09,BTC_SPLYADRTOP100,3010168.34483202
2024-11-10,BTC_SPLYADRTOP100,3012295.7152081
2024-11-11,BTC_SPLYADRTOP100,3009741.15543313
2024-11-12,BTC_SPLYADRTOP100,3018391.02092488
2024-11-13,BTC_SPLYADRTOP100,3021429.47482424
2024-11-14,BTC_SPLYADRTOP100,3029849.74934102
2024-11-15,BTC_SPLYADRTOP100,3029718.8922752
2024-11-16,BTC_SPLYADRTOP100,3032723.76093876
2024-11-17,BTC_SPLYADRTOP100,3034600.72795398
2024-11-18,BTC_SPLYADRTOP100,3031355.54955974
2024-11-19,BTC_SPLYADRTOP100,3020709.67211188
2024-11-20,BTC_SPLYADRTOP100,3038373.30962597
2024-11-21,BTC_SPLYADRTOP100,3044664.62174923
2024-11-22,BTC_SPLYADRTOP100,3049605.8958354997
2024-11-23,BTC_SPLYADRTOP100,3034807.53089061
2024-11-24,BTC_SPLYADRTOP100,3026840.14651613
2024-11-25,BTC_SPLYADRTOP100,3029634.04874955
2024-11-26,BTC_SPLYADRTOP100,3031208.66448127
2024-11-27,BTC_SPLYADRTOP100,3025525.70338843
2024-11-28,BTC_SPLYADRTOP100,3026165.02420119
2024-11-29,BTC_SPLYADRTOP100,3022411.28162644
2024-11-30,BTC_SPLYADRTOP100,3023482.6338292
2024-12-01,BTC_SPLYADRTOP100,3024582.85522986
2024-12-02,BTC_SPLYADRTOP100,3019717.4558018995
2024-12-03,BTC_SPLYADRTOP100,3024581.64476511
2024-12-04,BTC_SPLYADRTOP100,3006672.53865256
2024-12-05,BTC_SPLYADRTOP100,3007733.083039
2024-12-06,BTC_SPLYADRTOP100,3010207.18404289
2024-12-07,BTC_SPLYADRTOP100,3015084.47176969
2024-12-08,BTC_SPLYADRTOP100,3015225.57219522
2024-12-09,BTC_SPLYADRTOP100,3015636.8815439
2024-12-10,BTC_SPLYADRTOP100,3015687.42100406
2024-12-11,BTC_SPLYADRTOP100,3000324.23096401
2024-12-12,BTC_SPLYADRTOP100,2994584.62152122
2024-12-13,BTC_SPLYADRTOP100,2988632.01665582
2024-12-14,BTC_SPLYADRTOP100,2987521.81538784
2024-12-15,BTC_SPLYADRTOP100,2989909.97138903
2024-12-16,BTC_SPLYADRTOP100,2978502.22828776
2024-12-17,BTC_SPLYADRTOP100,2979854.44074956
2024-12-18,BTC_SPLYADRTOP100,2981612.55864623
2024-12-19,BTC_SPLYADRTOP100,2986276.43134981
2024-12-20,BTC_SPLYADRTOP100,2989279.84264987
2024-12-21,BTC_SPLYADRTOP100,2989044.09340657
2024-12-22,BTC_SPLYADRTOP100,2990295.97590533
2024-12-23,BTC_SPLYADRTOP100,2995239.64659196
2024-12-24,BTC_SPLYADRTOP100,3011301.93561952
2024-12-25,BTC_SPLYADRTOP100,3011152.90776169
2024-12-26,BTC_SPLYADRTOP100,2998069.34377541
2024-12-27,BTC_SPLYADRTOP100,2997400.28404148
2024-12-28,BTC_SPLYADRTOP100,2996618.80079751
2024-12-29,BTC_SPLYADRTOP100,2994396.96905019
2024-12-30,BTC_SPLYADRTOP100,2996543.35759175
2024-12-31,BTC_SPLYADRTOP100,2982224.8549587997
2025-01-01,BTC_SPLYADRTOP100,2984742.44343216
2025-01-02,BTC_SPLYADRTOP100,2982520.48216757
2025-01-03,BTC_SPLYADRTOP100,2981278.32725795
2025-01-04,BTC_SPLYADRTOP100,2980601.45982148
2025-01-05,BTC_SPLYADRTOP100,2980175.80247978
2025-01-06,BTC_SPLYADRTOP100,2976275.20725636
2025-01-07,BTC_SPLYADRTOP100,2974465.68324042
2025-01-08,BTC_SPLYADRTOP100,2976097.68962531
2025-01-09,BTC_SPLYADRTOP100,2975667.89938452
2025-01-10,BTC_SPLYADRTOP100,2972588.36909649
2025-01-11,BTC_SPLYADRTOP100,2976342.69715423
2025-01-12,BTC_SPLYADRTOP100,2980676.08504562
2025-01-13,BTC_SPLYADRTOP100,2979155.70225222
2025-01-14,BTC_SPLYADRTOP100,2976341.80990159
2025-01-15,BTC_SPLYADRTOP100,2977101.97665812
2025-01-16,BTC_SPLYADRTOP100,2963774.60555068
2025-01-17,BTC_SPLYADRTOP100,2956138.23440212
2025-01-18,BTC_SPLYADRTOP100,2955982.61589001
2025-01-19,BTC_SPLYADRTOP100,2957926.77896077
2025-01-20,BTC_SPLYADRTOP100,2957294.27334064
2025-01-21,BTC_SPLYADRTOP100,2955660.64263839
2025-01-22,BTC_SPLYADRTOP100,2954612.78356306
2025-01-23,BTC_SPLYADRTOP100,2955363.54244737
2025-01-24,BTC_SPLYADRTOP100,2956583.40593809
2025-01-25,BTC_SPLYADRTOP100,2957458.77528393
2025-01-26,BTC_SPLYADRTOP100,2956854.46979519
2025-01-27,BTC_SPLYADRTOP100,2955610.21108196
2025-01-28,BTC_SPLYADRTOP100,2952821.67066252
2025-01-29,BTC_SPLYADRTOP100,2954074.43357689
2025-01-30,BTC_SPLYADRTOP100,2952004.98922999
2025-01-31,BTC_SPLYADRTOP100,2954623.79755315
2025-02-01,BTC_SPLYADRTOP100,2951867.03163923
2025-02-02,BTC_SPLYADRTOP100,2954339.54937453
2025-02-03,BTC_SPLYADRTOP100,2954353.14330366
2025-02-04,BTC_SPLYADRTOP100,2964028.38524602
2025-02-05,BTC_SPLYADRTOP100,2971211.46059896
2025-02-06,BTC_SPLYADRTOP100,2970451.1366954
2025-02-07,BTC_SPLYADRTOP100,2971154.504499
2025-02-08,BTC_SPLYADRTOP100,2972523.53094173
2025-02-09,BTC_SPLYADRTOP100,2966429.22897954
2025-02-10,BTC_SPLYADRTOP100,2964921.22698019
2025-02-11,BTC_SPLYADRTOP100,2968376.83564053
2025-02-12,BTC_SPLYADRTOP100,2969194.61303768
2025-02-13,BTC_SPLYADRTOP100,2971580.09583818
2025-02-14,BTC_SPLYADRTOP100,2966481.07955811
2025-02-15,BTC_SPLYADRTOP100,2967036.56130619
2025-02-16,BTC_SPLYADRTOP100,2965050.17489801
2025-02-17,BTC_SPLYADRTOP100,2965688.84940137
2025-02-18,BTC_SPLYADRTOP100,2967373.42271497
2025-02-19,BTC_SPLYADRTOP100,2966628.04862229
2025-02-20,BTC_SPLYADRTOP100,2963253.98301322
2025-02-21,BTC_SPLYADRTOP100,2966304.29426404
2025-02-22,BTC_SPLYADRTOP100,2948885.67798796
2025-02-23,BTC_SPLYADRTOP100,2949388.50322235
2025-02-24,BTC_SPLYADRTOP100,2950413.02193763
2025-02-25,BTC_SPLYADRTOP100,2956773.10924881
2025-02-26,BTC_SPLYADRTOP100,2964972.78645308
2025-02-27,BTC_SPLYADRTOP100,2963154.87734474
2025-02-28,BTC_SPLYADRTOP100,2970347.24199031
2025-03-01,BTC_SPLYADRTOP100,2970176.77668471
2025-03-02,BTC_SPLYADRTOP100,2965847.16059148
2025-03-03,BTC_SPLYADRTOP100,2971281.9654789
2025-03-04,BTC_SPLYADRTOP100,2973164.10608843
2025-03-05,BTC_SPLYADRTOP100,2971898.00214628
2025-03-06,BTC_SPLYADRTOP100,2974994.64996498
2025-03-07,BTC_SPLYADRTOP100,2976046.92309479
2025-03-08,BTC_SPLYADRTOP100,2976708.24098945
2025-03-09,BTC_SPLYADRTOP100,2979654.64714341
2025-03-10,BTC_SPLYADRTOP100,2981298.50452361
2025-03-11,BTC_SPLYADRTOP100,2975671.6536461003
2025-03-12,BTC_SPLYADRTOP100,2981738.44661231
2025-03-13,BTC_SPLYADRTOP100,2983156.8321389
2025-03-14,BTC_SPLYADRTOP100,2983889.98662477
2025-03-15,BTC_SPLYADRTOP100,2983518.42147491
2025-03-16,BTC_SPLYADRTOP100,2983170.00375127
2025-03-17,BTC_SPLYADRTOP100,2984266.37155924
2025-03-18,BTC_SPLYADRTOP100,2985775.5606997996
2025-03-19,BTC_SPLYADRTOP100,2982777.99600404
2025-03-20,BTC_SPLYADRTOP100,2982528.95334559
2025-03-21,BTC_SPLYADRTOP100,2982898.84651102
2025-03-22,BTC_SPLYADRTOP100,2982567.22163783
2025-03-23,BTC_SPLYADRTOP100,2982190.80917462
2025-03-24,BTC_SPLYADRTOP100,2975692.6295466
2025-03-25,BTC_SPLYADRTOP100,2964698.85003958
2025-03-26,BTC_SPLYADRTOP100,2966152.14161746
2025-03-27,BTC_SPLYADRTOP100,2964758.74483066
2025-03-28,BTC_SPLYADRTOP100,2969791.82522294
2025-03-29,BTC_SPLYADRTOP100,2971265.80243183
2025-03-30,BTC_SPLYADRTOP100,2967143.42105256
2025-03-31,BTC_SPLYADRTOP100,2974285.81743696
2025-04-01,BTC_SPLYADRTOP100,2974964.44268237
2025-04-02,BTC_SPLYADRTOP100,2976823.62399812
2025-04-03,BTC_SPLYADRTOP100,2983102.51302375
2025-04-04,BTC_SPLYADRTOP100,2978913.62264706
2025-04-05,BTC_SPLYADRTOP100,2980321.4408277
2025-04-06,BTC_SPLYADRTOP100,2984363.36449434
2025-04-07,BTC_SPLYADRTOP100,2989160.51626212
2025-04-08,BTC_SPLYADRTOP100,2993774.60477169
2025-04-09,BTC_SPLYADRTOP100,2991908.88389496
2025-04-10,BTC_SPLYADRTOP100,2991120.30345888
2025-04-11,BTC_SPLYADRTOP100,2986214.55366079
2025-04-12,BTC_SPLYADRTOP100,2988145.57640595
2025-04-13,BTC_SPLYADRTOP100,2990036.41161602
2025-04-14,BTC_SPLYADRTOP100,2988241.16704936
2025-04-15,BTC_SPLYADRTOP100,2989711.43035231
2025-04-16,BTC_SPLYADRTOP100,2989012.77923561
2025-04-17,BTC_SPLYADRTOP100,2984692.54377727
2025-04-18,BTC_SPLYADRTOP100,2984403.87659828
2025-04-19,BTC_SPLYADRTOP100,2984784.33167831
2025-04-20,BTC_SPLYADRTOP100,2984667.58308502
2025-04-21,BTC_SPLYADRTOP100,2983162.29319346
2025-04-22,BTC_SPLYADRTOP100,2980054.1376573998
2025-04-23,BTC_SPLYADRTOP100,2971568.65067881
2025-04-24,BTC_SPLYADRTOP100,2968999.17715196
2025-04-25,BTC_SPLYADRTOP100,2955431.27596961
2025-04-26,BTC_SPLYADRTOP100,2953413.40448013
2025-04-27,BTC_SPLYADRTOP100,2955408.91093034
2025-04-28,BTC_SPLYADRTOP100,2954915.68106623
2025-04-29,BTC_SPLYADRTOP100,2955583.87712554
2025-04-30,BTC_SPLYADRTOP100,2955853.50607813
2025-05-01,BTC_SPLYADRTOP100,2953865.63213625
2025-05-02,BTC_SPLYADRTOP100,2950932.23653825
2025-05-03,BTC_SPLYADRTOP100,2952073.86382348
2025-05-04,BTC_SPLYADRTOP100,2952810.93141457
2025-05-05,BTC_SPLYADRTOP100,2956317.46163734
2025-05-06,BTC_SPLYADRTOP100,2956279.16668315
2025-05-07,BTC_SPLYADRTOP100,2955452.29695956
2025-05-08,BTC_SPLYADRTOP100,2957128.77216361
2025-05-09,BTC_SPLYADRTOP100,2954764.87817194
2025-05-10,BTC_SPLYADRTOP100,2953238.411506
2025-05-11,BTC_SPLYADRTOP100,2954485.30046602
2025-05-12,BTC_SPLYADRTOP100,2950984.14003788
2025-05-13,BTC_SPLYADRTOP100,2947205.57965107
2025-05-14,BTC_SPLYADRTOP100,2948468.95208192
2025-05-15,BTC_SPLYADRTOP100,2949316.17903565
2025-05-16,BTC_SPLYADRTOP100,2949335.85622425
2025-05-17,BTC_SPLYADRTOP100,2948531.38011103
2025-05-18,BTC_SPLYADRTOP100,2948776.14962055
2025-05-19,BTC_SPLYADRTOP100,2951508.73779089
2025-05-20,BTC_SPLYADRTOP100,2950409.06273993
2025-05-21,BTC_SPLYADRTOP100,2940152.16592007
2025-05-22,BTC_SPLYADRTOP100,2943865.93448565
2025-05-23,BTC_SPLYADRTOP100,2946298.01094961
2025-05-24,BTC_SPLYADRTOP100,2943508.60242297
2025-05-25,BTC_SPLYADRTOP100,2942282.63286644
2025-05-26,BTC_SPLYADRTOP100,2942330.48843559
2025-05-27,BTC_SPLYADRTOP100,2969496.55025599
2025-05-28,BTC_SPLYADRTOP100,2962482.94727666
2025-05-29,BTC_SPLYADRTOP100,2960266.81489998
2025-05-30,BTC_SPLYADRTOP100,2956710.82623987
2025-05-31,BTC_SPLYADRTOP100,2953137.64465363
2025-06-01,BTC_SPLYADRTOP100,2950429.81070303
2025-06-02,BTC_SPLYADRTOP100,2935719.33631156
2025-06-03,BTC_SPLYADRTOP100,2917848.64437634
2025-06-04,BTC_SPLYADRTOP100,2920230.78194493
2025-06-05,BTC_SPLYADRTOP100,2921558.48460715
2025-06-06,BTC_SPLYADRTOP100,2933183.76937053
2025-06-07,BTC_SPLYADRTOP100,2935009.00356999
2025-06-08,BTC_SPLYADRTOP100,2937682.44256486
2025-06-09,BTC_SPLYADRTOP100,2937815.21076068
2025-06-10,BTC_SPLYADRTOP100,2939967.5316972
2025-06-11,BTC_SPLYADRTOP100,2938853.43715045
2025-06-12,BTC_SPLYADRTOP100,2939885.66705243
2025-06-13,BTC_SPLYADRTOP100,2941215.99446231
2025-06-14,BTC_SPLYADRTOP100,2941397.11840943
2025-06-15,BTC_SPLYADRTOP100,2941341.2413022
2025-06-16,BTC_SPLYADRTOP100,2938172.33901935
2025-06-17,BTC_SPLYADRTOP100,2934705.76763947
2025-06-18,BTC_SPLYADRTOP100,2936355.81830301
2025-06-19,BTC_SPLYADRTOP100,2936388.49569768
2025-06-20,BTC_SPLYADRTOP100,2936626.58475549
2025-06-21,BTC_SPLYADRTOP100,2934821.76935901
2025-06-22,BTC_SPLYADRTOP100,2937344.64080427
2025-06-23,BTC_SPLYADRTOP100,2935145.84017307
2025-06-24,BTC_SPLYADRTOP100,2934917.23211441
2025-06-25,BTC_SPLYADRTOP100,2936198.32781278
2025-06-26,BTC_SPLYADRTOP100,2936289.17710858
2025-06-27,BTC_SPLYADRTOP100,2935856.69153167
2025-06-28,BTC_SPLYADRTOP100,2935893.48053235
2025-06-29,BTC_SPLYADRTOP100,2934122.21392602
2025-06-30,BTC_SPLYADRTOP100,2931174.7344673
2025-07-01,BTC_SPLYADRTOP100,2930608.18226884
2025-07-02,BTC_SPLYADRTOP100,2931477.3053088
2025-07-03,BTC_SPLYADRTOP100,2928491.38477748
2025-07-04,BTC_SPLYADRTOP100,2929936.38359403
2025-07-05,BTC_SPLYADRTOP100,2930012.50752496
2025-07-06,BTC_SPLYADRTOP100,2928921.45222161
2025-07-07,BTC_SPLYADRTOP100,2929342.7915978
2025-07-08,BTC_SPLYADRTOP100,2930544.31750257
2025-07-09,BTC_SPLYADRTOP100,2927869.85158935
2025-07-10,BTC_SPLYADRTOP100,2925642.74157902
2025-07-11,BTC_SPLYADRTOP100,2925934.70781848
2025-07-12,BTC_SPLYADRTOP100,2927745.92160003
2025-07-13,BTC_SPLYADRTOP100,2928806.61776361
2025-07-14,BTC_SPLYADRTOP100,2952025.81370197
2025-07-15,BTC_SPLYADRTOP100,2936941.89445999
2025-07-16,BTC_SPLYADRTOP100,2949442.43125041
2025-07-17,BTC_SPLYADRTOP100,2953581.29569258
2025-07-18,BTC_SPLYADRTOP100,2957419.98739442
2025-07-19,BTC_SPLYADRTOP100,2956605.75166676
2025-07-20,BTC_SPLYADRTOP100,2955676.92120872
2025-07-21,BTC_SPLYADRTOP100,2954634.98156131
2025-07-22,BTC_SPLYADRTOP100,2976029.045411
2025-07-23,BTC_SPLYADRTOP100,2977527.63090224
2025-07-24,BTC_SPLYADRTOP100,2978009.20039265
2025-07-25,BTC_SPLYADRTOP100,2960258.44045372
2025-07-26,BTC_SPLYADRTOP100,2958235.91261269
2025-07-27,BTC_SPLYADRTOP100,2958915.7854942
2025-07-28,BTC_SPLYADRTOP100,2957984.55118892
2025-07-29,BTC_SPLYADRTOP100,2962803.68798036
2025-07-30,BTC_SPLYADRTOP100,2964226.85892671
2025-07-31,BTC_SPLYADRTOP100,2966915.01590913
2025-08-01,BTC_SPLYADRTOP100,2979114.59869963
2025-08-02,BTC_SPLYADRTOP100,2978320.3724366
2025-08-03,BTC_SPLYADRTOP100,2978564.00707149
2025-08-04,BTC_SPLYADRTOP100,2981480.17366606
2025-08-05,BTC_SPLYADRTOP100,2985580.16254277
2025-08-06,BTC_SPLYADRTOP100,2983625.18457164
2025-08-07,BTC_SPLYADRTOP100,2981493.61290686
2025-08-08,BTC_SPLYADRTOP100,2979963.95990684
2025-08-09,BTC_SPLYADRTOP100,2981013.02583659
2025-08-10,BTC_SPLYADRTOP100,2983520.53050291
2025-08-11,BTC_SPLYADRTOP100,2988999.54578153
2025-08-12,BTC_SPLYADRTOP100,2989062.10946668
2025-08-13,BTC_SPLYADRTOP100,2989383.62404215
2025-08-14,BTC_SPLYADRTOP100,2987708.42020008
2025-08-15,BTC_SPLYADRTOP100,2987469.15310562
2025-08-16,BTC_SPLYADRTOP100,2983679.5781617
2025-08-17,BTC_SPLYADRTOP100,2983234.97065777
2025-08-18,BTC_SPLYADRTOP100,2981662.73974467
2025-08-19,BTC_SPLYADRTOP100,2984420.97951609
2025-08-20,BTC_SPLYADRTOP100,2984217.16722251
2025-08-21,BTC_SPLYADRTOP100,2983995.5712626
2025-08-22,BTC_SPLYADRTOP100,2985649.29426089
2025-08-23,BTC_SPLYADRTOP100,2983728.76477376
2025-08-24,BTC_SPLYADRTOP100,2983207.50992812
2025-08-25,BTC_SPLYADRTOP100,2983374.49967187
2025-08-26,BTC_SPLYADRTOP100,2985353.65567306
2025-08-27,BTC_SPLYADRTOP100,2986086.08818502
2025-08-28,BTC_SPLYADRTOP100,2977911.56695992
2025-08-29,BTC_SPLYADRTOP100,2971312.34400705
2025-08-30,BTC_SPLYADRTOP100,2975167.43309258
2025-08-31,BTC_SPLYADRTOP100,2977136.5602109
2025-09-01,BTC_SPLYADRTOP100,2971627.38948837
2025-09-02,BTC_SPLYADRTOP100,2981047.6526806
2025-09-03,BTC_SPLYADRTOP100,2970145.15026541
2025-09-04,BTC_SPLYADRTOP100,2970308.5850581
2025-09-05,BTC_SPLYADRTOP100,2975587.08017332
2025-09-06,BTC_SPLYADRTOP100,2974976.38407352
2025-09-07,BTC_SPLYADRTOP100,2973933.22273627
2025-09-08,BTC_SPLYADRTOP100,2975383.24853612
2025-09-09,BTC_SPLYADRTOP100,2976204.60095713
2025-09-10,BTC_SPLYADRTOP100,2978137.98269937
2025-09-11,BTC_SPLYADRTOP100,2973500.6093324
2025-09-12,BTC_SPLYADRTOP100,2969830.6734576
2025-09-13,BTC_SPLYADRTOP100,2970201.43370715
2025-09-14,BTC_SPLYADRTOP100,2969717.77317667
2025-09-15,BTC_SPLYADRTOP100,2971095.2012664
2025-09-16,BTC_SPLYADRTOP100,2967767.58804893
2025-09-17,BTC_SPLYADRTOP100,2965968.63917338
2025-09-18,BTC_SPLYADRTOP100,2963866.24015464
2025-09-19,BTC_SPLYADRTOP100,2963187.55850338
2025-09-20,BTC_SPLYADRTOP100,2963125.27757208
2025-09-21,BTC_SPLYADRTOP100,2963939.1942652
2025-09-22,BTC_SPLYADRTOP100,2966148.11131625
2025-09-23,BTC_SPLYADRTOP100,2962973.59351669
2025-09-24,BTC_SPLYADRTOP100,2961736.27158856
2025-09-25,BTC_SPLYADRTOP100,2960866.99261515
2025-09-26,BTC_SPLYADRTOP100,2956028.4905338
2025-09-27,BTC_SPLYADRTOP100,2953976.19676825
2025-09-28,BTC_SPLYADRTOP100,2952880.48036532
2025-09-29,BTC_SPLYADRTOP100,2952643.28726373
2025-09-30,BTC_SPLYADRTOP100,2953597.29567955
2025-10-01,BTC_SPLYADRTOP100,2947198.08090406
2025-10-02,BTC_SPLYADRTOP100,2943480.5705066
2025-10-03,BTC_SPLYADRTOP100,2949823.23434948
2025-10-04,BTC_SPLYADRTOP100,2950015.42027058
2025-10-05,BTC_SPLYADRTOP100,2952774.61872207
2025-10-06,BTC_SPLYADRTOP100,2950162.18198173
2025-10-07,BTC_SPLYADRTOP100,2945780.69166783
2025-10-08,BTC_SPLYADRTOP100,2947452.42102222
2025-10-09,BTC_SPLYADRTOP100,2943708.86317822
2025-10-10,BTC_SPLYADRTOP100,2942676.50474569
2025-10-11,BTC_SPLYADRTOP100,2944967.73699157
2025-10-12,BTC_SPLYADRTOP100,2944102.71973737
2025-10-13,BTC_SPLYADRTOP100,2943402.34182246
2025-10-14,BTC_SPLYADRTOP100,2935433.79829343
2025-10-15,BTC_SPLYADRTOP100,2932150.06032544
2025-10-16,BTC_SPLYADRTOP100,2928986.79376343
2025-10-17,BTC_SPLYADRTOP100,2932619.06789516
2025-10-18,BTC_SPLYADRTOP100,2931532.05457404
2025-10-19,BTC_SPLYADRTOP100,2929051.33811419
2025-10-20,BTC_SPLYADRTOP100,2926116.83362442
2025-10-21,BTC_SPLYADRTOP100,2926054.2770019
2025-10-22,BTC_SPLYADRTOP100,2928168.89660178
2025-10-23,BTC_SPLYADRTOP100,2929517.91144198
2025-10-24,BTC_SPLYADRTOP100,2929525.55122194
2025-10-25,BTC_SPLYADRTOP100,2929779.84439425
2025-10-26,BTC_SPLYADRTOP100,2929703.51107058
2025-10-27,BTC_SPLYADRTOP100,2931893.87442838
