time,symbol,close
2023-02-09,BTC_HASHRATE,316895645.56098926
2023-02-10,BTC_HASHRATE,287553455.21824396
2023-02-11,BTC_HASHRATE,289509602.7434137
2023-02-12,BTC_HASHRATE,315851203.95835894
2023-02-13,BTC_HASHRATE,303650130.99469703
2023-02-14,BTC_HASHRATE,299757180.2739148
2023-02-15,BTC_HASHRATE,317275457.1159728
2023-02-16,BTC_HASHRATE,348419062.8822308
2023-02-17,BTC_HASHRATE,321168407.83675504
2023-02-18,BTC_HASHRATE,327007835.31939054
2023-02-19,BTC_HASHRATE,315328983.1570438
2023-02-20,BTC_HASHRATE,286131854.15263903
2023-02-21,BTC_HASHRATE,325061358.55753726
2023-02-22,BTC_HASHRATE,272506528.0313633
2023-02-23,BTC_HASHRATE,332847259.99910176
2023-02-24,BTC_HASHRATE,262774152.63086984
2023-02-25,BTC_HASHRATE,228809606.1413121
2023-02-26,BTC_HASHRATE,359556659.2106422
2023-02-27,BTC_HASHRATE,299630547.8012448
2023-02-28,BTC_HASHRATE,293209894.2181328
2023-03-01,BTC_HASHRATE,363837095.9600217
2023-03-02,BTC_HASHRATE,308191421.3000036
2023-03-03,BTC_HASHRATE,359556659.2106422
2023-03-04,BTC_HASHRATE,325313168.2975212
2023-03-05,BTC_HASHRATE,331733821.8806332
2023-03-06,BTC_HASHRATE,282508803.88564134
2023-03-07,BTC_HASHRATE,353136002.54561603
2023-03-08,BTC_HASHRATE,284649020.719374
2023-03-09,BTC_HASHRATE,288929457.46875334
2023-03-10,BTC_HASHRATE,291688415.56457573
2023-03-11,BTC_HASHRATE,357219694.8827461
2023-03-12,BTC_HASHRATE,348559825.89122087
2023-03-13,BTC_HASHRATE,339899953.782142
2023-03-14,BTC_HASHRATE,316085307.04095167
2023-03-15,BTC_HASHRATE,318250273.50944453
2023-03-16,BTC_HASHRATE,290105693.8312686
2023-03-17,BTC_HASHRATE,318250273.50944453
2023-03-18,BTC_HASHRATE,350724792.35971373
2023-03-19,BTC_HASHRATE,320415243.0954912
2023-03-20,BTC_HASHRATE,333405048.1415559
2023-03-21,BTC_HASHRATE,313920337.4549051
2023-03-22,BTC_HASHRATE,344229889.8366814
2023-03-23,BTC_HASHRATE,398970829.72571325
2023-03-24,BTC_HASHRATE,377232885.4931153
2023-03-25,BTC_HASHRATE,337646717.00662136
2023-03-26,BTC_HASHRATE,335318120.43832463
2023-03-27,BTC_HASHRATE,344632513.417874
2023-03-28,BTC_HASHRATE,312032141.34263265
2023-03-29,BTC_HASHRATE,342303913.49639606
2023-03-30,BTC_HASHRATE,360932699.4554946
2023-03-31,BTC_HASHRATE,328332327.38025326
2023-04-01,BTC_HASHRATE,326003727.45877534
2023-04-02,BTC_HASHRATE,346961109.9861707
2023-04-03,BTC_HASHRATE,305046344.9313801
2023-04-04,BTC_HASHRATE,377232885.4931153
2023-04-05,BTC_HASHRATE,323675130.8904786
2023-04-06,BTC_HASHRATE,375586794.88083017
2023-04-07,BTC_HASHRATE,338032941.7856073
2023-04-08,BTC_HASHRATE,349935509.40998685
2023-04-09,BTC_HASHRATE,347554997.25628686
2023-04-10,BTC_HASHRATE,292803183.44178885
2023-04-11,BTC_HASHRATE,366599104.7697063
2023-04-12,BTC_HASHRATE,380882187.97572565
2023-04-13,BTC_HASHRATE,338032941.7856073
2023-04-14,BTC_HASHRATE,333271914.0502675
2023-04-15,BTC_HASHRATE,376121160.24038583
2023-04-16,BTC_HASHRATE,295183695.5954889
2023-04-17,BTC_HASHRATE,368979620.3513461
2023-04-18,BTC_HASHRATE,395165271.18174493
2023-04-19,BTC_HASHRATE,330891401.89656746
2023-04-20,BTC_HASHRATE,319518832.834664
2023-04-21,BTC_HASHRATE,351118489.414672
2023-04-22,BTC_HASHRATE,360804517.52650416
2023-04-23,BTC_HASHRATE,355961503.4705881
2023-04-24,BTC_HASHRATE,341432464.7898097
2023-04-25,BTC_HASHRATE,302688355.8294509
2023-04-26,BTC_HASHRATE,314795889.2257562
2023-04-27,BTC_HASHRATE,314795889.2257562
2023-04-28,BTC_HASHRATE,355961503.4705881
2023-04-29,BTC_HASHRATE,331746436.67797756
2023-04-30,BTC_HASHRATE,358383012.24203104
2023-05-01,BTC_HASHRATE,440714244.2186647
2023-05-02,BTC_HASHRATE,312374380.4543132
2023-05-03,BTC_HASHRATE,341432464.7898097
2023-05-04,BTC_HASHRATE,351712781.63476974
2023-05-05,BTC_HASHRATE,283977798.860469
2023-05-06,BTC_HASHRATE,355568839.3482855
2023-05-07,BTC_HASHRATE,331705160.33113664
2023-05-08,BTC_HASHRATE,326932423.8404329
2023-05-09,BTC_HASHRATE,360341575.83898926
2023-05-10,BTC_HASHRATE,405682570.78249
2023-05-11,BTC_HASHRATE,360341575.83898926
2023-05-12,BTC_HASHRATE,336477896.82184047
2023-05-13,BTC_HASHRATE,346023366.366878
2023-05-14,BTC_HASHRATE,415228040.3275276
2023-05-15,BTC_HASHRATE,350796102.85758173
2023-05-16,BTC_HASHRATE,365114312.32969296
2023-05-17,BTC_HASHRATE,381818888.3289712
2023-05-18,BTC_HASHRATE,345151895.57295674
2023-05-19,BTC_HASHRATE,369469366.94369566
2023-05-20,BTC_HASHRATE,322669911.9767492
2023-05-21,BTC_HASHRATE,371932494.47236896
2023-05-22,BTC_HASHRATE,354690591.130938
2023-05-23,BTC_HASHRATE,379321880.6052949
2023-05-24,BTC_HASHRATE,347301204.99801207
2023-05-25,BTC_HASHRATE,371932494.47236896
2023-05-26,BTC_HASHRATE,376858753.0766216
2023-05-27,BTC_HASHRATE,357153718.6596113
2023-05-28,BTC_HASHRATE,394100656.41805273
2023-05-29,BTC_HASHRATE,399026915.0223052
2023-05-30,BTC_HASHRATE,379321880.6052949
2023-05-31,BTC_HASHRATE,350148490.60783935
2023-06-01,BTC_HASHRATE,336187210.7165766
2023-06-02,BTC_HASHRATE,417687139.4758992
2023-06-03,BTC_HASHRATE,331093464.71068186
2023-06-04,BTC_HASHRATE,376937175.09623784
2023-06-05,BTC_HASHRATE,351468445.06676406
2023-06-06,BTC_HASHRATE,384577792.2713316
2023-06-07,BTC_HASHRATE,343827827.89167035
2023-06-08,BTC_HASHRATE,392218409.44642526
2023-06-09,BTC_HASHRATE,430421502.6568876
2023-06-10,BTC_HASHRATE,392218409.44642526
2023-06-11,BTC_HASHRATE,415140264.63920337
2023-06-12,BTC_HASHRATE,399859030.28901595
2023-06-13,BTC_HASHRATE,374390300.2595421
2023-06-14,BTC_HASHRATE,312665624.1002992
2023-06-15,BTC_HASHRATE,385148460.99591213
2023-06-16,BTC_HASHRATE,398160232.4659681
2023-06-17,BTC_HASHRATE,364329623.64591026
2023-06-18,BTC_HASHRATE,392955523.1284677
2023-06-19,BTC_HASHRATE,369534332.9834107
2023-06-20,BTC_HASHRATE,353920204.9709093
2023-06-21,BTC_HASHRATE,314884890.5607413
2023-06-22,BTC_HASHRATE,356522561.5133547
2023-06-23,BTC_HASHRATE,325294309.2357422
2023-06-24,BTC_HASHRATE,379943751.6584117
2023-06-25,BTC_HASHRATE,398160232.4659681
2023-06-26,BTC_HASHRATE,379943751.6584117
2023-06-27,BTC_HASHRATE,364329623.64591026
2023-06-28,BTC_HASHRATE,280122385.0259662
2023-06-29,BTC_HASHRATE,367574940.7040657
2023-06-30,BTC_HASHRATE,397786578.42446953
2023-07-01,BTC_HASHRATE,334845664.3921468
2023-07-02,BTC_HASHRATE,430515854.7363883
2023-07-03,BTC_HASHRATE,344916211.5074136
2023-07-04,BTC_HASHRATE,354986758.6226805
2023-07-05,BTC_HASHRATE,392751304.8668361
2023-07-06,BTC_HASHRATE,349951485.065047
2023-07-07,BTC_HASHRATE,440586401.8516551
2023-07-08,BTC_HASHRATE,448139310.37540686
2023-07-09,BTC_HASHRATE,425480581.17875487
2023-07-10,BTC_HASHRATE,387716031.30920255
2023-07-11,BTC_HASHRATE,339880937.9497802
2023-07-12,BTC_HASHRATE,383801277.4233714
2023-07-13,BTC_HASHRATE,321592672.2254732
2023-07-14,BTC_HASHRATE,369831573.2522498
2023-07-15,BTC_HASHRATE,369831573.2522498
2023-07-16,BTC_HASHRATE,415390537.04825526
2023-07-17,BTC_HASHRATE,364471694.9315955
2023-07-18,BTC_HASHRATE,434150109.24098927
2023-07-19,BTC_HASHRATE,396630964.85552126
2023-07-20,BTC_HASHRATE,343032185.5080904
2023-07-21,BTC_HASHRATE,300153162.8019681
2023-07-22,BTC_HASHRATE,359111820.47005326
2023-07-23,BTC_HASHRATE,393951023.76563805
2023-07-24,BTC_HASHRATE,401990843.1761756
2023-07-25,BTC_HASHRATE,369831573.2522498
2023-07-26,BTC_HASHRATE,380796719.35454816
2023-07-27,BTC_HASHRATE,358973120.0187306
2023-07-28,BTC_HASHRATE,364175629.4388057
2023-07-29,BTC_HASHRATE,343365595.50431174
2023-07-30,BTC_HASHRATE,437010757.5740507
2023-07-31,BTC_HASHRATE,366776886.02174646
2023-08-01,BTC_HASHRATE,361574376.60167134
2023-08-02,BTC_HASHRATE,400593191.63352495
2023-08-03,BTC_HASHRATE,392789429.3763156
2023-08-04,BTC_HASHRATE,314751795.5668019
2023-08-05,BTC_HASHRATE,400593191.63352495
2023-08-06,BTC_HASHRATE,426605738.7339005
2023-08-07,BTC_HASHRATE,379783157.69903105
2023-08-08,BTC_HASHRATE,325156814.4069521
2023-08-09,BTC_HASHRATE,421665740.3548995
2023-08-10,BTC_HASHRATE,330756211.7722732
2023-08-11,BTC_HASHRATE,393261324.22346073
2023-08-12,BTC_HASHRATE,434931397.9408168
2023-08-13,BTC_HASHRATE,351591250.5061046
2023-08-14,BTC_HASHRATE,445348917.30773246
2023-08-15,BTC_HASHRATE,445348917.30773246
2023-08-16,BTC_HASHRATE,424513878.5739012
2023-08-17,BTC_HASHRATE,406283221.55695206
2023-08-18,BTC_HASHRATE,362008769.87302023
2023-08-19,BTC_HASHRATE,364613147.83959574
2023-08-20,BTC_HASHRATE,421909500.6073254
2023-08-21,BTC_HASHRATE,429722638.2573587
2023-08-22,BTC_HASHRATE,381739775.6965673
2023-08-23,BTC_HASHRATE,392623891.4787873
2023-08-24,BTC_HASHRATE,384329021.8498854
2023-08-25,BTC_HASHRATE,373269193.02365756
2023-08-26,BTC_HASHRATE,378799107.4367715
2023-08-27,BTC_HASHRATE,320735012.07138187
2023-08-28,BTC_HASHRATE,326264922.50295776
2023-08-29,BTC_HASHRATE,436863202.802161
2023-08-30,BTC_HASHRATE,348384580.15541375
2023-08-31,BTC_HASHRATE,398153805.8919015
2023-09-01,BTC_HASHRATE,417508504.3470314
2023-09-02,BTC_HASHRATE,420273463.54435736
2023-09-03,BTC_HASHRATE,436863202.802161
2023-09-04,BTC_HASHRATE,411978589.9339173
2023-09-05,BTC_HASHRATE,342854665.7422998
2023-09-06,BTC_HASHRATE,364053703.2546237
2023-09-07,BTC_HASHRATE,393005454.37046444
2023-09-08,BTC_HASHRATE,358011817.1993768
2023-09-09,BTC_HASHRATE,406464544.39743114
2023-09-10,BTC_HASHRATE,395697270.82537055
2023-09-11,BTC_HASHRATE,427999091.5415521
2023-09-12,BTC_HASHRATE,379546364.34349793
2023-09-13,BTC_HASHRATE,395697270.82537055
2023-09-14,BTC_HASHRATE,436074544.78248835
2023-09-15,BTC_HASHRATE,506061819.1246641
2023-09-16,BTC_HASHRATE,417231817.96949166
2023-09-17,BTC_HASHRATE,401080907.61140066
2023-09-18,BTC_HASHRATE,419923634.42439777
2023-09-19,BTC_HASHRATE,386415687.7514349
2023-09-20,BTC_HASHRATE,414558854.2037333
2023-09-21,BTC_HASHRATE,391843298.7563836
2023-09-22,BTC_HASHRATE,366288300.9225151
2023-09-23,BTC_HASHRATE,442953294.42412055
2023-09-24,BTC_HASHRATE,414558854.2037333
2023-09-25,BTC_HASHRATE,411719407.7284147
2023-09-26,BTC_HASHRATE,386164409.89454615
2023-09-27,BTC_HASHRATE,445792740.89943904
2023-09-28,BTC_HASHRATE,414558854.2037333
2023-09-29,BTC_HASHRATE,417398296.5902522
2023-09-30,BTC_HASHRATE,391843298.7563836
2023-10-01,BTC_HASHRATE,400361634.0935394
2023-10-02,BTC_HASHRATE,445792740.89943904
2023-10-03,BTC_HASHRATE,466801496.99817723
2023-10-04,BTC_HASHRATE,373280258.5727725
2023-10-05,BTC_HASHRATE,401774937.14888096
2023-10-06,BTC_HASHRATE,455914820.2886373
2023-10-07,BTC_HASHRATE,487258964.67073995
2023-10-08,BTC_HASHRATE,421721210.1005404
2023-10-09,BTC_HASHRATE,444516948.85819376
2023-10-10,BTC_HASHRATE,461613756.00385886
2023-10-11,BTC_HASHRATE,455914820.2886373
2023-10-12,BTC_HASHRATE,470162157.525075
2023-10-13,BTC_HASHRATE,393226531.5244318
2023-10-14,BTC_HASHRATE,416022274.3853186
2023-10-15,BTC_HASHRATE,475861093.24029666
2023-10-16,BTC_HASHRATE,417078811.4760413
2023-10-17,BTC_HASHRATE,491483968.4443416
2023-10-18,BTC_HASHRATE,439908488.3325914
2023-10-19,BTC_HASHRATE,424739231.01810485
2023-10-20,BTC_HASHRATE,406536123.9882192
2023-10-21,BTC_HASHRATE,455077750.01582444
2023-10-22,BTC_HASHRATE,464179303.5307671
2023-10-23,BTC_HASHRATE,476314711.129855
2023-10-24,BTC_HASHRATE,382265308.7900435
2023-10-25,BTC_HASHRATE,436874638.61719245
2023-10-26,BTC_HASHRATE,455077750.01582444
2023-10-27,BTC_HASHRATE,467213153.2461659
2023-10-28,BTC_HASHRATE,485416264.64479774
2023-10-29,BTC_HASHRATE,415637677.5031621
2023-10-30,BTC_HASHRATE,482896145.81756806
2023-10-31,BTC_HASHRATE,481286783.37299436
2023-11-01,BTC_HASHRATE,462656325.7712218
2023-11-02,BTC_HASHRATE,447130946.67206603
2023-11-03,BTC_HASHRATE,422290336.53636914
2023-11-04,BTC_HASHRATE,521652772.60784686
2023-11-05,BTC_HASHRATE,506127389.0373815
2023-11-06,BTC_HASHRATE,394344652.36936533
2023-11-07,BTC_HASHRATE,412975109.97113764
2023-11-08,BTC_HASHRATE,462656325.7712218
2023-11-09,BTC_HASHRATE,444025872.6407588
2023-11-10,BTC_HASHRATE,478181704.87037754
2023-11-11,BTC_HASHRATE,496812162.47215015
2023-11-12,BTC_HASHRATE,506634196.247056
2023-11-13,BTC_HASHRATE,389037995.7448953
2023-11-14,BTC_HASHRATE,443696223.8353266
2023-11-15,BTC_HASHRATE,475848126.7972333
2023-11-16,BTC_HASHRATE,475848126.7972333
2023-11-17,BTC_HASHRATE,482278507.38961494
2023-11-18,BTC_HASHRATE,479063314.7784873
2023-11-19,BTC_HASHRATE,546582308.683555
2023-11-20,BTC_HASHRATE,533721547.49879247
2023-11-21,BTC_HASHRATE,488708887.9819961
2023-11-22,BTC_HASHRATE,456556985.0200894
2023-11-23,BTC_HASHRATE,472632934.18610585
2023-11-24,BTC_HASHRATE,540151928.0911739
2023-11-25,BTC_HASHRATE,511704247.86252
2023-11-26,BTC_HASHRATE,493217212.1025503
2023-11-27,BTC_HASHRATE,439166011.3759895
2023-11-28,BTC_HASHRATE,496595410.0196942
2023-11-29,BTC_HASHRATE,459435208.60806966
2023-11-30,BTC_HASHRATE,452678812.77378166
2023-12-01,BTC_HASHRATE,570915812.8429434
2023-12-02,BTC_HASHRATE,429031407.89534134
2023-12-03,BTC_HASHRATE,557403011.4451509
2023-12-04,BTC_HASHRATE,523621012.8152785
2023-12-05,BTC_HASHRATE,466191609.30696565
2023-12-06,BTC_HASHRATE,459435208.60806966
2023-12-07,BTC_HASHRATE,388493008.56657284
2023-12-08,BTC_HASHRATE,456057010.6909257
2023-12-09,BTC_HASHRATE,530377413.5141745
2023-12-10,BTC_HASHRATE,469156589.9817664
2023-12-11,BTC_HASHRATE,528635574.13248897
2023-12-12,BTC_HASHRATE,481794448.2864091
2023-12-13,BTC_HASHRATE,498523421.1145883
2023-12-14,BTC_HASHRATE,488486038.38126963
2023-12-15,BTC_HASHRATE,545364546.9606683
2023-12-16,BTC_HASHRATE,508560808.66585153
2023-12-17,BTC_HASHRATE,501869218.57099116
2023-12-18,BTC_HASHRATE,562093524.6067922
2023-12-19,BTC_HASHRATE,542018754.3222104
2023-12-20,BTC_HASHRATE,485140240.92486715
2023-12-21,BTC_HASHRATE,488486038.38126963
2023-12-22,BTC_HASHRATE,562093524.6067922
2023-12-23,BTC_HASHRATE,561495983.9886069
2023-12-24,BTC_HASHRATE,612085087.5512701
2023-12-25,BTC_HASHRATE,497542850.0906069
2023-12-26,BTC_HASHRATE,497542850.0906069
2023-12-27,BTC_HASHRATE,461748397.6626493
2023-12-28,BTC_HASHRATE,433112840.8746838
2023-12-29,BTC_HASHRATE,540496187.8497556
2023-12-30,BTC_HASHRATE,519019516.39298064
2023-12-31,BTC_HASHRATE,558393411.4865341
2024-01-01,BTC_HASHRATE,554813968.8209385
2024-01-02,BTC_HASHRATE,468907288.14824057
2024-01-03,BTC_HASHRATE,565552301.9721253
2024-01-04,BTC_HASHRATE,608505644.8856747
2024-01-05,BTC_HASHRATE,493963402.27061063
2024-01-06,BTC_HASHRATE,509355148.2310428
2024-01-07,BTC_HASHRATE,429363545.32436734
2024-01-08,BTC_HASHRATE,447556920.06294996
2024-01-09,BTC_HASHRATE,553078470.4920906
2024-01-10,BTC_HASHRATE,483943659.0607341
2024-01-11,BTC_HASHRATE,629490625.5312514
2024-01-12,BTC_HASHRATE,611297256.0323595
2024-01-13,BTC_HASHRATE,578549188.8384777
2024-01-14,BTC_HASHRATE,465750289.5618417
2024-01-15,BTC_HASHRATE,414808852.8690681
2024-01-16,BTC_HASHRATE,454834268.91044486
2024-01-17,BTC_HASHRATE,440279571.21545494
2024-01-18,BTC_HASHRATE,516691726.2546158
2024-01-19,BTC_HASHRATE,480304987.25683194
2024-01-20,BTC_HASHRATE,512668948.5237081
2024-01-21,BTC_HASHRATE,489551346.6445662
2024-01-22,BTC_HASHRATE,559487254.0274161
2024-01-23,BTC_HASHRATE,538506480.3019457
2024-01-24,BTC_HASHRATE,524519302.8536836
2024-01-25,BTC_HASHRATE,632919954.5134857
2024-01-26,BTC_HASHRATE,531512894.0955075
2024-01-27,BTC_HASHRATE,597952003.3397534
2024-01-28,BTC_HASHRATE,559487254.0274161
2024-01-29,BTC_HASHRATE,545500071.543769
2024-01-30,BTC_HASHRATE,503538529.12821335
2024-01-31,BTC_HASHRATE,458080188.57405263
2024-02-01,BTC_HASHRATE,535009687.19872653
2024-02-02,BTC_HASHRATE,677399664.6757449
2024-02-03,BTC_HASHRATE,566738184.027974
2024-02-04,BTC_HASHRATE,581751117.2721474
2024-02-05,BTC_HASHRATE,585504347.8808627
2024-02-06,BTC_HASHRATE,638049614.2354697
2024-02-07,BTC_HASHRATE,600517281.1250364
2024-02-08,BTC_HASHRATE,517946153.68673813
2024-02-09,BTC_HASHRATE,623036680.9912964
2024-02-10,BTC_HASHRATE,570491420.0413452
2024-02-11,BTC_HASHRATE,514192923.07802224
2024-02-12,BTC_HASHRATE,671828711.332532
2024-02-13,BTC_HASHRATE,506686456.45593613
2024-02-14,BTC_HASHRATE,521699389.70010895
2024-02-15,BTC_HASHRATE,606890743.6292627
2024-02-16,BTC_HASHRATE,544386619.0220115
2024-02-17,BTC_HASHRATE,609388005.407455
2024-02-18,BTC_HASHRATE,491572990.7556745
2024-02-19,BTC_HASHRATE,552511787.201333
2024-02-20,BTC_HASHRATE,572824725.2000104
2024-02-21,BTC_HASHRATE,560636961.230779
2024-02-22,BTC_HASHRATE,548449203.1116723
2024-02-23,BTC_HASHRATE,645951285.6148999
2024-02-24,BTC_HASHRATE,556574377.1411184
2024-02-25,BTC_HASHRATE,666264217.7634526
2024-02-26,BTC_HASHRATE,540324029.0822262
2024-02-27,BTC_HASHRATE,524073681.023334
2024-02-28,BTC_HASHRATE,605325415.4676698
2024-02-29,BTC_HASHRATE,540324029.0822262
2024-03-01,BTC_HASHRATE,607463923.1349982
2024-03-02,BTC_HASHRATE,500960507.59728914
2024-03-03,BTC_HASHRATE,611408497.2364957
2024-03-04,BTC_HASHRATE,508849650.1201027
2024-03-05,BTC_HASHRATE,658743346.6931943
2024-03-06,BTC_HASHRATE,552239931.1554859
2024-03-07,BTC_HASHRATE,710022770.2513909
2024-03-08,BTC_HASHRATE,607463923.1349982
2024-03-09,BTC_HASHRATE,642965061.6475673
2024-03-10,BTC_HASHRATE,564073647.779797
2024-03-11,BTC_HASHRATE,670577063.3175054
2024-03-12,BTC_HASHRATE,556184505.2569835
2024-03-13,BTC_HASHRATE,631131350.7034385
2024-03-14,BTC_HASHRATE,580862770.2919041
2024-03-15,BTC_HASHRATE,529980319.0136907
2024-03-16,BTC_HASHRATE,600922569.4689918
2024-03-17,BTC_HASHRATE,609268716.9348642
2024-03-18,BTC_HASHRATE,600922569.4689918
2024-03-19,BTC_HASHRATE,655172524.9925481
2024-03-20,BTC_HASHRATE,621787935.1290593
2024-03-21,BTC_HASHRATE,500768805.88775134
2024-03-22,BTC_HASHRATE,563364908.87718
2024-03-23,BTC_HASHRATE,650999448.2549995
2024-03-24,BTC_HASHRATE,709422480.5161048
2024-03-25,BTC_HASHRATE,550845690.6829846
2024-03-26,BTC_HASHRATE,559191838.1488569
2024-03-27,BTC_HASHRATE,567537979.6055028
2024-03-28,BTC_HASHRATE,630471212.2216165
2024-03-29,BTC_HASHRATE,595046224.9834745
2024-03-30,BTC_HASHRATE,640501145.6086521
2024-03-31,BTC_HASHRATE,566120367.4857184
2024-04-01,BTC_HASHRATE,619839819.6746068
2024-04-02,BTC_HASHRATE,611575288.1108959
2024-04-03,BTC_HASHRATE,586781693.4197638
2024-04-04,BTC_HASHRATE,570252630.2923423
2024-04-05,BTC_HASHRATE,611575288.1108959
2024-04-06,BTC_HASHRATE,640501145.6086521
2024-04-07,BTC_HASHRATE,702485129.3612522
2024-04-08,BTC_HASHRATE,652897939.9789867
2024-04-09,BTC_HASHRATE,603310756.5471851
2024-04-10,BTC_HASHRATE,627214744.5940204
2024-04-11,BTC_HASHRATE,566860611.596584
2024-04-12,BTC_HASHRATE,584038201.0151991
2024-04-13,BTC_HASHRATE,704281364.0491089
2024-04-14,BTC_HASHRATE,674220574.8366152
2024-04-15,BTC_HASHRATE,605510198.6103525
2024-04-16,BTC_HASHRATE,708575759.8577791
2024-04-17,BTC_HASHRATE,588332603.0078033
2024-04-18,BTC_HASHRATE,622687788.0289677
2024-04-19,BTC_HASHRATE,648454181.4327911
2024-04-20,BTC_HASHRATE,558271813.7953094
2024-04-21,BTC_HASHRATE,601215796.6177481
2024-04-22,BTC_HASHRATE,652748583.4253957
2024-04-23,BTC_HASHRATE,721458959.6516584
2024-04-24,BTC_HASHRATE,672198686.5397469
2024-04-25,BTC_HASHRATE,626294685.5332321
2024-04-26,BTC_HASHRATE,582497851.0693291
2024-04-27,BTC_HASHRATE,613155632.0406892
2024-04-28,BTC_HASHRATE,613155632.0406892
2024-04-29,BTC_HASHRATE,573738484.1765486
2024-04-30,BTC_HASHRATE,617535318.6404513
2024-05-01,BTC_HASHRATE,578118170.7763106
2024-05-02,BTC_HASHRATE,635054046.119269
2024-05-03,BTC_HASHRATE,564979117.283768
2024-05-04,BTC_HASHRATE,617535318.6404513
2024-05-05,BTC_HASHRATE,608775951.7476707
2024-05-06,BTC_HASHRATE,534321336.3124079
2024-05-07,BTC_HASHRATE,534321336.3124079
2024-05-08,BTC_HASHRATE,556219750.3909878
2024-05-09,BTC_HASHRATE,612635655.6510731
2024-05-10,BTC_HASHRATE,599332434.9336824
2024-05-11,BTC_HASHRATE,657199019.7430515
2024-05-12,BTC_HASHRATE,545599186.5386835
2024-05-13,BTC_HASHRATE,607599089.9064492
2024-05-14,BTC_HASHRATE,562132490.5322266
2024-05-15,BTC_HASHRATE,582799130.9401397
2024-05-16,BTC_HASHRATE,586932455.4505275
2024-05-17,BTC_HASHRATE,640665709.7975173
2024-05-18,BTC_HASHRATE,529065876.5931495
2024-05-19,BTC_HASHRATE,636532379.3351383
2024-05-20,BTC_HASHRATE,644799034.3079054
2024-05-21,BTC_HASHRATE,570399145.5049936
2024-05-22,BTC_HASHRATE,632399054.8247503
2024-05-23,BTC_HASHRATE,706501036.6485611
2024-05-24,BTC_HASHRATE,671140034.0912752
2024-05-25,BTC_HASHRATE,671140034.0912752
2024-05-26,BTC_HASHRATE,704697038.5139563
2024-05-27,BTC_HASHRATE,515938903.73702675
2024-05-28,BTC_HASHRATE,562079781.7980828
2024-05-29,BTC_HASHRATE,574663655.4364581
2024-05-30,BTC_HASHRATE,515938903.73702675
2024-05-31,BTC_HASHRATE,620804533.4975138
2024-06-01,BTC_HASHRATE,591442157.6477987
2024-06-02,BTC_HASHRATE,587247529.0748334
2024-06-03,BTC_HASHRATE,658556160.4529
2024-06-04,BTC_HASHRATE,562079781.7980828
2024-06-05,BTC_HASHRATE,515938903.73702675
2024-06-06,BTC_HASHRATE,554745618.7245224
2024-06-07,BTC_HASHRATE,590944002.2950455
2024-06-08,BTC_HASHRATE,715791324.8666921
2024-06-09,BTC_HASHRATE,636721355.302939
2024-06-10,BTC_HASHRATE,578459271.8356825
2024-06-11,BTC_HASHRATE,511874032.7312929
2024-06-12,BTC_HASHRATE,607590313.5693108
2024-06-13,BTC_HASHRATE,603428732.7544088
2024-06-14,BTC_HASHRATE,532681918.8277886
2024-06-15,BTC_HASHRATE,557651385.7391866
2024-06-16,BTC_HASHRATE,678337127.495931
2024-06-17,BTC_HASHRATE,582620846.6579127
2024-06-18,BTC_HASHRATE,632559780.4807087
2024-06-19,BTC_HASHRATE,570136116.1985496
2024-06-20,BTC_HASHRATE,553312848.2609437
2024-06-21,BTC_HASHRATE,582332777.6713908
2024-06-22,BTC_HASHRATE,632247019.864739
2024-06-23,BTC_HASHRATE,465866224.53299636
2024-06-24,BTC_HASHRATE,632247019.864739
2024-06-25,BTC_HASHRATE,515780460.7366357
2024-06-26,BTC_HASHRATE,503301903.18315274
2024-06-27,BTC_HASHRATE,540737581.8333095
2024-06-28,BTC_HASHRATE,561535179.75235
2024-06-29,BTC_HASHRATE,653044617.78378
2024-06-30,BTC_HASHRATE,503301903.18315274
2024-07-01,BTC_HASHRATE,586492300.849024
2024-07-02,BTC_HASHRATE,615608939.1336231
2024-07-03,BTC_HASHRATE,603130375.590432
2024-07-04,BTC_HASHRATE,582332777.6713908
2024-07-05,BTC_HASHRATE,480652547.1920644
2024-07-06,BTC_HASHRATE,652035051.0748852
2024-07-07,BTC_HASHRATE,557193592.6181127
2024-07-08,BTC_HASHRATE,628324689.305936
2024-07-09,BTC_HASHRATE,608566046.9111615
2024-07-10,BTC_HASHRATE,537434950.2233378
2024-07-11,BTC_HASHRATE,553241861.8629625
2024-07-12,BTC_HASHRATE,592759140.9620242
2024-07-13,BTC_HASHRATE,608566046.9111615
2024-07-14,BTC_HASHRATE,659938506.8946975
2024-07-15,BTC_HASHRATE,604614321.8464987
2024-07-16,BTC_HASHRATE,580903954.3870621
2024-07-17,BTC_HASHRATE,628324689.305936
2024-07-18,BTC_HASHRATE,515736551.8693225
2024-07-19,BTC_HASHRATE,599556359.565823
2024-07-20,BTC_HASHRATE,672971424.2421772
2024-07-21,BTC_HASHRATE,689285884.3643017
2024-07-22,BTC_HASHRATE,730072034.6696123
2024-07-23,BTC_HASHRATE,689285884.3643017
2024-07-24,BTC_HASHRATE,571006057.2887082
2024-07-25,BTC_HASHRATE,664814194.1811152
2024-07-26,BTC_HASHRATE,652578352.0261242
2024-07-27,BTC_HASHRATE,628106661.8429382
2024-07-28,BTC_HASHRATE,603634977.5329568
2024-07-29,BTC_HASHRATE,725993416.7024785
2024-07-30,BTC_HASHRATE,611792207.5940192
2024-07-31,BTC_HASHRATE,615358184.0246311
2024-08-01,BTC_HASHRATE,630987878.5179505
2024-08-02,BTC_HASHRATE,563382038.5632738
2024-08-03,BTC_HASHRATE,608452598.5330584
2024-08-04,BTC_HASHRATE,644509051.7010152
2024-08-05,BTC_HASHRATE,703100778.3637029
2024-08-06,BTC_HASHRATE,630987878.5179505
2024-08-07,BTC_HASHRATE,549860865.3802098
2024-08-08,BTC_HASHRATE,581410258.6570911
2024-08-09,BTC_HASHRATE,585917318.548166
2024-08-10,BTC_HASHRATE,581410258.6570911
2024-08-11,BTC_HASHRATE,725636064.838756
2024-08-12,BTC_HASHRATE,617466711.8250474
2024-08-13,BTC_HASHRATE,671551385.0868212
2024-08-14,BTC_HASHRATE,593799520.5910221
2024-08-15,BTC_HASHRATE,690944705.1107429
2024-08-16,BTC_HASHRATE,613213425.7080535
2024-08-17,BTC_HASHRATE,643442255.8959324
2024-08-18,BTC_HASHRATE,673671086.0838116
2024-08-19,BTC_HASHRATE,561392574.8457608
2024-08-20,BTC_HASHRATE,647760663.761917
2024-08-21,BTC_HASHRATE,634805446.382467
2024-08-22,BTC_HASHRATE,690944705.1107429
2024-08-23,BTC_HASHRATE,708218324.1376748
2024-08-24,BTC_HASHRATE,660715874.9228641
2024-08-25,BTC_HASHRATE,574347786.0067083
2024-08-26,BTC_HASHRATE,578666193.8726927
2024-08-27,BTC_HASHRATE,613213425.7080535
2024-08-28,BTC_HASHRATE,704440301.0132378
2024-08-29,BTC_HASHRATE,587091198.7311841
2024-08-30,BTC_HASHRATE,631567801.6874317
2024-08-31,BTC_HASHRATE,653806103.1655554
2024-09-01,BTC_HASHRATE,631567801.6874317
2024-09-02,BTC_HASHRATE,742759315.4826822
2024-09-03,BTC_HASHRATE,662701425.0377314
2024-09-04,BTC_HASHRATE,671596746.9099072
2024-09-05,BTC_HASHRATE,689387390.6542592
2024-09-06,BTC_HASHRATE,644910781.2933799
2024-09-07,BTC_HASHRATE,702730370.2602067
2024-09-08,BTC_HASHRATE,742759315.4826822
2024-09-09,BTC_HASHRATE,644910781.2933799
2024-09-10,BTC_HASHRATE,609329500.2093079
2024-09-11,BTC_HASHRATE,496254188.9565945
2024-09-12,BTC_HASHRATE,700222817.5061858
2024-09-13,BTC_HASHRATE,566627674.5179347
2024-09-14,BTC_HASHRATE,640335338.4711614
2024-09-15,BTC_HASHRATE,695616084.7776583
2024-09-16,BTC_HASHRATE,575841133.3412995
2024-09-17,BTC_HASHRATE,691009358.682821
2024-09-18,BTC_HASHRATE,635728605.742634
2024-09-19,BTC_HASHRATE,562020941.7894075
2024-09-20,BTC_HASHRATE,667975708.3075651
2024-09-21,BTC_HASHRATE,621908420.8244324
2024-09-22,BTC_HASHRATE,626515146.9192693
2024-09-23,BTC_HASHRATE,672582441.0360923
2024-09-24,BTC_HASHRATE,667975708.3075651
2024-09-25,BTC_HASHRATE,655944699.4434929
2024-09-26,BTC_HASHRATE,571298869.5864016
2024-09-27,BTC_HASHRATE,602061115.6314255
2024-09-28,BTC_HASHRATE,566904259.3924077
2024-09-29,BTC_HASHRATE,681164035.8409814
2024-09-30,BTC_HASHRATE,602061115.6314255
2024-10-01,BTC_HASHRATE,689953249.9007357
2024-10-02,BTC_HASHRATE,681164035.8409814
2024-10-03,BTC_HASHRATE,694347853.7664961
2024-10-04,BTC_HASHRATE,742688527.9310286
2024-10-05,BTC_HASHRATE,663585607.7214727
2024-10-06,BTC_HASHRATE,667980217.9154668
2024-10-07,BTC_HASHRATE,681164035.8409814
2024-10-08,BTC_HASHRATE,733899313.8712739
2024-10-09,BTC_HASHRATE,575872986.8706374
2024-10-10,BTC_HASHRATE,709250576.1991407
2024-10-11,BTC_HASHRATE,640613421.5382024
2024-10-12,BTC_HASHRATE,654340856.4238901
2024-10-13,BTC_HASHRATE,631461800.4774663
2024-10-14,BTC_HASHRATE,636037614.3024176
2024-10-15,BTC_HASHRATE,713826383.4349258
2024-10-16,BTC_HASHRATE,645189235.3631538
2024-10-17,BTC_HASHRATE,718402197.2598771
2024-10-18,BTC_HASHRATE,622310179.4167303
2024-10-19,BTC_HASHRATE,791615159.1566
2024-10-20,BTC_HASHRATE,791615159.1566
2024-10-21,BTC_HASHRATE,782463538.0958638
2024-10-22,BTC_HASHRATE,639026240.6203892
2024-10-23,BTC_HASHRATE,718143297.5144312
2024-10-24,BTC_HASHRATE,699119632.4620646
2024-10-25,BTC_HASHRATE,727655130.0406146
2024-10-26,BTC_HASHRATE,694363719.6232324
2024-10-27,BTC_HASHRATE,765702460.1453483
2024-10-28,BTC_HASHRATE,798993870.5627301
2024-10-29,BTC_HASHRATE,746678795.0929816
2024-10-30,BTC_HASHRATE,803749783.4015629
2024-10-31,BTC_HASHRATE,751434707.9318137
2024-11-01,BTC_HASHRATE,727655130.0406146
2024-11-02,BTC_HASHRATE,670584141.7320336
2024-11-03,BTC_HASHRATE,627780898.7884679
2024-11-04,BTC_HASHRATE,722003987.1010514
2024-11-05,BTC_HASHRATE,702351990.309251
2024-11-06,BTC_HASHRATE,773092476.7620562
2024-11-07,BTC_HASHRATE,788251150.3516103
2024-11-08,BTC_HASHRATE,717510663.8988054
2024-11-09,BTC_HASHRATE,702351990.309251
2024-11-10,BTC_HASHRATE,747828018.3540778
2024-11-11,BTC_HASHRATE,687193309.4435321
2024-11-12,BTC_HASHRATE,737722233.5356534
2024-11-13,BTC_HASHRATE,697299094.2619568
2024-11-14,BTC_HASHRATE,641717281.3987054
2024-11-15,BTC_HASHRATE,757933803.1725022
2024-11-16,BTC_HASHRATE,793304046.3989046
2024-11-17,BTC_HASHRATE,757933803.1725022
2024-11-18,BTC_HASHRATE,789337179.1728685
2024-11-19,BTC_HASHRATE,889845956.7430438
2024-11-20,BTC_HASHRATE,747470599.8566328
2024-11-21,BTC_HASHRATE,732216100.2096523
2024-11-22,BTC_HASHRATE,727131269.4347123
2024-11-23,BTC_HASHRATE,701707093.59353
2024-11-24,BTC_HASHRATE,681367763.1716089
2024-11-25,BTC_HASHRATE,859336950.1269214
2024-11-26,BTC_HASHRATE,706791931.6906308
2024-11-27,BTC_HASHRATE,676282925.0745084
2024-11-28,BTC_HASHRATE,722046431.3376116
2024-11-29,BTC_HASHRATE,615264919.1644243
2024-11-30,BTC_HASHRATE,833912781.6078998
2024-12-01,BTC_HASHRATE,803403774.991777
2024-12-02,BTC_HASHRATE,649987948.1056836
2024-12-03,BTC_HASHRATE,811042072.2804599
2024-12-04,BTC_HASHRATE,759383337.5345526
2024-12-05,BTC_HASHRATE,800710325.3312782
2024-12-06,BTC_HASHRATE,702558733.033483
2024-12-07,BTC_HASHRATE,733553973.8810272
2024-12-08,BTC_HASHRATE,754217467.7793905
2024-12-09,BTC_HASHRATE,862700799.5875098
2024-12-10,BTC_HASHRATE,795544448.1372586
2024-12-11,BTC_HASHRATE,733553973.8810272
2024-12-12,BTC_HASHRATE,764549214.7285719
2024-12-13,BTC_HASHRATE,878198423.7307109
2024-12-14,BTC_HASHRATE,821373819.2296413
2024-12-15,BTC_HASHRATE,707724610.2275023
2024-12-16,BTC_HASHRATE,797498864.7082182
2024-12-17,BTC_HASHRATE,733677846.6894215
2024-12-18,BTC_HASHRATE,776835370.7386128
2024-12-19,BTC_HASHRATE,782230057.3605847
2024-12-20,BTC_HASHRATE,814598200.3974782
2024-12-21,BTC_HASHRATE,782230057.3605847
2024-12-22,BTC_HASHRATE,836176962.4220737
2024-12-23,BTC_HASHRATE,749861922.0920453
2024-12-24,BTC_HASHRATE,712099092.4331796
2024-12-25,BTC_HASHRATE,814598200.3974782
2024-12-26,BTC_HASHRATE,706704398.0428536
2024-12-27,BTC_HASHRATE,852361030.0563437
2024-12-28,BTC_HASHRATE,771440684.116641
2024-12-29,BTC_HASHRATE,853362734.1174875
2024-12-30,BTC_HASHRATE,867710158.6044941
2024-12-31,BTC_HASHRATE,703991256.0098307
2025-01-01,BTC_HASHRATE,764021519.2467397
2025-01-02,BTC_HASHRATE,911368526.8668324
2025-01-03,BTC_HASHRATE,774936113.2769507
2025-01-04,BTC_HASHRATE,813137188.4534374
2025-01-05,BTC_HASHRATE,851338263.6299233
2025-01-06,BTC_HASHRATE,725820444.0702536
2025-01-07,BTC_HASHRATE,731277745.0146126
2025-01-08,BTC_HASHRATE,682162075.8079147
2025-01-09,BTC_HASHRATE,829509083.4280077
2025-01-10,BTC_HASHRATE,774936113.2769507
2025-01-11,BTC_HASHRATE,753106925.2165279
2025-01-12,BTC_HASHRATE,939920313.6991911
2025-01-13,BTC_HASHRATE,702796045.2561849
2025-01-14,BTC_HASHRATE,845551487.3779286
2025-01-15,BTC_HASHRATE,763192581.1983879
2025-01-16,BTC_HASHRATE,702796045.2561849
2025-01-17,BTC_HASHRATE,823589117.1405908
2025-01-18,BTC_HASHRATE,713777234.3280816
2025-01-19,BTC_HASHRATE,823589117.1405908
2025-01-20,BTC_HASHRATE,834570306.212487
2025-01-21,BTC_HASHRATE,730249013.9826987
2025-01-22,BTC_HASHRATE,823589117.1405908
2025-01-23,BTC_HASHRATE,746720793.6373155
2025-01-24,BTC_HASHRATE,768683171.7811083
2025-01-25,BTC_HASHRATE,702796045.2561849
2025-01-26,BTC_HASHRATE,752211392.1264912
2025-01-27,BTC_HASHRATE,841019046.864122
2025-01-28,BTC_HASHRATE,795344640.9204766
2025-01-29,BTC_HASHRATE,832962291.9147369
2025-01-30,BTC_HASHRATE,779222784.9668732
2025-01-31,BTC_HASHRATE,671743786.5481229
2025-02-01,BTC_HASHRATE,988806850.4558094
2025-02-02,BTC_HASHRATE,918945495.2928306
2025-02-03,BTC_HASHRATE,822214390.5251646
2025-02-04,BTC_HASHRATE,703987482.9783525
2025-02-05,BTC_HASHRATE,773848838.1413314
2025-02-06,BTC_HASHRATE,779222784.9668732
2025-02-07,BTC_HASHRATE,929693396.6824037
2025-02-08,BTC_HASHRATE,859832041.5194247
2025-02-09,BTC_HASHRATE,796800432.702752
2025-02-10,BTC_HASHRATE,788864729.4327155
2025-02-11,BTC_HASHRATE,703735439.5557054
2025-02-12,BTC_HASHRATE,754813011.8474294
2025-02-13,BTC_HASHRATE,896695156.1941723
2025-02-14,BTC_HASHRATE,862643446.7812966
2025-02-15,BTC_HASHRATE,908045728.7226008
2025-02-16,BTC_HASHRATE,856968156.4308767
2025-02-17,BTC_HASHRATE,777514156.9042866
2025-02-18,BTC_HASHRATE,794540011.6107246
2025-02-19,BTC_HASHRATE,715086012.0841342
2025-02-20,BTC_HASHRATE,737787157.1409919
2025-02-21,BTC_HASHRATE,732111866.7905716
2025-02-22,BTC_HASHRATE,788864729.4327155
2025-02-23,BTC_HASHRATE,727639381.1365429
2025-02-24,BTC_HASHRATE,714530231.5962583
2025-02-25,BTC_HASHRATE,807968795.71635
2025-02-26,BTC_HASHRATE,862932663.9471065
2025-02-27,BTC_HASHRATE,824457960.1429751
2025-02-28,BTC_HASHRATE,857436273.1666325
2025-03-01,BTC_HASHRATE,791479639.2045211
2025-03-02,BTC_HASHRATE,692544684.3039559
2025-03-03,BTC_HASHRATE,824457960.1429751
2025-03-04,BTC_HASHRATE,802472412.8506727
2025-03-05,BTC_HASHRATE,736515778.8885608
2025-03-06,BTC_HASHRATE,934385688.6896907
2025-03-07,BTC_HASHRATE,780486865.5583696
2025-03-08,BTC_HASHRATE,753004935.4003897
2025-03-09,BTC_HASHRATE,878405393.0064901
2025-03-10,BTC_HASHRATE,858547238.620269
2025-03-11,BTC_HASHRATE,769347526.0381612
2025-03-12,BTC_HASHRATE,852972260.0961257
2025-03-13,BTC_HASHRATE,886422155.3249065
2025-03-14,BTC_HASHRATE,791647456.1906815
2025-03-15,BTC_HASHRATE,735897638.8373553
2025-03-16,BTC_HASHRATE,808372399.791085
2025-03-17,BTC_HASHRATE,780497491.1144221
2025-03-18,BTC_HASHRATE,791647456.1906815
2025-03-19,BTC_HASHRATE,847397281.5719829
2025-03-20,BTC_HASHRATE,791647456.1906815
2025-03-21,BTC_HASHRATE,808372399.791085
2025-03-22,BTC_HASHRATE,836247316.4957227
2025-03-23,BTC_HASHRATE,876971228.9099865
2025-03-24,BTC_HASHRATE,870857127.4297615
2025-03-25,BTC_HASHRATE,842582547.062422
2025-03-26,BTC_HASHRATE,859547301.7972896
2025-03-27,BTC_HASHRATE,836927634.2461863
2025-03-28,BTC_HASHRATE,870857127.4297615
2025-03-29,BTC_HASHRATE,797343220.1032951
2025-03-30,BTC_HASHRATE,774723552.552192
2025-03-31,BTC_HASHRATE,836927634.2461863
2025-04-01,BTC_HASHRATE,763413718.7766402
2025-04-02,BTC_HASHRATE,972645623.266647
2025-04-03,BTC_HASHRATE,859547301.7972896
2025-04-04,BTC_HASHRATE,1017884958.3688533
2025-04-05,BTC_HASHRATE,950907688.4520773
2025-04-06,BTC_HASHRATE,875826844.1440291
2025-04-07,BTC_HASHRATE,875826844.1440291
2025-04-08,BTC_HASHRATE,924148329.2792511
2025-04-09,BTC_HASHRATE,791264253.8552574
2025-04-10,BTC_HASHRATE,869786662.8510597
2025-04-11,BTC_HASHRATE,893947405.4186703
2025-04-12,BTC_HASHRATE,869786662.8510597
2025-04-13,BTC_HASHRATE,1038911843.4286023
2025-04-14,BTC_HASHRATE,899987586.7116396
2025-04-15,BTC_HASHRATE,869786662.8510597
2025-04-16,BTC_HASHRATE,893947405.4186703
2025-04-17,BTC_HASHRATE,924148329.2792511
2025-04-18,BTC_HASHRATE,821465177.7158374
2025-04-19,BTC_HASHRATE,847825370.5576407
2025-04-20,BTC_HASHRATE,753499805.380222
2025-04-21,BTC_HASHRATE,771877846.4016799
2025-04-22,BTC_HASHRATE,949532272.3473082
2025-04-23,BTC_HASHRATE,698365673.4943879
2025-04-24,BTC_HASHRATE,863768069.151891
2025-04-25,BTC_HASHRATE,882146110.1733488
2025-04-26,BTC_HASHRATE,814759947.9993886
2025-04-27,BTC_HASHRATE,827011978.2875142
2025-04-28,BTC_HASHRATE,863768069.151891
2025-04-29,BTC_HASHRATE,894398140.4614742
2025-04-30,BTC_HASHRATE,808633937.2660565
2025-05-01,BTC_HASHRATE,827011978.2875142
2025-05-02,BTC_HASHRATE,974036332.9235594
2025-05-03,BTC_HASHRATE,998934428.3048716
2025-05-04,BTC_HASHRATE,823060872.610674
2025-05-05,BTC_HASHRATE,1036227716.8248533
2025-05-06,BTC_HASHRATE,817139566.6454616
2025-05-07,BTC_HASHRATE,894116484.5065094
2025-05-08,BTC_HASHRATE,941486898.1215152
2025-05-09,BTC_HASHRATE,828982170.0492132
2025-05-10,BTC_HASHRATE,888195187.0679704
2025-05-11,BTC_HASHRATE,882273881.1027578
2025-05-12,BTC_HASHRATE,858588674.2952547
2025-05-13,BTC_HASHRATE,769769161.5571296
2025-05-14,BTC_HASHRATE,852667376.856716
2025-05-15,BTC_HASHRATE,864509980.2604675
2025-05-16,BTC_HASHRATE,805296963.2417101
2025-05-17,BTC_HASHRATE,853949349.7167878
2025-05-18,BTC_HASHRATE,979723251.2998109
2025-05-19,BTC_HASHRATE,852722091.9971635
2025-05-20,BTC_HASHRATE,895055811.7647127
2025-05-21,BTC_HASHRATE,870865112.2664986
2025-05-22,BTC_HASHRATE,907151161.5138197
2025-05-23,BTC_HASHRATE,937389531.5322617
2025-05-24,BTC_HASHRATE,852722091.9971635
2025-05-25,BTC_HASHRATE,913198832.0340477
2025-05-26,BTC_HASHRATE,925294181.7831548
2025-05-27,BTC_HASHRATE,852722091.9971635
2025-05-28,BTC_HASHRATE,991818601.0489181
2025-05-29,BTC_HASHRATE,961580231.030476
2025-05-30,BTC_HASHRATE,938712777.7441466
2025-05-31,BTC_HASHRATE,1016284108.9276665
2025-06-01,BTC_HASHRATE,839539042.158194
2025-06-02,BTC_HASHRATE,839539042.158194
2025-06-03,BTC_HASHRATE,908974603.1294425
2025-06-04,BTC_HASHRATE,795352777.7382623
2025-06-05,BTC_HASHRATE,845851370.8408964
2025-06-06,BTC_HASHRATE,845851370.8408964
2025-06-07,BTC_HASHRATE,902662283.5364864
2025-06-08,BTC_HASHRATE,965785515.8250328
2025-06-09,BTC_HASHRATE,883725306.5781256
2025-06-10,BTC_HASHRATE,1066782692.9405544
2025-06-11,BTC_HASHRATE,890037635.2608279
2025-06-12,BTC_HASHRATE,934223899.6807597
2025-06-13,BTC_HASHRATE,915286922.7223988
2025-06-14,BTC_HASHRATE,949074580.5847822
2025-06-15,BTC_HASHRATE,854616739.0187659
2025-06-16,BTC_HASHRATE,917456210.4459593
2025-06-17,BTC_HASHRATE,741505699.4987009
2025-06-18,BTC_HASHRATE,879752527.5896434
2025-06-19,BTC_HASHRATE,798061219.2587334
2025-06-20,BTC_HASHRATE,948875941.6351144
2025-06-21,BTC_HASHRATE,886036479.2568041
2025-06-22,BTC_HASHRATE,672382294.5021127
2025-06-23,BTC_HASHRATE,672382294.5021127
2025-06-24,BTC_HASHRATE,735221756.8804231
2025-06-25,BTC_HASHRATE,898604373.5422429
2025-06-26,BTC_HASHRATE,986579624.4914305
2025-06-27,BTC_HASHRATE,722653862.5949843
2025-06-28,BTC_HASHRATE,911172258.7787983
2025-06-29,BTC_HASHRATE,992910582.8334957
2025-06-30,BTC_HASHRATE,843035675.6364995
2025-07-01,BTC_HASHRATE,779081252.2306603
2025-07-02,BTC_HASHRATE,889547992.7013456
2025-07-03,BTC_HASHRATE,877919913.4351343
2025-07-04,BTC_HASHRATE,924432230.4999804
2025-07-05,BTC_HASHRATE,912804151.2337689
2025-07-06,BTC_HASHRATE,930246265.946978
2025-07-07,BTC_HASHRATE,877919913.4351343
2025-07-08,BTC_HASHRATE,825593560.9232903
2025-07-09,BTC_HASHRATE,953502424.4794011
2025-07-10,BTC_HASHRATE,994200697.7250333
2025-07-11,BTC_HASHRATE,872105877.9881365
2025-07-12,BTC_HASHRATE,920455694.5281459
2025-07-13,BTC_HASHRATE,859946007.0619582
2025-07-14,BTC_HASHRATE,910161827.211625
2025-07-15,BTC_HASHRATE,1029424417.014924
2025-07-16,BTC_HASHRATE,822284135.1705718
2025-07-17,BTC_HASHRATE,853669023.8939697
2025-07-18,BTC_HASHRATE,903884853.0824848
2025-07-19,BTC_HASHRATE,891330895.7853558
2025-07-20,BTC_HASHRATE,935269741.8058826
2025-07-21,BTC_HASHRATE,941546724.9738712
2025-07-22,BTC_HASHRATE,941546724.9738712
2025-07-23,BTC_HASHRATE,878776938.4882272
2025-07-24,BTC_HASHRATE,922715784.5087537
2025-07-25,BTC_HASHRATE,1004316502.4206665
2025-07-26,BTC_HASHRATE,970368223.0482397
2025-07-27,BTC_HASHRATE,869131964.3263081
2025-07-28,BTC_HASHRATE,919884190.6853193
2025-07-29,BTC_HASHRATE,710531242.1093704
2025-07-30,BTC_HASHRATE,869131964.3263081
2025-07-31,BTC_HASHRATE,976980451.0488333
2025-08-01,BTC_HASHRATE,957948367.3061293
2025-08-02,BTC_HASHRATE,919884190.6853193
2025-08-03,BTC_HASHRATE,983324485.0533357
2025-08-04,BTC_HASHRATE,1084828946.9067595
2025-08-05,BTC_HASHRATE,875475989.1954092
2025-08-06,BTC_HASHRATE,913540165.8162186
2025-08-07,BTC_HASHRATE,1021388661.6741452
2025-08-08,BTC_HASHRATE,870936594.9483011
2025-08-09,BTC_HASHRATE,746374217.5096608
2025-08-10,BTC_HASHRATE,868625162.1369319
2025-08-11,BTC_HASHRATE,945836284.5717696
2025-08-12,BTC_HASHRATE,881493684.0869607
2025-08-13,BTC_HASHRATE,1003744628.7142318
2025-08-14,BTC_HASHRATE,1042350194.5643184
2025-08-15,BTC_HASHRATE,862190905.794585
2025-08-16,BTC_HASHRATE,978007594.0795091
2025-08-17,BTC_HASHRATE,978007594.0795091
2025-08-18,BTC_HASHRATE,990876106.7642031
2025-08-19,BTC_HASHRATE,862190905.794585
2025-08-20,BTC_HASHRATE,907230727.9870186
2025-08-21,BTC_HASHRATE,958704806.5217984
2025-08-22,BTC_HASHRATE,939651300.6862692
2025-08-23,BTC_HASHRATE,980001773.7404906
2025-08-24,BTC_HASHRATE,1057370331.4047614
2025-08-25,BTC_HASHRATE,909080592.0131475
2025-08-26,BTC_HASHRATE,967107012.5824077
2025-08-27,BTC_HASHRATE,967107012.5824077
2025-08-28,BTC_HASHRATE,1025133433.1516676
2025-08-29,BTC_HASHRATE,1063817707.3416892
2025-08-30,BTC_HASHRATE,1018686047.9305124
2025-08-31,BTC_HASHRATE,851054171.4438878
2025-09-01,BTC_HASHRATE,1038028194.3097504
2025-09-02,BTC_HASHRATE,1050922946.1836064
2025-09-03,BTC_HASHRATE,883291069.6969818
2025-09-04,BTC_HASHRATE,902633206.7919924
2025-09-05,BTC_HASHRATE,959168799.5148376
2025-09-06,BTC_HASHRATE,946761024.1894387
2025-09-07,BTC_HASHRATE,1041437124.66076
2025-09-08,BTC_HASHRATE,1082012600.4648032
2025-09-09,BTC_HASHRATE,1129350650.700464
2025-09-10,BTC_HASHRATE,1149638393.4715424
2025-09-11,BTC_HASHRATE,1014386817.1961776
2025-09-12,BTC_HASHRATE,811509447.9140741
2025-09-13,BTC_HASHRATE,953523608.3591692
2025-09-14,BTC_HASHRATE,1034674550.2291428
2025-09-15,BTC_HASHRATE,1102300333.4977684
2025-09-16,BTC_HASHRATE,1082012600.4648032
2025-09-17,BTC_HASHRATE,865610082.3194653
2025-09-18,BTC_HASHRATE,1089165928.993784
2025-09-19,BTC_HASHRATE,1188749384.1862063
2025-09-20,BTC_HASHRATE,1082611043.2192636
2025-09-21,BTC_HASHRATE,1146294045.7615733
2025-09-22,BTC_HASHRATE,1061383379.1015872
2025-09-23,BTC_HASHRATE,1018928040.676954
2025-09-24,BTC_HASHRATE,1082611043.2192636
2025-09-25,BTC_HASHRATE,997700376.5592778
2025-09-26,BTC_HASHRATE,934017374.016968
2025-09-27,BTC_HASHRATE,1096762822.6941414
2025-09-28,BTC_HASHRATE,1167521709.8792496
2025-09-29,BTC_HASHRATE,990624481.7271986
2025-09-30,BTC_HASHRATE,1139218161.1187747
2025-10-01,BTC_HASHRATE,1079018824.2422624
2025-10-02,BTC_HASHRATE,1019764931.6764336
2025-10-03,BTC_HASHRATE,884796043.0252874
2025-10-04,BTC_HASHRATE,1004768398.0907606
2025-10-05,BTC_HASHRATE,1117242464.7683752
2025-10-06,BTC_HASHRATE,922287409.3820032
2025-10-07,BTC_HASHRATE,1034761476.0596178
2025-10-08,BTC_HASHRATE,1109744197.9755385
2025-10-09,BTC_HASHRATE,899792587.4084717
2025-10-10,BTC_HASHRATE,989771853.7075763
2025-10-11,BTC_HASHRATE,1102245920.385191
2025-10-12,BTC_HASHRATE,1087249376.0020068
2025-10-13,BTC_HASHRATE,1139737286.741907
2025-10-14,BTC_HASHRATE,1267207897.8027055
2025-10-15,BTC_HASHRATE,1079751109.2091703
2025-10-16,BTC_HASHRATE,1123253238.739343
2025-10-17,BTC_HASHRATE,1159633835.7101064
2025-10-18,BTC_HASHRATE,1203393595.9617257
2025-10-19,BTC_HASHRATE,1013767943.6992388
2025-10-20,BTC_HASHRATE,1086700884.4535005
2025-10-21,BTC_HASHRATE,1093994184.8303332
2025-10-22,BTC_HASHRATE,1115874064.956143
2025-10-23,BTC_HASHRATE,1035647823.8250486
2025-10-24,BTC_HASHRATE,1305499727.7209735
2025-10-25,BTC_HASHRATE,1166927125.5845947
2025-10-26,BTC_HASHRATE,1072114294.2021794
2025-10-27,BTC_HASHRATE,1072114294.2021794
2025-10-28,BTC_HASHRATE,1181513715.835916
2025-10-29,BTC_HASHRATE,932047920.01226
2025-10-30,BTC_HASHRATE,1240553836.426268
2025-10-31,BTC_HASHRATE,1085484605.4773614
2025-11-01,BTC_HASHRATE,1069977681.2659724
2025-11-02,BTC_HASHRATE,1201786531.4802876
2025-11-03,BTC_HASHRATE,1100991529.6887505
2025-11-04,BTC_HASHRATE,1015703452.1086028
2025-11-05,BTC_HASHRATE,1069977681.2659724
2025-11-06,BTC_HASHRATE,1085484605.4773614
2025-11-07,BTC_HASHRATE,1100991529.6887505
2025-11-08,BTC_HASHRATE,930415374.5284547
2025-11-09,BTC_HASHRATE,1093238073.165548
2025-11-10,BTC_HASHRATE,1085484605.4773614
2025-11-11,BTC_HASHRATE,1186279607.2688985
2025-11-12,BTC_HASHRATE,1085693709.7267337
2025-11-13,BTC_HASHRATE,1135417896.8857453
2025-11-14,BTC_HASHRATE,1090001177.5223117
2025-11-15,BTC_HASHRATE,1082431729.7450786
2025-11-16,BTC_HASHRATE,1203542970.4808896
2025-11-17,BTC_HASHRATE,938612123.8775448
2025-11-18,BTC_HASHRATE,1006737197.4726892
2025-11-19,BTC_HASHRATE,1037015010.381645
2025-11-20,BTC_HASHRATE,991598291.0182115
2025-11-21,BTC_HASHRATE,1142987344.6629784
2025-11-22,BTC_HASHRATE,1082431729.7450786
2025-11-23,BTC_HASHRATE,1074862271.067834
2025-11-24,BTC_HASHRATE,1082431729.7450786
2025-11-25,BTC_HASHRATE,870487050.2824004
2025-11-26,BTC_HASHRATE,1240799633.4969137
2025-11-27,BTC_HASHRATE,1061317862.9627872
2025-11-28,BTC_HASHRATE,1113270484.2052977
2025-11-29,BTC_HASHRATE,1016787040.1746083
2025-11-30,BTC_HASHRATE,1239441132.7407093
2025-12-01,BTC_HASHRATE,987099824.9824892
2025-12-02,BTC_HASHRATE,942569002.1943104
2025-12-03,BTC_HASHRATE,979678026.5281577
2025-12-04,BTC_HASHRATE,979678026.5281577
2025-12-05,BTC_HASHRATE,883194582.4974686
2025-12-06,BTC_HASHRATE,1209753917.54859
2025-12-07,BTC_HASHRATE,1187488511.498199
2025-12-08,BTC_HASHRATE,1098426876.609238
2025-12-09,BTC_HASHRATE,957412609.7903701
2025-12-10,BTC_HASHRATE,1150379497.8517485
2025-12-11,BTC_HASHRATE,1179627150.3762481
2025-12-12,BTC_HASHRATE,1068190149.6701112
2025-12-13,BTC_HASHRATE,1053456501.7977912
2025-12-14,BTC_HASHRATE,942954068.4977603
2025-12-15,BTC_HASHRATE,987155043.9394194
2025-12-16,BTC_HASHRATE,1082923808.150664
2025-12-17,BTC_HASHRATE,1016622350.2922922
2025-12-18,BTC_HASHRATE,1060823325.7339512
2025-12-19,BTC_HASHRATE,1068190149.6701112
2025-12-20,BTC_HASHRATE,1082923808.150664
2025-12-21,BTC_HASHRATE,1016622350.2922922
2025-12-22,BTC_HASHRATE,1023989184.8366852
2025-12-23,BTC_HASHRATE,1068190149.6701112
2025-12-24,BTC_HASHRATE,1171325759.0339823
2025-12-25,BTC_HASHRATE,1016989504.585422
2025-12-26,BTC_HASHRATE,1149714805.066739
2025-12-27,BTC_HASHRATE,1002315469.4510928
2025-12-28,BTC_HASHRATE,1142344843.061695
2025-12-29,BTC_HASHRATE,1134974870.4438992
2025-12-30,BTC_HASHRATE,877026041.0760822
2025-12-31,BTC_HASHRATE,980205572.8232089
2026-01-01,BTC_HASHRATE,1112864973.8160155
2026-01-02,BTC_HASHRATE,1061275207.942452
2026-01-03,BTC_HASHRATE,1142344843.061695
2026-01-04,BTC_HASHRATE,1068645169.947496
2026-01-05,BTC_HASHRATE,972835610.8181651
2026-01-06,BTC_HASHRATE,958095676.1953251
2026-01-07,BTC_HASHRATE,1083385104.570336
2026-01-08,BTC_HASHRATE,964845793.9226341
2026-01-09,BTC_HASHRATE,1033929117.8333746
2026-01-10,BTC_HASHRATE,1179552938.5755997
2026-01-11,BTC_HASHRATE,888305297.0911494
2026-01-12,BTC_HASHRATE,1033929117.8333746
2026-01-13,BTC_HASHRATE,982960782.1463331
2026-01-14,BTC_HASHRATE,902867680.2138637
2026-01-15,BTC_HASHRATE,1012085548.3917612
2026-01-16,BTC_HASHRATE,946554829.5820056
2026-01-17,BTC_HASHRATE,1084897453.520416
2026-01-18,BTC_HASHRATE,1019366734.7106606
2026-01-19,BTC_HASHRATE,1092178650.3242307
2026-01-20,BTC_HASHRATE,968398399.023619
2026-01-21,BTC_HASHRATE,997523165.2690471
2026-01-22,BTC_HASHRATE,1162718505.7701015
2026-01-23,BTC_HASHRATE,985930372.216906
2026-01-24,BTC_HASHRATE,690151266.636433
2026-01-25,BTC_HASHRATE,760574860.3057843
2026-01-26,BTC_HASHRATE,873252616.2613451
2026-01-27,BTC_HASHRATE,859167895.4992752
2026-01-28,BTC_HASHRATE,774659581.067854
2026-01-29,BTC_HASHRATE,901422057.7854848
2026-01-30,BTC_HASHRATE,922549133.8580905
2026-01-31,BTC_HASHRATE,971845651.4548361
2026-02-01,BTC_HASHRATE,838040819.4266695
2026-02-02,BTC_HASHRATE,830998453.9751356
2026-02-03,BTC_HASHRATE,929591499.3096247
2026-02-04,BTC_HASHRATE,1000015092.9789758
2026-02-05,BTC_HASHRATE,894379692.3339508
