time,symbol,close,high,low,open,volume
2021-02-09,@VX#C,40.34,41.1379,40.0879,40.4879,71579.0
2021-02-10,@VX#C,40.3792,41.7879,40.0379,40.4379,95580.0
2021-02-11,@VX#C,39.3479,40.9879,39.2879,40.3879,86236.0
2021-02-12,@VX#C,37.9973,40.3879,37.9379,39.6379,83230.0
2021-02-16,@VX#C,37.8797,39.1379,37.7879,38.0379,111226.0
2021-02-17,@VX#C,37.3546,38.8046,37.3046,37.8546,119698.0
2021-02-18,@VX#C,37.5563,38.5046,37.2546,37.5046,106783.0
2021-02-19,@VX#C,36.5534,38.3046,36.3046,37.6046,117406.0
2021-02-22,@VX#C,37.6577,38.0546,36.3546,36.5546,107045.0
2021-02-23,@VX#C,36.5026,39.3046,36.4546,37.3046,147783.0
2021-02-24,@VX#C,35.5141,37.7546,35.4546,36.7546,110416.0
2021-02-25,@VX#C,39.9696,40.7546,35.5546,35.7546,209128.0
2021-02-26,@VX#C,38.499,41.1046,37.9046,40.0546,196456.0
2021-03-01,@VX#C,36.3704,38.7546,35.9546,38.5046,113262.0
2021-03-02,@VX#C,36.5196,36.9046,35.9046,36.2546,95795.0
2021-03-03,@VX#C,37.8821,38.0046,35.4046,36.5046,130079.0
2021-03-04,@VX#C,39.2756,41.0046,36.9546,37.9546,165809.0
2021-03-05,@VX#C,36.8053,40.3046,36.6546,39.0546,142788.0
2021-03-08,@VX#C,37.1213,38.4046,36.1046,36.6546,109828.0
2021-03-09,@VX#C,35.7272,37.3046,35.3546,37.1546,94573.0
2021-03-10,@VX#C,35.2594,36.0046,34.8046,35.7046,104199.0
2021-03-11,@VX#C,34.6428,35.4046,34.4046,35.1046,77841.0
2021-03-12,@VX#C,33.7324,35.5546,33.7046,34.7546,89608.0
2021-03-15,@VX#C,31.8552,33.9546,31.8046,33.8046,82108.0
2021-03-16,@VX#C,31.675,32.3546,31.3046,32.2046,85204.0
2021-03-17,@VX#C,30.6305,32.178,30.578,31.628,100529.0
2021-03-18,@VX#C,31.9281,32.178,30.378,30.778,119571.0
2021-03-19,@VX#C,30.943,32.428,30.828,31.778,98565.0
2021-03-22,@VX#C,29.359,31.478,29.178,31.228,86738.0
2021-03-23,@VX#C,30.461,30.928,29.378,29.428,101610.0
2021-03-24,@VX#C,30.6055,30.728,29.478,30.228,95892.0
2021-03-25,@VX#C,29.9336,32.128,29.828,30.528,136596.0
2021-03-26,@VX#C,29.0139,30.528,28.728,29.928,133483.0
2021-03-29,@VX#C,29.6312,30.328,29.078,29.178,109585.0
2021-03-30,@VX#C,28.6601,29.978,28.628,29.528,76406.0
2021-03-31,@VX#C,28.362,28.978,28.028,28.728,89544.0
2021-04-01,@VX#C,27.7104,28.428,27.428,28.328,85570.0
2021-04-05,@VX#C,27.1703,27.528,26.928,27.528,64903.0
2021-04-06,@VX#C,27.189,27.478,26.778,27.128,73609.0
2021-04-07,@VX#C,26.614,27.328,26.478,27.278,73027.0
2021-04-08,@VX#C,26.1167,26.528,25.878,26.528,89696.0
2021-04-09,@VX#C,25.7785,26.428,25.628,26.028,65479.0
2021-04-12,@VX#C,25.6319,26.478,25.578,25.978,75084.0
2021-04-13,@VX#C,25.3061,26.078,25.178,25.678,85452.0
2021-04-14,@VX#C,25.7269,25.928,25.078,25.378,97555.0
2021-04-15,@VX#C,24.7803,25.628,24.728,25.578,67884.0
2021-04-16,@VX#C,24.6299,25.028,24.478,24.778,67869.0
2021-04-19,@VX#C,25.285,26.128,24.728,24.828,93266.0
2021-04-20,@VX#C,26.2806,26.928,25.078,25.328,90513.0
2021-04-21,@VX#C,25.2233,26.7778,25.0778,26.4778,106851.0
2021-04-22,@VX#C,26.3936,26.8778,25.0778,25.4278,142688.0
2021-04-23,@VX#C,25.6596,26.3778,25.1278,26.2778,98966.0
2021-04-26,@VX#C,25.4329,25.7778,25.3278,25.6278,62805.0
2021-04-27,@VX#C,24.9371,25.6778,24.8778,25.4778,78382.0
2021-04-28,@VX#C,24.891,25.2278,24.7278,25.0278,71265.0
2021-04-29,@VX#C,24.7962,25.6278,24.4278,24.8778,86698.0
2021-04-30,@VX#C,25.6658,25.9278,24.8778,24.8778,98510.0
2021-05-03,@VX#C,24.9602,25.7278,24.8778,25.6778,80758.0
2021-05-04,@VX#C,25.7771,27.2278,24.8278,24.9778,139634.0
2021-05-05,@VX#C,25.2062,26.0778,24.7278,25.9778,91013.0
2021-05-06,@VX#C,24.917,26.3278,24.8278,25.3278,92278.0
2021-05-07,@VX#C,23.5195,25.1778,23.4278,25.0278,88812.0
2021-05-10,@VX#C,24.7097,25.1278,23.2278,23.5778,113759.0
2021-05-11,@VX#C,26.4666,27.3278,24.7278,24.9278,189216.0
2021-05-12,@VX#C,31.2003,32.3778,26.4278,26.9278,196274.0
2021-05-13,@VX#C,27.921,32.2278,27.3778,31.4778,135964.0
2021-05-14,@VX#C,24.359,28.1278,24.1278,27.9778,107377.0
2021-05-17,@VX#C,25.1341,26.5778,24.1778,24.4778,88206.0
2021-05-18,@VX#C,26.3716,27.1278,24.0278,24.9278,79787.0
2021-05-19,@VX#C,27.3783,29.6422,26.2922,26.4922,207953.0
2021-05-20,@VX#C,26.0953,27.9922,25.8422,27.6422,104176.0
2021-05-21,@VX#C,25.8375,26.1922,25.3922,26.1922,71397.0
2021-05-24,@VX#C,24.7491,26.2422,24.4922,26.0422,65826.0
2021-05-25,@VX#C,24.6934,25.1422,24.4922,24.8422,67262.0
2021-05-26,@VX#C,23.6154,24.6422,23.5922,24.6422,73506.0
2021-05-27,@VX#C,22.5591,24.0922,22.4922,23.5922,81396.0
2021-05-28,@VX#C,23.1265,23.1922,22.4422,22.5922,77714.0
2021-06-01,@VX#C,23.5473,23.6422,22.4422,22.9422,83140.0
2021-06-02,@VX#C,22.917,23.5922,22.6422,23.3922,64289.0
2021-06-03,@VX#C,23.2787,23.9922,22.9422,22.9922,75480.0
2021-06-04,@VX#C,22.1168,23.6922,21.9422,23.3422,83236.0
2021-06-07,@VX#C,21.6281,22.5422,21.5922,22.1922,53372.0
2021-06-08,@VX#C,21.8934,22.4422,21.4922,21.7422,64345.0
2021-06-09,@VX#C,22.3719,22.4922,21.6422,21.9922,63985.0
2021-06-10,@VX#C,20.8953,22.6422,20.8422,22.3422,79703.0
2021-06-11,@VX#C,20.5427,21.0422,20.0922,20.9922,67007.0
2021-06-14,@VX#C,20.4436,21.0422,20.0422,20.5922,65209.0
2021-06-15,@VX#C,21.0936,21.3922,20.1922,20.6422,72601.0
2021-06-16,@VX#C,21.1521,21.7291,20.3791,20.8791,109962.0
2021-06-17,@VX#C,21.0437,22.0791,20.3791,21.3291,92236.0
2021-06-18,@VX#C,22.8681,23.1791,20.7791,20.9791,159384.0
2021-06-21,@VX#C,21.445,23.7791,21.1291,22.9791,113975.0
2021-06-22,@VX#C,20.3556,21.8791,20.2291,21.6291,95264.0
2021-06-23,@VX#C,19.9704,20.4791,19.7791,20.3291,61946.0
2021-06-24,@VX#C,19.6961,19.9291,19.4291,19.9291,55526.0
2021-06-25,@VX#C,19.2308,19.8291,19.1791,19.6791,51228.0
2021-06-28,@VX#C,19.2504,19.5791,19.0291,19.2291,58554.0
2021-06-29,@VX#C,19.6569,19.7291,19.0791,19.2791,54954.0
2021-06-30,@VX#C,19.4324,19.9291,19.2791,19.5791,69357.0
2021-07-01,@VX#C,19.0026,19.5291,18.9791,19.3791,59366.0
2021-07-02,@VX#C,18.9997,19.1791,18.3791,19.0791,79965.0
2021-07-06,@VX#C,19.5278,20.2291,18.7291,18.9791,94335.0
2021-07-07,@VX#C,19.5776,20.3291,19.2291,19.6791,74187.0
2021-07-08,@VX#C,21.0741,22.0291,19.4291,19.4791,156447.0
2021-07-09,@VX#C,19.3253,21.6291,19.2291,21.2791,104248.0
2021-07-12,@VX#C,18.9004,19.9291,18.7791,19.3791,65228.0
2021-07-13,@VX#C,19.2633,19.4291,18.4791,18.8291,76204.0
2021-07-14,@VX#C,18.5761,19.5791,18.4791,19.2791,78877.0
2021-07-15,@VX#C,19.0391,19.7791,18.6791,18.6791,91530.0
2021-07-16,@VX#C,20.1519,20.2791,18.3291,19.1791,80811.0
2021-07-19,@VX#C,24.2671,26.2791,19.8791,20.0791,141925.0
2021-07-20,@VX#C,21.4852,24.3791,21.2791,23.4791,79034.0
2021-07-21,@VX#C,20.1082,21.85,20.05,21.4,96457.0
2021-07-22,@VX#C,20.5665,20.85,19.9,20.1,82003.0
2021-07-23,@VX#C,20.3675,20.5,19.95,20.2,67116.0
2021-07-26,@VX#C,20.1497,21.45,20.0,20.4,68002.0
2021-07-27,@VX#C,20.7147,21.9,20.05,20.15,113181.0
2021-07-28,@VX#C,20.1089,21.25,19.8,21.1,87299.0
2021-07-29,@VX#C,19.7092,20.7,19.55,20.4,61839.0
2021-07-30,@VX#C,20.274,21.1,19.8,20.1,80337.0
2021-08-02,@VX#C,21.1496,21.3,19.55,20.45,84656.0
2021-08-03,@VX#C,19.8525,21.45,19.8,21.1,92430.0
2021-08-04,@VX#C,19.8494,20.45,19.6,20.0,56908.0
2021-08-05,@VX#C,19.3129,19.95,19.25,19.9,50098.0
2021-08-06,@VX#C,18.7024,19.5,18.65,19.4,69232.0
2021-08-09,@VX#C,18.4231,19.35,18.25,18.8,70508.0
2021-08-10,@VX#C,17.9776,18.6,17.8,18.4,62237.0
2021-08-11,@VX#C,17.4443,18.3,17.35,18.05,73573.0
2021-08-12,@VX#C,17.0028,17.8,16.8,17.65,56780.0
2021-08-13,@VX#C,16.631,17.05,16.5,16.9,57486.0
2021-08-16,@VX#C,19.095,20.541,19.041,19.241,64794.0
2021-08-17,@VX#C,20.1697,21.941,19.091,19.241,84418.0
2021-08-18,@VX#C,21.7058,21.95,20.0,20.4,101407.0
2021-08-19,@VX#C,22.346,23.2,21.3,21.65,197377.0
2021-08-20,@VX#C,20.5273,23.1,20.35,22.2,126294.0
2021-08-23,@VX#C,19.8468,20.6,19.45,20.6,94276.0
2021-08-24,@VX#C,19.7306,19.9,19.5,19.7,60186.0
2021-08-25,@VX#C,19.2328,19.9,19.15,19.65,55067.0
2021-08-26,@VX#C,20.1229,20.45,19.25,19.3,107636.0
2021-08-27,@VX#C,18.9529,20.4,18.8,20.15,81083.0
2021-08-30,@VX#C,18.746,19.2,18.65,19.1,65128.0
2021-08-31,@VX#C,18.6212,19.1,18.45,18.7,66371.0
2021-09-01,@VX#C,18.0805,18.75,17.9,18.5,76389.0
2021-09-02,@VX#C,17.9632,18.45,17.75,18.1,69977.0
2021-09-03,@VX#C,18.3528,18.65,17.85,18.05,81359.0
2021-09-07,@VX#C,18.8314,19.3,17.9,18.3,86267.0
2021-09-08,@VX#C,18.7658,20.15,18.7,18.9,98829.0
2021-09-09,@VX#C,19.3716,20.1,18.35,19.1,104019.0
2021-09-10,@VX#C,20.6249,20.7,18.1,19.5,110074.0
2021-09-13,@VX#C,21.1435,22.6455,20.8955,22.2455,94848.0
2021-09-14,@VX#C,21.5605,22.2455,20.4955,21.1455,81624.0
2021-09-15,@VX#C,20.8379,21.7,20.6,21.4,105461.0
2021-09-16,@VX#C,20.5556,21.4,20.35,20.8,87095.0
2021-09-17,@VX#C,21.9377,22.35,20.4,20.65,117268.0
2021-09-20,@VX#C,24.4629,26.75,21.95,22.35,314143.0
2021-09-21,@VX#C,23.4294,25.0,23.1,24.7,171876.0
2021-09-22,@VX#C,22.0994,24.45,21.65,23.9,136972.0
2021-09-23,@VX#C,20.5996,22.05,20.45,21.95,118533.0
2021-09-24,@VX#C,19.8182,21.35,19.75,20.6,95507.0
2021-09-27,@VX#C,20.1083,20.4,19.3,19.75,81383.0
2021-09-28,@VX#C,22.5173,23.15,20.0,20.35,213237.0
2021-09-29,@VX#C,22.9912,23.15,21.7,22.8,115256.0
2021-09-30,@VX#C,22.8678,23.45,21.65,22.7,122631.0
2021-10-01,@VX#C,21.994,24.05,21.3,23.0,129232.0
2021-10-04,@VX#C,22.681,23.6,21.25,21.65,123006.0
2021-10-05,@VX#C,21.7541,23.55,21.1,22.7,100993.0
2021-10-06,@VX#C,21.2171,23.55,21.15,21.6,124177.0
2021-10-07,@VX#C,20.1013,21.3,20.0,21.3,77164.0
2021-10-08,@VX#C,19.7169,20.35,19.4,20.15,81104.0
2021-10-11,@VX#C,20.1505,20.6,19.0,19.9,76720.0
2021-10-12,@VX#C,19.7169,20.8,19.45,20.2,75257.0
2021-10-13,@VX#C,19.1506,20.2,19.1,20.1,79264.0
2021-10-14,@VX#C,17.6014,19.2,17.55,19.15,79654.0
2021-10-15,@VX#C,17.1727,17.75,16.75,17.65,63143.0
2021-10-18,@VX#C,20.182,21.364,20.114,20.614,66070.0
2021-10-19,@VX#C,19.5287,20.464,19.464,20.364,55204.0
2021-10-20,@VX#C,19.3155,19.75,19.3,19.6,159898.0
2021-10-21,@VX#C,18.6977,19.7,18.65,19.35,74115.0
2021-10-22,@VX#C,19.1016,19.6,18.55,18.95,81858.0
2021-10-25,@VX#C,18.5505,19.45,18.5,19.25,68650.0
2021-10-26,@VX#C,18.9246,19.4,18.25,18.6,77215.0
2021-10-27,@VX#C,19.3496,19.5,18.4,18.95,96839.0
2021-10-28,@VX#C,18.6503,19.35,18.6,19.3,72368.0
2021-10-29,@VX#C,18.7793,19.55,18.65,18.95,78156.0
2021-11-01,@VX#C,18.3999,19.25,18.35,18.75,69406.0
2021-11-02,@VX#C,17.8505,18.65,17.85,18.45,62356.0
2021-11-03,@VX#C,17.1078,18.15,17.0,17.9,79658.0
2021-11-04,@VX#C,17.4041,17.8,16.85,17.2,91756.0
2021-11-05,@VX#C,18.4401,18.55,17.0,17.35,115272.0
2021-11-08,@VX#C,18.4945,18.95,17.95,18.45,93429.0
2021-11-09,@VX#C,18.9001,19.6,18.4,18.4,108975.0
2021-11-10,@VX#C,19.5268,20.3,18.45,18.95,130698.0
2021-11-11,@VX#C,18.7588,19.7,18.35,19.65,82443.0
2021-11-12,@VX#C,17.4182,18.7,17.4,18.65,79568.0
2021-11-15,@VX#C,20.2037,21.0526,20.1526,20.6026,71747.0
2021-11-16,@VX#C,20.0017,20.5526,19.3526,20.2026,73852.0
2021-11-17,@VX#C,20.2745,20.45,19.8,19.95,78436.0
2021-11-18,@VX#C,20.4995,20.75,20.0,20.3,69365.0
2021-11-19,@VX#C,20.7994,21.1,20.2,20.5,87585.0
2021-11-22,@VX#C,21.1529,21.25,20.15,20.7,93227.0
2021-11-23,@VX#C,20.563,21.6,20.5,21.0,104508.0
2021-11-24,@VX#C,20.348,21.6,20.15,20.7,102066.0
2021-11-26,@VX#C,26.5412,27.0,20.05,20.25,239590.0
2021-11-29,@VX#C,22.2041,25.8,21.4,25.75,202834.0
2021-11-30,@VX#C,25.6865,25.8,22.05,22.45,202333.0
2021-12-01,@VX#C,27.8304,27.95,22.6,25.1,166567.0
2021-12-02,@VX#C,25.9392,27.25,25.05,26.7,161371.0
2021-12-03,@VX#C,28.7301,31.5,25.35,25.8,218810.0
2021-12-06,@VX#C,25.8521,28.85,25.7,28.7,131887.0
2021-12-07,@VX#C,22.5437,25.85,22.15,25.85,123012.0
2021-12-08,@VX#C,20.8267,23.1,20.65,22.4,86261.0
2021-12-09,@VX#C,21.5672,22.25,20.45,20.85,93532.0
2021-12-10,@VX#C,19.7975,21.85,19.75,21.6,85031.0
2021-12-13,@VX#C,20.5841,21.25,19.35,19.9,88416.0
2021-12-14,@VX#C,21.2857,22.6,20.1,20.5,94827.0
2021-12-15,@VX#C,19.0758,22.55,19.0,21.55,96275.0
2021-12-16,@VX#C,20.4217,21.25,18.35,19.2,115566.0
2021-12-17,@VX#C,21.0691,22.45,20.0,20.2,103647.0
2021-12-20,@VX#C,24.8999,27.841,23.091,23.141,108419.0
2021-12-21,@VX#C,23.1636,24.741,23.091,24.741,60397.0
2021-12-22,@VX#C,21.8007,23.55,21.8,23.15,86621.0
2021-12-23,@VX#C,21.6518,21.95,21.3,21.8,61154.0
2021-12-27,@VX#C,21.0053,21.9,20.9,21.7,63941.0
2021-12-28,@VX#C,20.5305,21.25,20.45,21.05,73403.0
2021-12-29,@VX#C,20.0072,20.7,19.75,20.5,62080.0
2021-12-30,@VX#C,19.9439,20.15,19.4,19.95,62396.0
2021-12-31,@VX#C,19.6745,20.2,19.5,19.75,50314.0
2022-01-03,@VX#C,18.8578,19.8,18.75,19.6,76498.0
2022-01-04,@VX#C,18.8692,19.65,18.55,19.0,76641.0
2022-01-05,@VX#C,20.7745,21.1,18.65,19.0,113743.0
2022-01-06,@VX#C,20.8496,21.8,20.25,20.95,100872.0
2022-01-07,@VX#C,20.398,21.5,20.2,20.85,92971.0
2022-01-10,@VX#C,19.9034,23.05,19.8,20.55,136154.0
2022-01-11,@VX#C,18.954,20.85,18.9,20.05,106524.0
2022-01-12,@VX#C,19.3539,19.9725,18.9225,19.7725,92713.0
2022-01-13,@VX#C,21.1892,21.3725,19.0225,19.4725,89670.0
2022-01-14,@VX#C,20.4395,22.3725,20.3725,21.2725,98207.0
2022-01-18,@VX#C,23.3922,23.6725,20.2225,20.4725,94153.0
2022-01-19,@VX#C,24.0687,24.15,22.7,23.3,124321.0
2022-01-20,@VX#C,24.9658,25.85,22.4,24.0,120318.0
2022-01-21,@VX#C,27.3086,27.6,24.9,25.5,217083.0
2022-01-24,@VX#C,28.0683,33.1,26.15,27.25,301461.0
2022-01-25,@VX#C,28.1645,31.15,27.25,28.05,182278.0
2022-01-26,@VX#C,28.633,29.45,25.45,29.2,162298.0
2022-01-27,@VX#C,28.8263,30.7,26.45,28.4,141160.0
2022-01-28,@VX#C,26.8734,30.1,26.55,28.0,117246.0
2022-01-31,@VX#C,24.8523,27.9,24.75,26.95,111754.0
2022-02-01,@VX#C,22.7458,25.15,22.6,24.85,102397.0
2022-02-02,@VX#C,22.0259,23.35,21.95,22.8,104722.0
2022-02-03,@VX#C,25.7306,25.85,23.05,23.05,144294.0
2022-02-04,@VX#C,24.2613,26.1,23.35,24.1,125528.0
2022-02-07,@VX#C,23.6521,24.7,22.85,24.3,76932.0
2022-02-08,@VX#C,22.3116,23.9,22.2,23.45,75944.0
2022-02-09,@VX#C,21.1561,22.35,21.1,22.35,74638.0
2022-02-10,@VX#C,24.2186,24.95,21.25,21.35,116707.0
2022-02-11,@VX#C,27.814,29.7,23.7,24.2,131665.0
2022-02-14,@VX#C,28.5025,30.9651,27.3651,27.5651,99259.0
2022-02-15,@VX#C,25.5484,28.9651,25.4151,28.4151,74087.0
2022-02-16,@VX#C,24.4723,26.45,24.4,25.55,100017.0
2022-02-17,@VX#C,27.5683,27.8,24.3,24.55,123784.0
2022-02-18,@VX#C,28.1482,28.85,26.25,27.6,106504.0
2022-02-22,@VX#C,27.9601,30.3,26.75,28.35,142176.0
2022-02-23,@VX#C,29.6693,29.8,26.7,27.8,106590.0
2022-02-24,@VX#C,28.5487,34.05,28.45,29.8,162778.0
2022-02-25,@VX#C,27.2572,30.4,26.85,28.95,109594.0
2022-02-28,@VX#C,28.6169,31.1,28.05,29.5,126566.0
2022-03-01,@VX#C,32.1241,32.6,28.15,28.7,112316.0
2022-03-02,@VX#C,29.6145,32.85,29.35,31.8,92196.0
2022-03-03,@VX#C,29.9057,30.9,28.8,29.95,80310.0
2022-03-04,@VX#C,31.5274,33.2,29.7,29.75,106689.0
2022-03-07,@VX#C,34.8105,34.9,31.4,32.85,93572.0
2022-03-08,@VX#C,33.9186,36.5,32.05,34.8,111610.0
2022-03-09,@VX#C,32.1193,34.35,31.05,34.2,57709.0
2022-03-10,@VX#C,30.4155,33.4,30.15,31.8,59850.0
2022-03-11,@VX#C,31.0024,31.1,28.45,30.4,74322.0
2022-03-14,@VX#C,31.7235,32.8199,29.5199,30.4199,52728.0
2022-03-15,@VX#C,30.7261,32.9,30.0,31.55,82158.0
2022-03-16,@VX#C,27.5411,30.65,27.35,30.5,86547.0
2022-03-17,@VX#C,27.1143,28.1,26.7,27.3,78920.0
2022-03-18,@VX#C,25.6406,27.95,25.5,27.5,74498.0
2022-03-21,@VX#C,25.482,26.45,24.8,25.7,63758.0
2022-03-22,@VX#C,24.9989,25.95,24.7,25.4,59401.0
2022-03-23,@VX#C,24.8925,25.8,24.8,25.0,61528.0
2022-03-24,@VX#C,24.2654,25.2,24.05,25.15,52043.0
2022-03-25,@VX#C,23.4552,24.7,23.4,24.25,64032.0
2022-03-28,@VX#C,22.9946,24.8,22.9,23.55,64645.0
2022-03-29,@VX#C,21.7532,23.15,21.55,23.05,76223.0
2022-03-30,@VX#C,22.07,22.85,21.55,21.85,69188.0
2022-03-31,@VX#C,23.469,23.6,21.75,22.0,63127.0
2022-04-01,@VX#C,22.3324,23.5,22.25,23.15,57647.0
2022-04-04,@VX#C,20.9619,22.6,20.9,22.5,56661.0
2022-04-05,@VX#C,23.2559,23.3,20.95,21.1,66447.0
2022-04-06,@VX#C,23.7022,25.6,22.75,22.8,86195.0
2022-04-07,@VX#C,22.9769,24.45,22.65,24.0,62995.0
2022-04-08,@VX#C,22.8475,23.7,22.0,23.1,49983.0
2022-04-11,@VX#C,24.7042,24.85,22.7,22.75,74357.0
2022-04-12,@VX#C,25.0641,25.55,23.3,24.75,68451.0
2022-04-13,@VX#C,22.6858,25.0,22.5,24.9,58561.0
2022-04-14,@VX#C,23.4211,23.65,21.95,22.9,57635.0
2022-04-18,@VX#C,22.9518,24.35,22.5,23.5,38827.0
2022-04-19,@VX#C,23.5416,25.4927,23.0927,25.0427,45077.0
2022-04-20,@VX#C,22.9919,24.05,22.8,23.85,81291.0
2022-04-21,@VX#C,24.6907,25.15,22.5,22.95,101292.0
2022-04-22,@VX#C,27.9879,28.55,24.45,24.8,140718.0
2022-04-25,@VX#C,27.2576,29.65,27.05,28.05,141376.0
2022-04-26,@VX#C,30.3018,31.2,26.85,27.1,111030.0
2022-04-27,@VX#C,30.8249,31.0,28.95,30.95,127707.0
2022-04-28,@VX#C,29.2407,30.1,27.7,29.85,115326.0
2022-04-29,@VX#C,31.6487,31.8,28.6,29.5,118529.0
2022-05-02,@VX#C,30.9477,33.45,30.7,31.2,127654.0
2022-05-03,@VX#C,28.8864,31.35,28.55,30.6,107525.0
2022-05-04,@VX#C,25.762,28.95,25.6,28.8,113593.0
2022-05-05,@VX#C,31.3271,32.1,25.95,26.05,144226.0
2022-05-06,@VX#C,30.8118,33.85,30.5,31.05,142527.0
2022-05-09,@VX#C,33.8168,34.25,31.1,31.15,95188.0
2022-05-10,@VX#C,32.254,34.9,31.65,34.05,75418.0
2022-05-11,@VX#C,32.1627,33.75,30.4,32.35,93519.0
2022-05-12,@VX#C,31.2544,33.45,31.0,31.5,79455.0
2022-05-13,@VX#C,28.8191,31.6,28.75,31.6,55452.0
2022-05-16,@VX#C,27.5856,29.55,27.35,28.8,50386.0
2022-05-17,@VX#C,27.4896,28.6408,26.6408,28.4908,43552.0
2022-05-18,@VX#C,31.5195,31.75,27.25,27.4,135470.0
2022-05-19,@VX#C,29.286,32.95,29.1,31.55,130975.0
2022-05-20,@VX#C,29.4224,31.7,28.05,29.15,112601.0
2022-05-23,@VX#C,29.0797,29.95,28.5,29.35,66666.0
2022-05-24,@VX#C,29.1855,30.55,28.95,29.15,80012.0
2022-05-25,@VX#C,28.4859,30.0,28.15,29.15,62677.0
2022-05-26,@VX#C,28.0636,28.65,27.75,28.5,59970.0
2022-05-27,@VX#C,26.8678,28.4,26.75,28.25,57903.0
2022-05-31,@VX#C,26.4123,28.25,26.2,26.7,78285.0
2022-06-01,@VX#C,26.1937,27.85,25.75,26.45,80550.0
2022-06-02,@VX#C,25.6001,26.55,25.1,26.3,48971.0
2022-06-03,@VX#C,25.9627,26.7,25.45,25.5,57049.0
2022-06-06,@VX#C,25.5854,26.15,25.15,26.0,51047.0
2022-06-07,@VX#C,24.6805,26.45,24.65,25.6,54422.0
2022-06-08,@VX#C,24.6993,25.4,24.5,24.85,50672.0
2022-06-09,@VX#C,26.4245,26.5,24.4,24.75,58157.0
2022-06-10,@VX#C,28.2892,29.35,26.15,26.35,83188.0
2022-06-13,@VX#C,33.4687,33.95,28.35,28.35,80880.0
2022-06-14,@VX#C,31.8115,32.78,31.23,32.53,50473.0
2022-06-15,@VX#C,30.0306,31.95,28.95,31.8,109622.0
2022-06-16,@VX#C,31.9206,32.75,29.15,29.7,106721.0
2022-06-17,@VX#C,30.902,32.25,30.55,32.0,72685.0
2022-06-21,@VX#C,30.3228,32.1,29.15,30.75,76449.0
2022-06-22,@VX#C,29.0105,31.4,28.9,30.1,79027.0
2022-06-23,@VX#C,29.0073,29.8,28.65,29.15,69206.0
2022-06-24,@VX#C,28.4774,29.2,28.0,29.1,61856.0
2022-06-27,@VX#C,27.4118,28.8,27.35,28.3,58672.0
2022-06-28,@VX#C,28.3331,28.6,26.9,27.45,64627.0
2022-06-29,@VX#C,28.3335,29.15,28.0,28.55,51211.0
2022-06-30,@VX#C,28.5623,29.95,28.0,28.1,80183.0
2022-07-01,@VX#C,27.689,29.65,27.55,28.8,74239.0
2022-07-05,@VX#C,27.7261,29.75,27.5,27.8,79812.0
2022-07-06,@VX#C,27.1987,28.4,26.95,27.85,53871.0
2022-07-07,@VX#C,26.85,27.55,26.4,27.2,54048.0
2022-07-08,@VX#C,26.049,27.3,25.8,26.85,65652.0
2022-07-11,@VX#C,27.186,27.25,26.0,26.0,52178.0
2022-07-12,@VX#C,27.3879,27.85,26.35,27.1,54168.0
2022-07-13,@VX#C,26.8636,28.8,26.5,27.4,71572.0
2022-07-14,@VX#C,26.8663,28.65,26.85,27.25,65513.0
2022-07-15,@VX#C,25.2066,27.3,25.1,26.9,52685.0
2022-07-18,@VX#C,25.7016,26.1,24.8,25.2,47971.0
2022-07-19,@VX#C,27.0352,27.8552,26.5552,27.7552,42655.0
2022-07-20,@VX#C,26.2684,27.2,26.2,26.85,74815.0
2022-07-21,@VX#C,25.7437,26.75,25.7,26.45,65049.0
2022-07-22,@VX#C,25.5044,26.4,25.4,25.95,73257.0
2022-07-25,@VX#C,25.2141,25.95,25.0,25.6,64046.0
2022-07-26,@VX#C,25.9513,26.35,25.3,25.45,72688.0
2022-07-27,@VX#C,25.0001,25.7,24.45,25.7,67265.0
2022-07-28,@VX#C,23.667,25.15,23.45,25.05,78766.0
2022-07-29,@VX#C,23.4158,23.9,23.3,23.45,66572.0
2022-08-01,@VX#C,24.2144,24.4,23.35,23.45,67661.0
2022-08-02,@VX#C,24.6115,25.25,23.65,24.2,81131.0
2022-08-03,@VX#C,23.1634,24.75,23.0,24.55,59696.0
2022-08-04,@VX#C,23.2001,24.0,23.1,23.25,58342.0
2022-08-05,@VX#C,22.4476,24.0,22.35,23.2,67326.0
2022-08-08,@VX#C,22.6589,23.15,21.85,22.55,64163.0
2022-08-09,@VX#C,22.989,23.3,22.55,22.6,55179.0
2022-08-10,@VX#C,21.3507,23.1,21.2,22.9,72824.0
2022-08-11,@VX#C,21.4995,22.15,21.1,21.45,61083.0
2022-08-12,@VX#C,21.1867,21.65,20.55,21.4,49445.0
2022-08-15,@VX#C,20.426,21.6,20.35,21.35,45409.0
2022-08-16,@VX#C,23.4392,24.2386,23.3886,23.9886,42013.0
2022-08-17,@VX#C,23.2813,23.95,23.05,23.45,74841.0
2022-08-18,@VX#C,22.9999,23.65,22.9,23.35,45777.0
2022-08-19,@VX#C,24.1028,24.6,23.0,23.05,75089.0
2022-08-22,@VX#C,25.8208,25.9,24.25,24.25,84611.0
2022-08-23,@VX#C,25.3302,26.1,24.9,25.65,67341.0
2022-08-24,@VX#C,24.3501,25.7,24.2,25.4,59387.0
2022-08-25,@VX#C,23.5977,24.45,23.45,24.2,77604.0
2022-08-26,@VX#C,26.1802,26.3,23.45,23.7,116212.0
2022-08-29,@VX#C,26.0278,27.15,25.7,26.45,90517.0
2022-08-30,@VX#C,26.4608,27.0,25.35,26.15,96286.0
2022-08-31,@VX#C,25.7939,26.45,25.45,26.3,76578.0
2022-09-01,@VX#C,25.6212,27.2,25.5,25.9,84942.0
2022-09-02,@VX#C,25.9363,26.45,24.25,25.7,113275.0
2022-09-06,@VX#C,26.7579,27.0,24.9,25.65,93058.0
2022-09-07,@VX#C,24.8966,27.2,24.8,26.7,71958.0
2022-09-08,@VX#C,24.3161,25.7,24.2,24.95,59940.0
2022-09-09,@VX#C,23.9496,24.3,23.55,24.25,48064.0
2022-09-12,@VX#C,23.9193,24.3,23.1,23.75,61955.0
2022-09-13,@VX#C,26.745,27.2,23.45,23.8,127789.0
2022-09-14,@VX#C,26.4161,27.1,26.0,26.7,84269.0
2022-09-15,@VX#C,26.3637,26.7,25.4,26.1,61912.0
2022-09-16,@VX#C,26.2206,28.3,26.15,26.65,83623.0
2022-09-19,@VX#C,25.7761,27.3,25.5,26.25,47353.0
2022-09-20,@VX#C,27.3749,28.025,25.875,26.075,43971.0
2022-09-21,@VX#C,28.1968,28.5,26.4,27.35,110273.0
2022-09-22,@VX#C,28.0956,28.75,27.5,28.4,85226.0
2022-09-23,@VX#C,29.8592,31.2,27.8,27.8,148061.0
2022-09-26,@VX#C,30.9247,31.2,29.25,30.1,119862.0
2022-09-27,@VX#C,31.383,32.2,29.75,30.85,96737.0
2022-09-28,@VX#C,29.8919,32.7,29.5,31.05,100794.0
2022-09-29,@VX#C,30.9432,32.3,29.7,29.85,103389.0
2022-09-30,@VX#C,31.516,31.6,29.85,30.95,94323.0
2022-10-03,@VX#C,29.9893,32.2,29.35,31.65,76265.0
2022-10-04,@VX#C,28.7999,30.2,28.5,29.9,76948.0
2022-10-05,@VX#C,28.9643,30.05,28.6,28.8,70238.0
2022-10-06,@VX#C,29.9193,30.05,28.15,28.9,67061.0
2022-10-07,@VX#C,31.1984,31.7,29.55,30.0,73041.0
2022-10-10,@VX#C,32.1078,33.1,31.3,31.6,75376.0
2022-10-11,@VX#C,32.754,33.2,31.5,32.0,66078.0
2022-10-12,@VX#C,32.1735,32.75,31.8,32.45,58769.0
2022-10-13,@VX#C,31.0521,33.25,30.75,32.1,103447.0
2022-10-14,@VX#C,31.9297,32.7,30.2,30.8,70468.0
2022-10-17,@VX#C,31.1798,32.05,30.25,32.0,52016.0
2022-10-18,@VX#C,30.1507,30.9443,29.7943,30.3443,45967.0
2022-10-19,@VX#C,30.3978,30.95,29.65,29.95,66353.0
2022-10-20,@VX#C,29.9629,30.85,29.4,30.45,86775.0
2022-10-21,@VX#C,29.9854,30.35,29.25,30.05,78382.0
2022-10-24,@VX#C,29.3523,30.35,29.25,29.65,61761.0
2022-10-25,@VX#C,28.1854,29.7,28.1,29.55,68044.0
2022-10-26,@VX#C,27.4876,28.9,27.35,28.45,71539.0
2022-10-27,@VX#C,26.9184,27.9,26.75,27.45,65933.0
2022-10-28,@VX#C,26.2602,27.65,26.0,27.4,62769.0
2022-10-31,@VX#C,25.8753,26.75,25.75,26.15,57572.0
2022-11-01,@VX#C,25.634,26.15,25.55,25.9,58261.0
2022-11-02,@VX#C,26.4475,26.7,25.45,25.8,86942.0
2022-11-03,@VX#C,25.6701,27.25,25.55,26.45,67664.0
2022-11-04,@VX#C,25.5286,26.3,24.65,25.75,83536.0
2022-11-07,@VX#C,25.1559,26.0,24.9,26.0,49910.0
2022-11-08,@VX#C,26.1017,26.4,24.9,25.2,61234.0
2022-11-09,@VX#C,26.857,27.15,26.0,26.1,61955.0
2022-11-10,@VX#C,24.6297,26.95,24.25,26.85,71800.0
2022-11-11,@VX#C,23.95,25.2,23.85,24.75,49161.0
2022-11-14,@VX#C,25.403,25.566,24.466,25.216,58704.0
2022-11-15,@VX#C,25.75,27.216,24.566,25.216,59256.0
2022-11-16,@VX#C,25.0542,26.0,25.0,25.8,66048.0
2022-11-17,@VX#C,24.7666,25.75,24.7,25.15,51937.0
2022-11-18,@VX#C,24.515,25.1,24.45,24.75,41941.0
2022-11-21,@VX#C,23.8139,24.8,23.75,24.5,41498.0
2022-11-22,@VX#C,22.9505,23.95,22.9,23.85,40173.0
2022-11-23,@VX#C,22.4026,23.15,22.35,22.95,50277.0
2022-11-25,@VX#C,22.4869,22.8,22.35,22.5,22228.0
2022-11-28,@VX#C,23.4033,23.65,22.55,22.6,52853.0
2022-11-29,@VX#C,23.0397,23.6,22.95,23.45,49963.0
2022-11-30,@VX#C,22.122,23.55,21.9,23.15,72896.0
2022-12-01,@VX#C,21.5747,22.6,21.55,22.05,62721.0
2022-12-02,@VX#C,21.2041,22.45,21.05,21.65,71270.0
2022-12-05,@VX#C,21.6851,22.2,21.1,21.3,72948.0
2022-12-06,@VX#C,22.4502,22.7,21.25,21.65,60342.0
2022-12-07,@VX#C,22.8621,23.2,22.3,22.4,58508.0
2022-12-08,@VX#C,22.3978,23.15,22.25,22.9,41757.0
2022-12-09,@VX#C,23.1016,23.25,22.15,22.45,55327.0
2022-12-12,@VX#C,23.1023,23.4,22.8,23.2,59629.0
2022-12-13,@VX#C,21.6885,23.45,21.2,23.15,79130.0
2022-12-14,@VX#C,20.6262,22.05,20.45,21.8,81994.0
2022-12-15,@VX#C,22.3075,23.15,20.5,20.6,82810.0
2022-12-16,@VX#C,22.4507,23.25,21.95,22.45,66896.0
2022-12-19,@VX#C,22.147,22.6,21.45,22.6,47064.0
2022-12-20,@VX#C,21.4848,23.1,21.25,22.2,44392.0
2022-12-21,@VX#C,23.0131,23.95,22.85,23.95,62640.0
2022-12-22,@VX#C,24.2555,25.4,22.75,22.95,109950.0
2022-12-23,@VX#C,23.6302,24.5,23.35,24.35,56758.0
2022-12-27,@VX#C,23.4524,24.1,23.2,23.6,49877.0
2022-12-28,@VX#C,23.5481,23.65,22.85,23.45,48586.0
2022-12-29,@VX#C,23.2091,23.6,22.85,23.55,35656.0
2022-12-30,@VX#C,23.0981,23.7,23.05,23.15,45693.0
2023-01-03,@VX#C,23.0514,23.95,22.6,23.0,70338.0
2023-01-04,@VX#C,22.401,23.3,22.4,23.3,63178.0
2023-01-05,@VX#C,22.6516,23.2,22.35,22.6,1.0
2023-01-06,@VX#C,22.1957,22.8,21.8,22.7,68828.0
2023-01-09,@VX#C,22.2669,22.6,21.8,22.1,61925.0
2023-01-10,@VX#C,21.0949,22.7,21.0,22.4,68802.0
2023-01-11,@VX#C,21.2004,21.45,21.0,21.15,53225.0
2023-01-12,@VX#C,19.82,21.6,19.8,21.25,76494.0
2023-01-13,@VX#C,19.4988,20.2,19.15,19.9,61632.0
2023-01-17,@VX#C,19.3155,20.1,19.25,19.45,64722.0
2023-01-18,@VX#C,21.6874,21.85,20.55,21.0,82632.0
2023-01-19,@VX#C,21.7451,22.55,21.45,21.65,71342.0
2023-01-20,@VX#C,21.086,21.85,20.85,21.65,63086.0
2023-01-23,@VX#C,20.7548,21.15,20.65,21.0,62417.0
2023-01-24,@VX#C,19.9502,21.05,19.85,20.75,72855.0
2023-01-25,@VX#C,19.9583,21.4,19.85,20.0,94319.0
2023-01-26,@VX#C,19.6703,20.2,19.6,20.05,59407.0
2023-01-27,@VX#C,19.3177,19.85,18.95,19.7,73476.0
2023-01-30,@VX#C,20.0481,20.4,19.4,19.45,72495.0
2023-01-31,@VX#C,19.5257,20.6,19.3,20.0,67623.0
2023-02-01,@VX#C,18.7506,20.05,18.5,19.45,96707.0
2023-02-02,@VX#C,19.2989,19.9,18.1,18.75,116046.0
2023-02-03,@VX#C,19.3373,20.3,19.2,19.55,100463.0
2023-02-06,@VX#C,20.0124,20.2,19.4,19.4,81817.0
2023-02-07,@VX#C,19.2146,20.4,19.1,19.95,91056.0
2023-02-08,@VX#C,20.0524,20.55,19.15,19.45,84916.0
2023-02-09,@VX#C,20.8103,20.9,19.35,20.1,77115.0
2023-02-10,@VX#C,20.9304,21.7,20.7,20.7,85419.0
2023-02-13,@VX#C,19.9144,21.25,19.8,20.75,57913.0
2023-02-14,@VX#C,18.6489,20.05,18.55,19.9,72854.0
2023-02-15,@VX#C,20.0523,20.8,20.05,20.55,74565.0
2023-02-16,@VX#C,21.1605,21.25,19.95,20.1,111287.0
2023-02-17,@VX#C,21.2482,22.05,21.15,21.25,77708.0
2023-02-21,@VX#C,22.9011,23.1,21.3,21.4,97735.0
2023-02-22,@VX#C,22.2109,23.25,22.05,23.0,89422.0
2023-02-23,@VX#C,21.3726,22.45,21.2,22.05,70845.0
2023-02-24,@VX#C,22.1873,22.85,21.3,21.35,97323.0
2023-02-27,@VX#C,21.3317,22.25,21.05,22.25,72020.0
2023-02-28,@VX#C,20.7757,21.6,20.55,21.25,67000.0
2023-03-01,@VX#C,21.0322,21.6,20.6,21.0,70492.0
2023-03-02,@VX#C,20.2009,21.7,20.15,21.05,68146.0
2023-03-03,@VX#C,19.4984,20.45,19.4,20.3,60460.0
2023-03-06,@VX#C,19.2202,19.65,19.05,19.45,56410.0
2023-03-07,@VX#C,19.7516,19.95,18.85,19.2,76462.0
2023-03-08,@VX#C,19.3052,20.0,19.2,19.75,56177.0
2023-03-09,@VX#C,21.7964,22.0,18.9,19.25,118653.0
2023-03-10,@VX#C,24.1808,27.0,21.15,21.8,243502.0
2023-03-13,@VX#C,25.3724,28.4,22.4,23.95,191346.0
2023-03-14,@VX#C,23.7017,25.65,22.2,25.25,143538.0
2023-03-15,@VX#C,25.8129,28.55,23.05,23.6,172477.0
2023-03-16,@VX#C,23.0155,26.9,22.95,25.9,92983.0
2023-03-17,@VX#C,25.6342,26.2,22.65,23.3,85809.0
2023-03-20,@VX#C,24.1683,28.05,23.9,25.8,58264.0
2023-03-21,@VX#C,21.5908,24.25,21.15,24.25,60907.0
2023-03-22,@VX#C,23.5,23.7,21.9,22.9,106224.0
2023-03-23,@VX#C,24.2236,24.65,22.0,23.5,121533.0
2023-03-24,@VX#C,23.2241,26.25,23.2,23.85,127400.0
2023-03-27,@VX#C,22.2674,23.9,22.15,23.25,71161.0
2023-03-28,@VX#C,21.6995,22.6,21.6,22.15,69718.0
2023-03-29,@VX#C,20.9309,21.7,20.75,21.7,58276.0
2023-03-30,@VX#C,20.8277,21.7,20.6,20.95,64176.0
2023-03-31,@VX#C,20.7642,21.25,20.4,20.95,63485.0
2023-04-03,@VX#C,20.2095,21.4,20.2,21.1,59067.0
2023-04-04,@VX#C,20.5997,21.3,20.05,20.3,71595.0
2023-04-05,@VX#C,20.4184,21.25,20.35,20.6,52652.0
2023-04-06,@VX#C,19.9781,20.85,19.8,20.55,52736.0
2023-04-10,@VX#C,19.804,20.45,19.7,20.05,46206.0
2023-04-11,@VX#C,19.7666,19.95,19.35,19.85,46551.0
2023-04-12,@VX#C,19.9518,20.2,19.05,19.75,70786.0
2023-04-13,@VX#C,18.7342,20.1,18.7,20.05,61424.0
2023-04-14,@VX#C,18.3523,19.05,18.2,18.9,58817.0
2023-04-17,@VX#C,17.416,18.3,17.4,18.15,54373.0
2023-04-18,@VX#C,19.4442,19.9929,19.2929,19.8429,39587.0
2023-04-19,@VX#C,19.4007,19.9,19.2,19.5,64886.0
2023-04-20,@VX#C,19.8376,20.0,19.3,19.55,55402.0
2023-04-21,@VX#C,19.4083,20.05,19.35,19.8,62298.0
2023-04-24,@VX#C,19.3262,19.85,19.25,19.45,47601.0
2023-04-25,@VX#C,21.0194,21.2,19.3,19.35,109672.0
2023-04-26,@VX#C,20.4248,21.1,19.8,20.6,97228.0
2023-04-27,@VX#C,19.4461,20.35,19.15,20.35,68800.0
2023-04-28,@VX#C,18.4361,19.85,18.4,19.35,74980.0
2023-05-01,@VX#C,18.1693,18.65,17.65,18.5,77253.0
2023-05-02,@VX#C,19.3402,20.8,18.55,18.6,4.0
2023-05-03,@VX#C,19.9541,20.6,18.8,19.35,89102.0
2023-05-04,@VX#C,21.1905,22.1,19.8,20.65,146640.0
2023-05-05,@VX#C,19.2868,21.15,19.05,21.15,83232.0
2023-05-08,@VX#C,19.0021,19.45,18.85,19.4,50960.0
2023-05-09,@VX#C,19.4202,19.7,19.0,19.05,58099.0
2023-05-10,@VX#C,18.8504,19.85,18.3,19.45,103676.0
2023-05-11,@VX#C,18.6032,19.65,18.5,18.9,76678.0
2023-05-12,@VX#C,18.5431,19.1,17.85,18.65,67138.0
2023-05-15,@VX#C,17.801,18.75,17.55,18.65,62219.0
2023-05-16,@VX#C,20.6437,20.7617,20.0117,20.1117,48047.0
2023-05-17,@VX#C,19.9815,20.65,19.85,20.5,70718.0
2023-05-18,@VX#C,19.1473,20.0,19.05,19.9,58740.0
2023-05-19,@VX#C,19.6485,20.1,18.85,19.1,84821.0
2023-05-22,@VX#C,19.671,20.15,19.3,19.9,62921.0
2023-05-23,@VX#C,20.0458,20.4,19.45,19.7,69323.0
2023-05-24,@VX#C,20.9965,21.25,19.95,20.15,91011.0
2023-05-25,@VX#C,20.4261,20.95,20.2,20.5,64978.0
2023-05-26,@VX#C,19.5822,20.6,18.95,20.45,74160.0
2023-05-30,@VX#C,18.967,19.75,18.65,19.25,74417.0
2023-05-31,@VX#C,18.8651,19.55,18.7,18.95,61318.0
2023-06-01,@VX#C,17.7047,19.05,17.65,18.9,76511.0
2023-06-02,@VX#C,16.9463,17.75,16.7,17.7,87276.0
2023-06-05,@VX#C,16.5014,17.15,16.5,17.0,57399.0
2023-06-06,@VX#C,15.4181,16.65,15.4,16.55,64276.0
2023-06-07,@VX#C,15.4509,15.85,15.4,15.45,60977.0
2023-06-08,@VX#C,15.0127,15.7,14.8,15.5,52684.0
2023-06-09,@VX#C,15.2378,15.5,14.95,15.1,55347.0
2023-06-12,@VX#C,15.5628,15.7,15.1,15.25,63143.0
2023-06-13,@VX#C,15.3191,15.55,15.15,15.45,65492.0
2023-06-14,@VX#C,14.778,15.4,14.7,15.3,77033.0
2023-06-15,@VX#C,15.103,15.2,14.55,14.7,69826.0
2023-06-16,@VX#C,14.3454,15.2,14.3,15.1,73570.0
2023-06-20,@VX#C,16.5246,17.1992,16.4492,16.8492,79461.0
2023-06-21,@VX#C,16.179,16.6,16.1,16.55,70535.0
2023-06-22,@VX#C,15.7789,16.5,15.65,16.2,55497.0
2023-06-23,@VX#C,15.9547,16.4,15.75,15.75,66010.0
2023-06-26,@VX#C,15.9957,16.25,15.6,16.0,71131.0
2023-06-27,@VX#C,15.5616,16.05,15.2,16.05,55539.0
2023-06-28,@VX#C,14.9918,15.7,14.95,15.6,55789.0
2023-06-29,@VX#C,15.3281,15.45,14.95,15.05,64763.0
2023-06-30,@VX#C,15.011,15.3,14.85,15.25,47480.0
2023-07-03,@VX#C,14.8946,15.2,14.85,15.05,33353.0
2023-07-05,@VX#C,15.2825,15.35,14.85,14.95,56004.0
2023-07-06,@VX#C,16.1652,17.95,15.25,15.25,172320.0
2023-07-07,@VX#C,15.8619,16.7,15.5,16.3,102618.0
2023-07-10,@VX#C,15.7747,16.4,15.6,15.9,72593.0
2023-07-11,@VX#C,15.5525,15.8,15.2,15.8,84455.0
2023-07-12,@VX#C,14.2934,15.7,14.25,15.45,97351.0
2023-07-13,@VX#C,14.1923,14.3,13.9,14.3,74078.0
2023-07-14,@VX#C,13.8048,14.4,13.75,14.2,61761.0
2023-07-17,@VX#C,13.699,14.0,13.55,13.75,51338.0
2023-07-18,@VX#C,15.5365,16.1364,15.4864,15.8864,57238.0
2023-07-19,@VX#C,15.905,15.95,15.3,15.55,69052.0
2023-07-20,@VX#C,15.846,16.1,15.6,15.9,65372.0
2023-07-21,@VX#C,15.611,15.85,15.3,15.8,63285.0
2023-07-24,@VX#C,15.3804,15.7,15.2,15.7,55044.0
2023-07-25,@VX#C,15.3462,15.45,15.0,15.4,54247.0
2023-07-26,@VX#C,14.8878,15.55,14.8,15.3,73289.0
2023-07-27,@VX#C,15.6879,16.1,14.5,14.9,122790.0
2023-07-28,@VX#C,14.9886,15.75,14.85,15.65,77509.0
2023-07-31,@VX#C,14.8634,15.2,14.8,15.05,57391.0
2023-08-01,@VX#C,15.0724,15.45,14.8,14.9,64717.0
2023-08-02,@VX#C,16.7022,17.2,15.35,15.5,163516.0
2023-08-03,@VX#C,16.7483,17.75,16.35,16.85,125336.0
2023-08-04,@VX#C,17.5076,17.6,15.65,16.75,128229.0
2023-08-07,@VX#C,16.2943,17.45,16.2,17.35,94651.0
2023-08-08,@VX#C,16.4955,18.55,16.2,16.2,163223.0
2023-08-09,@VX#C,16.3469,17.2,15.85,16.5,133424.0
2023-08-10,@VX#C,16.0072,16.95,15.1,16.3,174082.0
2023-08-11,@VX#C,15.3536,16.65,15.25,16.05,95644.0
2023-08-14,@VX#C,14.8456,15.9,14.8,15.35,77338.0
2023-08-15,@VX#C,17.696,18.0734,16.1734,16.4234,100039.0
2023-08-16,@VX#C,18.0118,18.05,17.15,17.8,102279.0
2023-08-17,@VX#C,18.8548,18.95,17.6,18.0,110436.0
2023-08-18,@VX#C,18.4487,19.55,18.2,18.85,123229.0
2023-08-21,@VX#C,17.8493,18.55,17.75,18.4,73538.0
2023-08-22,@VX#C,17.901,18.25,17.4,17.95,66200.0
2023-08-23,@VX#C,17.2933,17.9,16.9,17.9,64269.0
2023-08-24,@VX#C,18.0102,18.15,16.8,16.9,82393.0
2023-08-25,@VX#C,17.1776,18.3,16.95,18.1,91181.0
2023-08-28,@VX#C,16.4326,17.2,16.4,17.15,70189.0
2023-08-29,@VX#C,15.9027,16.6,15.8,16.45,81786.0
2023-08-30,@VX#C,15.3029,16.05,15.25,15.9,65723.0
2023-08-31,@VX#C,15.0438,15.4,14.95,15.35,65940.0
2023-09-01,@VX#C,14.7971,15.05,14.6,15.0,62678.0
2023-09-05,@VX#C,14.9927,15.25,14.6,14.8,60491.0
2023-09-06,@VX#C,15.3467,15.8,15.0,15.15,83014.0
2023-09-07,@VX#C,15.3022,16.2,15.2,15.3,79487.0
2023-09-08,@VX#C,14.9405,15.7,14.65,15.25,81943.0
2023-09-11,@VX#C,14.5844,14.9,14.4,14.85,82684.0
2023-09-12,@VX#C,14.6385,14.85,14.25,14.65,74046.0
2023-09-13,@VX#C,13.9985,14.95,13.9,14.6,90267.0
2023-09-14,@VX#C,13.3689,13.95,13.3,13.95,72471.0
2023-09-15,@VX#C,14.2528,14.4,13.25,13.35,81549.0
2023-09-18,@VX#C,14.0971,14.6,13.85,14.15,61304.0
2023-09-19,@VX#C,15.5728,16.2709,15.3209,15.5209,66821.0
2023-09-20,@VX#C,16.1696,16.3,15.2,15.6,87269.0
2023-09-21,@VX#C,17.4859,17.65,16.15,16.25,144839.0
2023-09-22,@VX#C,17.4916,17.7,16.8,17.55,107589.0
2023-09-25,@VX#C,17.4974,18.2,17.15,17.5,100238.0
2023-09-26,@VX#C,19.1742,19.3,17.25,17.3,138055.0
2023-09-27,@VX#C,18.3022,19.5,18.2,18.95,134872.0
2023-09-28,@VX#C,17.3515,18.55,17.2,18.25,125893.0
2023-09-29,@VX#C,17.7712,17.85,16.5,17.25,125248.0
2023-10-02,@VX#C,17.8507,18.3,17.0,17.1,103746.0
2023-10-03,@VX#C,19.6564,20.05,17.55,17.85,148587.0
2023-10-04,@VX#C,18.5177,20.35,18.4,19.75,137652.0
2023-10-05,@VX#C,18.1998,19.5,18.15,18.75,101137.0
2023-10-06,@VX#C,18.0342,19.6,17.55,18.4,134933.0
2023-10-09,@VX#C,17.6467,19.6,17.6,18.65,100824.0
2023-10-10,@VX#C,16.9878,17.75,16.6,17.7,94199.0
2023-10-11,@VX#C,16.5021,17.75,16.35,17.1,102858.0
2023-10-12,@VX#C,16.9479,17.85,15.8,16.35,132059.0
2023-10-13,@VX#C,19.2567,20.2,16.65,17.0,175459.0
2023-10-16,@VX#C,17.1597,19.35,17.05,19.15,106032.0
2023-10-17,@VX#C,18.4362,19.0378,17.3878,17.8878,115712.0
2023-10-18,@VX#C,19.5967,19.9,18.55,18.6,146387.0
2023-10-19,@VX#C,20.5549,20.8,19.0,19.35,147342.0
2023-10-20,@VX#C,20.725,21.15,20.1,20.65,129620.0
2023-10-23,@VX#C,20.0003,21.9,19.25,20.75,130524.0
2023-10-24,@VX#C,19.0875,20.05,18.95,19.75,94674.0
2023-10-25,@VX#C,20.3008,20.85,18.9,19.1,124773.0
2023-10-26,@VX#C,20.5375,21.15,20.0,20.3,119126.0
2023-10-27,@VX#C,21.1865,21.4,19.8,20.35,116902.0
2023-10-30,@VX#C,19.5901,21.2,19.45,20.9,96027.0
2023-10-31,@VX#C,18.1268,19.85,18.05,19.7,110669.0
2023-11-01,@VX#C,17.3005,18.4,17.15,18.25,111086.0
2023-11-02,@VX#C,16.5565,17.35,16.55,17.35,86939.0
2023-11-03,@VX#C,16.1519,16.8,16.0,16.65,77547.0
2023-11-06,@VX#C,15.6461,16.15,15.6,16.1,77967.0
2023-11-07,@VX#C,15.5014,15.95,15.4,15.7,60433.0
2023-11-08,@VX#C,15.1093,15.7,15.05,15.5,67167.0
2023-11-09,@VX#C,15.8874,16.05,14.9,15.25,82713.0
2023-11-10,@VX#C,14.8991,15.9,14.85,15.8,73575.0
2023-11-13,@VX#C,14.8035,15.4,14.6,15.2,60413.0
2023-11-14,@VX#C,15.7429,16.5228,15.5228,16.3228,82508.0
2023-11-15,@VX#C,15.3507,15.65,15.3,15.65,73982.0
2023-11-16,@VX#C,15.1459,15.5,15.1,15.35,73009.0
2023-11-17,@VX#C,14.9042,15.25,14.85,15.1,51190.0
2023-11-20,@VX#C,14.776,15.0,14.6,14.9,48491.0
2023-11-21,@VX#C,14.4523,14.95,14.4,14.75,61574.0
2023-11-22,@VX#C,14.5628,14.75,14.25,14.45,58067.0
2023-11-24,@VX#C,13.8496,14.65,13.8,14.6,43977.0
2023-11-27,@VX#C,13.9533,14.2,13.85,13.9,46293.0
2023-11-28,@VX#C,13.7842,14.1,13.65,13.9,65226.0
2023-11-29,@VX#C,13.9997,14.1,13.65,13.85,67456.0
2023-11-30,@VX#C,13.7578,14.15,13.7,14.0,61703.0
2023-12-01,@VX#C,13.6982,13.85,13.5,13.8,57644.0
2023-12-04,@VX#C,13.8006,14.3,13.6,13.6,81114.0
2023-12-05,@VX#C,13.663,14.05,13.65,13.9,63344.0
2023-12-06,@VX#C,13.737,13.85,13.4,13.65,65223.0
2023-12-07,@VX#C,13.7485,13.9,13.6,13.8,49404.0
2023-12-08,@VX#C,13.3417,13.85,13.3,13.85,68222.0
2023-12-11,@VX#C,12.9471,13.35,12.9,13.3,64650.0
2023-12-12,@VX#C,12.4035,13.0,12.25,12.9,75433.0
2023-12-13,@VX#C,12.1843,12.55,12.1,12.4,80154.0
2023-12-14,@VX#C,12.3048,12.65,12.0,12.2,83070.0
2023-12-15,@VX#C,12.4649,12.8,12.2,12.35,83178.0
2023-12-18,@VX#C,12.4176,12.6,12.3,12.55,51808.0
2023-12-19,@VX#C,14.8894,15.1304,14.7304,14.9804,59041.0
2023-12-20,@VX#C,15.8061,16.0,14.7,14.85,124217.0
2023-12-21,@VX#C,15.4414,15.95,15.3,15.75,106585.0
2023-12-22,@VX#C,15.0372,15.75,15.0,15.45,72143.0
2023-12-26,@VX#C,14.6063,15.15,14.55,15.05,42655.0
2023-12-27,@VX#C,13.9935,14.65,13.95,14.6,62269.0
2023-12-28,@VX#C,13.9837,14.2,13.9,13.95,42148.0
2023-12-29,@VX#C,14.0512,14.45,13.85,14.0,63056.0
2024-01-02,@VX#C,14.1016,14.8,13.9,14.25,105522.0
2024-01-03,@VX#C,14.6997,14.95,14.1,14.15,111067.0
2024-01-04,@VX#C,14.6618,14.8,14.35,14.7,77190.0
2024-01-05,@VX#C,14.2034,15.05,13.95,14.65,103939.0
2024-01-08,@VX#C,13.7975,14.5,13.6,14.15,86615.0
2024-01-09,@VX#C,13.4039,14.05,13.35,13.9,70104.0
2024-01-10,@VX#C,13.3453,13.5,13.2,13.45,76118.0
2024-01-11,@VX#C,13.0512,13.75,12.95,13.25,108515.0
2024-01-12,@VX#C,13.1811,13.45,12.95,13.0,70152.0
2024-01-16,@VX#C,14.9876,15.3832,14.1832,14.3332,102204.0
2024-01-17,@VX#C,15.5187,15.9,14.8,14.9,133394.0
2024-01-18,@VX#C,15.0037,15.5,14.9,15.45,78716.0
2024-01-19,@VX#C,14.6052,15.0,14.5,15.0,90931.0
2024-01-22,@VX#C,14.0804,14.5,14.0,14.5,69933.0
2024-01-23,@VX#C,13.7002,14.05,13.65,14.05,70539.0
2024-01-24,@VX#C,14.038,14.15,13.5,13.7,69921.0
2024-01-25,@VX#C,14.2261,14.3,13.9,14.05,63325.0
2024-01-26,@VX#C,14.1173,14.45,13.9,14.25,57199.0
2024-01-29,@VX#C,14.2508,14.45,14.1,14.15,60123.0
2024-01-30,@VX#C,13.9929,14.3,13.95,14.2,56020.0
2024-01-31,@VX#C,14.8735,15.0,13.85,14.1,144442.0
2024-02-01,@VX#C,14.6977,15.0,14.35,14.85,1.0
2024-02-02,@VX#C,14.5473,14.75,14.25,14.4,78110.0
2024-02-05,@VX#C,13.9557,14.85,13.85,14.65,91666.0
2024-02-06,@VX#C,13.5521,14.05,13.5,13.95,72986.0
2024-02-07,@VX#C,13.3847,13.65,13.25,13.6,66420.0
2024-02-08,@VX#C,13.3452,13.65,13.3,13.4,53011.0
2024-02-09,@VX#C,13.3705,13.4,13.15,13.35,45640.0
2024-02-12,@VX#C,13.8034,13.9,13.2,13.4,58819.0
2024-02-13,@VX#C,16.0148,18.1123,13.9123,14.1123,141401.0
2024-02-14,@VX#C,15.1396,15.95,15.05,15.9,128037.0
2024-02-15,@VX#C,15.0189,15.35,14.85,15.05,69593.0
2024-02-16,@VX#C,14.9515,15.25,14.7,15.0,91010.0
2024-02-20,@VX#C,15.5273,15.9,14.9,15.05,120575.0
2024-02-21,@VX#C,15.3494,15.75,15.0,15.55,4.0
2024-02-22,@VX#C,15.0348,15.1,14.5,15.05,91400.0
2024-02-23,@VX#C,14.4301,15.0,14.4,14.9,66839.0
2024-02-26,@VX#C,14.2522,14.6,14.2,14.5,59531.0
2024-02-27,@VX#C,13.9981,14.35,13.95,14.3,47460.0
2024-02-28,@VX#C,14.2232,14.4,14.0,14.0,51902.0
2024-02-29,@VX#C,14.0088,14.45,13.95,14.3,61879.0
2024-03-01,@VX#C,14.0481,14.25,13.75,14.05,69641.0
2024-03-04,@VX#C,14.0297,14.15,13.9,14.0,46278.0
2024-03-05,@VX#C,14.703,15.25,14.0,14.1,131037.0
2024-03-06,@VX#C,14.7897,14.95,14.25,14.7,80908.0
2024-03-07,@VX#C,14.6174,15.1,14.35,14.8,63980.0
2024-03-08,@VX#C,15.0773,15.75,14.2,14.65,127638.0
2024-03-11,@VX#C,14.8956,15.65,14.75,15.0,111070.0
2024-03-12,@VX#C,13.9606,15.2,13.9,14.85,114651.0
2024-03-13,@VX#C,13.7973,14.05,13.7,13.95,64473.0
2024-03-14,@VX#C,14.342,15.05,13.6,13.8,117380.0
2024-03-15,@VX#C,14.5984,15.55,14.15,14.3,116089.0
2024-03-18,@VX#C,14.3579,14.65,14.05,14.6,65267.0
2024-03-19,@VX#C,13.9448,14.9,13.8,14.3,72642.0
2024-03-20,@VX#C,14.5645,15.15,14.5,14.95,93345.0
2024-03-21,@VX#C,14.4567,14.65,14.3,14.5,79199.0
2024-03-22,@VX#C,14.4814,14.65,14.25,14.45,58111.0
2024-03-25,@VX#C,14.4005,14.75,14.25,14.5,58082.0
2024-03-26,@VX#C,14.3463,14.4,14.1,14.4,51010.0
2024-03-27,@VX#C,14.0661,14.45,14.05,14.35,58787.0
2024-03-28,@VX#C,14.3687,14.4,14.05,14.05,67650.0
2024-04-01,@VX#C,14.5022,14.8,14.15,14.35,65356.0
2024-04-02,@VX#C,14.9996,15.65,14.45,14.65,128434.0
2024-04-03,@VX#C,14.9446,15.4,14.7,15.0,92566.0
2024-04-04,@VX#C,15.8308,16.35,14.45,14.9,164563.0
2024-04-05,@VX#C,16.0774,16.35,15.45,15.9,140901.0
2024-04-08,@VX#C,15.347,16.0,15.15,16.0,110611.0
2024-04-09,@VX#C,15.0753,16.0,14.95,15.3,126547.0
2024-04-10,@VX#C,15.3171,16.2,14.75,15.0,152287.0
2024-04-11,@VX#C,15.0239,16.3,14.95,15.5,116706.0
2024-04-12,@VX#C,17.0882,18.1,15.0,15.0,200025.0
2024-04-15,@VX#C,18.4081,18.7,15.95,17.05,144512.0
2024-04-16,@VX#C,18.2475,19.7,17.5,18.5,104059.0
2024-04-17,@VX#C,17.2093,18.0,16.95,17.35,137811.0
2024-04-18,@VX#C,17.3829,17.65,16.75,17.2,98999.0
2024-04-19,@VX#C,17.8354,19.7,17.1,17.35,149603.0
2024-04-22,@VX#C,16.4697,17.7,16.2,17.7,123946.0
2024-04-23,@VX#C,15.7943,16.45,15.65,16.3,81071.0
2024-04-24,@VX#C,15.6252,16.1,15.55,15.75,98755.0
2024-04-25,@VX#C,16.0018,16.85,15.6,16.0,113551.0
2024-04-26,@VX#C,15.3964,15.7,15.3,15.6,88231.0
2024-04-29,@VX#C,15.1678,15.5,15.0,15.45,67344.0
2024-04-30,@VX#C,15.6634,15.85,15.0,15.2,99980.0
2024-05-01,@VX#C,15.7081,16.15,15.0,15.85,117316.0
2024-05-02,@VX#C,15.1632,15.85,14.95,15.75,86827.0
2024-05-03,@VX#C,14.5915,15.05,14.45,15.05,97898.0
2024-05-06,@VX#C,14.1983,14.6,14.15,14.55,49406.0
2024-05-07,@VX#C,14.0973,14.35,14.05,14.2,72837.0
2024-05-08,@VX#C,13.9112,14.25,13.85,14.1,59344.0
2024-05-09,@VX#C,13.8112,14.05,13.8,14.0,51619.0
2024-05-10,@VX#C,13.5511,13.85,13.55,13.8,61581.0
2024-05-13,@VX#C,13.8191,13.9,13.4,13.55,67525.0
2024-05-14,@VX#C,13.5162,13.95,13.45,13.8,51433.0
2024-05-15,@VX#C,12.879,13.65,12.85,13.6,69285.0
2024-05-16,@VX#C,12.8347,13.1,12.75,12.9,63475.0
2024-05-17,@VX#C,12.6503,13.0,12.6,12.9,72507.0
2024-05-20,@VX#C,12.5725,12.8,12.4,12.65,53509.0
2024-05-21,@VX#C,13.3887,14.1908,13.2908,13.7408,79513.0
2024-05-22,@VX#C,13.6649,13.85,13.3,13.35,97392.0
2024-05-23,@VX#C,13.8561,14.05,13.25,13.55,111844.0
2024-05-24,@VX#C,13.4272,13.95,13.35,13.85,64004.0
2024-05-28,@VX#C,13.7256,14.0,13.2,13.45,84377.0
2024-05-29,@VX#C,14.3394,14.5,13.7,13.7,98716.0
2024-05-30,@VX#C,14.2928,14.7,13.95,14.45,99952.0
2024-05-31,@VX#C,13.7896,14.7,13.65,14.4,121158.0
2024-06-03,@VX#C,13.6535,14.25,13.5,13.75,1.0
2024-06-04,@VX#C,13.7165,14.25,13.65,13.7,83979.0
2024-06-05,@VX#C,13.3525,13.9,13.3,13.65,75325.0
2024-06-06,@VX#C,13.2562,13.45,13.2,13.4,93921.0
2024-06-07,@VX#C,13.0098,13.6,12.9,13.3,102167.0
2024-06-10,@VX#C,13.0295,13.6,12.95,13.0,74023.0
2024-06-11,@VX#C,12.9694,13.5,12.9,13.0,86072.0
2024-06-12,@VX#C,12.5556,13.1,12.45,13.05,95157.0
2024-06-13,@VX#C,12.4105,13.05,12.35,12.55,100255.0
2024-06-14,@VX#C,12.9549,13.6,12.4,12.45,104454.0
2024-06-17,@VX#C,12.8015,13.25,12.55,13.0,96035.0
2024-06-18,@VX#C,14.2961,14.45,14.1,14.3,85032.0
2024-06-20,@VX#C,14.7681,14.9,14.15,14.3,120079.0
2024-06-21,@VX#C,14.4458,15.05,14.35,14.75,111972.0
2024-06-24,@VX#C,14.3967,14.85,14.2,14.5,80480.0
2024-06-25,@VX#C,14.077,14.5,14.0,14.45,51655.0
2024-06-26,@VX#C,13.9083,14.2,13.9,14.1,72973.0
2024-06-27,@VX#C,13.7587,14.05,13.75,13.95,78091.0
2024-06-28,@VX#C,14.0228,14.1,13.7,13.8,84852.0
2024-07-01,@VX#C,13.4175,14.0,13.35,14.0,90901.0
2024-07-02,@VX#C,13.206,13.6,13.2,13.4,76457.0
2024-07-03,@VX#C,13.2699,13.3,13.1,13.25,46678.0
2024-07-05,@VX#C,13.3033,13.45,13.15,13.2,70256.0
2024-07-08,@VX#C,13.082,13.35,12.95,13.35,71034.0
2024-07-09,@VX#C,12.9957,13.15,12.95,13.1,68566.0
2024-07-10,@VX#C,12.9335,13.05,12.8,13.0,61748.0
2024-07-11,@VX#C,13.1184,13.4,12.7,13.0,129423.0
2024-07-12,@VX#C,12.8311,13.15,12.6,13.1,95429.0
2024-07-15,@VX#C,13.1369,13.2,12.7,12.85,91620.0
2024-07-16,@VX#C,14.3356,14.6263,14.1263,14.3263,68162.0
2024-07-17,@VX#C,14.808,15.05,14.2,14.3,161718.0
2024-07-18,@VX#C,15.2934,15.5,14.4,14.75,150236.0
2024-07-19,@VX#C,15.9169,16.15,15.25,15.25,164155.0
2024-07-22,@VX#C,15.0439,16.2,14.95,15.9,119317.0
2024-07-23,@VX#C,14.9323,15.4,14.7,15.1,104254.0
2024-07-24,@VX#C,17.072,17.25,14.85,14.85,213513.0
2024-07-25,@VX#C,17.1444,17.95,16.1,17.05,204869.0
2024-07-26,@VX#C,16.1771,17.15,16.05,17.15,105744.0
2024-07-29,@VX#C,15.9722,16.35,15.7,16.1,88608.0
2024-07-30,@VX#C,16.4855,17.1,15.75,15.95,105902.0
2024-07-31,@VX#C,15.9994,16.65,15.35,16.65,123291.0
2024-08-01,@VX#C,17.4669,18.2,15.65,15.85,189363.0
2024-08-02,@VX#C,21.8527,23.0,17.65,17.65,338924.0
2024-08-05,@VX#C,32.0986,37.1,22.65,23.0,302246.0
2024-08-06,@VX#C,25.7702,30.7,21.85,30.4,203576.0
2024-08-07,@VX#C,25.0766,25.95,21.3,24.5,148500.0
2024-08-08,@VX#C,22.6885,26.05,22.25,25.85,95709.0
2024-08-09,@VX#C,19.4971,23.0,19.4,22.3,100492.0
2024-08-12,@VX#C,19.4647,19.85,17.85,19.45,110582.0
2024-08-13,@VX#C,17.5452,19.7,17.5,19.5,79197.0
2024-08-14,@VX#C,16.2453,17.9,16.2,17.65,76147.0
2024-08-15,@VX#C,15.3485,16.5,15.0,16.3,95711.0
2024-08-16,@VX#C,15.2799,15.8,15.1,15.35,47395.0
2024-08-19,@VX#C,14.7848,15.9,14.65,15.4,56107.0
2024-08-20,@VX#C,16.0407,16.1606,14.9106,15.0106,74351.0
2024-08-21,@VX#C,16.228,16.65,15.9,16.1,90382.0
2024-08-22,@VX#C,17.0095,17.1,16.0,16.2,85531.0
2024-08-23,@VX#C,15.9286,16.95,15.8,16.9,95245.0
2024-08-26,@VX#C,15.947,16.3,15.65,15.8,60546.0
2024-08-27,@VX#C,15.5794,16.3,15.5,16.05,52512.0
2024-08-28,@VX#C,16.5703,16.85,15.4,15.55,90712.0
2024-08-29,@VX#C,15.9351,17.05,15.6,16.55,83143.0
2024-08-30,@VX#C,15.411,16.0,15.3,15.8,74986.0
2024-09-03,@VX#C,19.1208,19.8,15.3,15.45,173586.0
2024-09-04,@VX#C,19.5445,20.35,18.15,19.05,156659.0
2024-09-05,@VX#C,18.7523,19.75,18.25,19.6,115586.0
2024-09-06,@VX#C,20.4643,21.55,18.05,18.85,184318.0
2024-09-09,@VX#C,18.7253,21.05,18.4,21.05,105137.0
2024-09-10,@VX#C,18.2864,19.8,18.2,18.6,102637.0
2024-09-11,@VX#C,17.2328,20.35,17.2,18.35,147729.0
2024-09-12,@VX#C,16.9479,18.1,16.85,17.45,92502.0
2024-09-13,@VX#C,16.703,17.15,16.35,17.05,66744.0
2024-09-16,@VX#C,17.0904,17.5,16.8,16.8,58917.0
2024-09-17,@VX#C,19.032,19.1489,17.9489,18.3489,79051.0
2024-09-18,@VX#C,18.7393,19.25,17.95,18.9,125513.0
2024-09-19,@VX#C,18.0222,18.9,17.85,18.85,93664.0
2024-09-20,@VX#C,17.9542,18.25,17.7,18.05,70178.0
2024-09-23,@VX#C,18.0066,18.2,17.6,18.0,45922.0
2024-09-24,@VX#C,18.0531,18.7,17.75,18.1,62947.0
2024-09-25,@VX#C,18.3144,18.4,17.9,18.05,44871.0
2024-09-26,@VX#C,18.2977,18.55,17.85,18.25,51918.0
2024-09-27,@VX#C,19.2552,19.4,18.15,18.3,68353.0
2024-09-30,@VX#C,18.8425,19.95,18.75,19.35,100451.0
2024-10-01,@VX#C,20.4666,20.7,18.65,18.85,151051.0
2024-10-02,@VX#C,20.1015,21.15,19.9,20.45,76431.0
2024-10-03,@VX#C,21.0732,21.3,20.0,20.05,92734.0
2024-10-04,@VX#C,20.2031,21.25,20.15,21.2,75325.0
2024-10-07,@VX#C,22.5656,22.75,20.2,20.35,105263.0
2024-10-08,@VX#C,21.4558,22.8,21.15,22.35,72879.0
2024-10-09,@VX#C,20.8987,21.6,20.7,21.35,56740.0
2024-10-10,@VX#C,21.3948,21.65,20.75,21.0,67382.0
2024-10-11,@VX#C,21.1276,21.7,20.85,21.4,54238.0
2024-10-14,@VX#C,20.2002,21.25,19.95,21.15,47762.0
2024-10-15,@VX#C,19.305,19.5875,17.9875,18.3375,92311.0
2024-10-16,@VX#C,19.0531,19.55,18.95,19.35,55028.0
2024-10-17,@VX#C,18.7641,19.3,18.7,19.1,45793.0
2024-10-18,@VX#C,18.3002,18.85,18.25,18.75,50531.0
2024-10-21,@VX#C,18.3564,18.85,18.15,18.3,48502.0
2024-10-22,@VX#C,18.2834,18.85,18.15,18.35,48123.0
2024-10-23,@VX#C,19.274,19.8,18.35,18.4,90594.0
2024-10-24,@VX#C,18.9021,19.85,18.75,19.1,69865.0
2024-10-25,@VX#C,19.8968,19.95,18.45,18.9,84650.0
2024-10-28,@VX#C,18.7978,19.55,18.55,19.55,81087.0
2024-10-29,@VX#C,18.7575,19.1,18.45,18.75,49608.0
2024-10-30,@VX#C,19.3182,19.4,18.55,18.7,60928.0
2024-10-31,@VX#C,20.9579,21.05,19.3,19.3,134305.0
2024-11-01,@VX#C,20.488,20.95,19.75,20.9,95186.0
2024-11-04,@VX#C,19.5077,20.45,19.4,20.3,86770.0
2024-11-05,@VX#C,18.3442,19.6,18.2,19.45,93049.0
2024-11-06,@VX#C,16.246,18.4,15.9,18.25,165904.0
2024-11-07,@VX#C,15.6411,16.3,15.5,16.2,83673.0
2024-11-08,@VX#C,15.4969,15.9,15.4,15.65,80298.0
2024-11-11,@VX#C,15.4861,15.55,15.2,15.5,66459.0
2024-11-12,@VX#C,15.2572,15.75,15.25,15.4,74009.0
2024-11-13,@VX#C,14.544,15.65,14.45,15.3,72528.0
2024-11-14,@VX#C,14.64,14.8,14.25,14.5,58315.0
2024-11-15,@VX#C,16.3884,17.6,14.65,14.65,137793.0
2024-11-18,@VX#C,15.6117,16.8,15.35,16.25,74375.0
2024-11-19,@VX#C,16.4181,17.6,15.3,15.7,73876.0
2024-11-20,@VX#C,16.9522,17.6,15.95,16.35,129974.0
2024-11-21,@VX#C,16.7716,17.5,16.35,16.7,83387.0
2024-11-22,@VX#C,16.0654,17.15,16.0,16.85,63733.0
2024-11-25,@VX#C,15.4492,16.3,15.35,15.9,73315.0
2024-11-26,@VX#C,15.2541,15.85,15.1,15.4,65378.0
2024-11-27,@VX#C,15.169,15.75,15.15,15.25,60571.0
2024-11-29,@VX#C,14.8517,15.2,14.8,15.2,38665.0
2024-12-02,@VX#C,14.7128,14.95,14.65,14.85,52544.0
2024-12-03,@VX#C,14.5309,15.05,14.45,14.7,58040.0
2024-12-04,@VX#C,14.6572,14.7,14.2,14.55,46708.0
2024-12-05,@VX#C,14.6032,14.85,14.5,14.7,58227.0
2024-12-06,@VX#C,14.2855,14.75,14.2,14.55,69124.0
2024-12-09,@VX#C,14.7355,14.9,14.2,14.2,72915.0
2024-12-10,@VX#C,14.6523,14.8,14.4,14.75,57848.0
2024-12-11,@VX#C,14.2842,14.75,14.15,14.55,43290.0
2024-12-12,@VX#C,14.4062,14.65,14.1,14.3,67293.0
2024-12-13,@VX#C,14.519,14.8,14.1,14.55,61173.0
2024-12-16,@VX#C,14.6997,14.75,14.4,14.6,51850.0
2024-12-17,@VX#C,15.7483,15.95,14.65,14.75,82998.0
2024-12-18,@VX#C,19.762,20.65,16.6,17.0,190746.0
2024-12-19,@VX#C,21.7113,21.8,18.55,19.95,260150.0
2024-12-20,@VX#C,18.2606,22.8,18.05,21.4,187990.0
2024-12-23,@VX#C,17.0257,18.6,16.9,18.2,122754.0
2024-12-24,@VX#C,15.9878,17.05,15.9,17.0,71787.0
2024-12-26,@VX#C,16.0329,16.75,15.95,16.05,62503.0
2024-12-27,@VX#C,16.9415,17.9,16.05,16.1,125487.0
2024-12-30,@VX#C,17.3868,18.6,16.75,16.8,94993.0
2024-12-31,@VX#C,17.5177,17.7,16.9,17.4,61825.0
2025-01-02,@VX#C,17.9098,18.85,17.05,17.5,90898.0
2025-01-03,@VX#C,16.6858,17.9,16.65,17.85,70490.0
2025-01-06,@VX#C,16.5686,17.0,16.25,16.8,84665.0
2025-01-07,@VX#C,17.8805,18.2,16.35,16.55,94358.0
2025-01-08,@VX#C,17.7197,18.8,17.5,17.85,114015.0
2025-01-09,@VX#C,17.9667,18.25,17.7,17.8,3568.0
2025-01-10,@VX#C,19.0119,19.65,17.9,18.05,108690.0
2025-01-13,@VX#C,18.5959,20.2,18.4,19.15,82157.0
2025-01-14,@VX#C,18.2081,18.9,17.65,18.45,67167.0
2025-01-15,@VX#C,16.101,18.25,16.05,18.15,97598.0
2025-01-16,@VX#C,16.189,16.5,15.85,16.15,69270.0
2025-01-17,@VX#C,16.1792,16.4,15.75,16.3,53957.0
2025-01-20,@VX#C,16.0,16.9,15.85,16.25,6168.0
2025-01-21,@VX#C,16.5367,18.1944,16.3444,17.5444,85533.0
2025-01-22,@VX#C,16.7432,16.85,16.4,16.5,81892.0
2025-01-23,@VX#C,16.4733,16.9,16.35,16.7,65960.0
2025-01-24,@VX#C,16.382,16.55,16.25,16.5,53590.0
2025-01-27,@VX#C,17.6133,20.15,16.6,16.6,217710.0
2025-01-28,@VX#C,16.939,17.95,16.8,17.5,83250.0
2025-01-29,@VX#C,16.8431,17.6,16.75,17.0,76189.0
2025-01-30,@VX#C,16.7092,17.0,16.55,16.85,76483.0
2025-01-31,@VX#C,17.3586,17.65,16.4,16.8,91023.0
2025-02-03,@VX#C,17.9108,19.85,17.15,18.55,159187.0
2025-02-04,@VX#C,17.2011,18.95,16.9,17.3,78164.0
2025-02-05,@VX#C,16.7703,17.9,16.7,17.5,70360.0
2025-02-06,@VX#C,16.5795,17.0,16.55,16.7,64733.0
2025-02-07,@VX#C,17.3458,17.4,16.35,16.65,98920.0
2025-02-10,@VX#C,16.7021,17.75,16.65,17.55,64652.0
2025-02-11,@VX#C,16.7694,17.0,16.55,16.75,55026.0
2025-02-12,@VX#C,16.8012,17.5,16.6,16.75,89814.0
2025-02-13,@VX#C,16.1349,17.1,16.1,16.7,64835.0
2025-02-14,@VX#C,16.0117,16.3,15.95,16.1,58822.0
2025-02-18,@VX#C,15.6602,16.45,15.5,16.05,68353.0
2025-02-19,@VX#C,16.9066,17.35,16.9,17.1,71995.0
2025-02-20,@VX#C,17.0326,17.35,16.8,16.95,88723.0
2025-02-21,@VX#C,18.3007,18.45,16.95,16.95,162044.0
2025-02-24,@VX#C,18.4302,18.85,17.65,18.1,152793.0
2025-02-25,@VX#C,18.4836,19.4,18.05,18.35,159905.0
2025-02-26,@VX#C,18.1337,18.75,17.6,18.35,117942.0
2025-02-27,@VX#C,19.3063,19.35,17.65,17.8,153548.0
2025-02-28,@VX#C,18.8291,20.0,18.7,19.25,163049.0
2025-03-03,@VX#C,20.6577,21.25,18.4,18.7,136137.0
2025-03-04,@VX#C,21.2409,23.0,20.05,20.5,216765.0
2025-03-05,@VX#C,20.1269,21.75,20.05,20.7,142941.0
2025-03-06,@VX#C,22.8281,22.95,20.2,20.3,168299.0
2025-03-07,@VX#C,21.6254,23.6,21.55,22.4,152125.0
2025-03-10,@VX#C,24.9344,25.45,21.8,21.8,163048.0
2025-03-11,@VX#C,24.6115,26.65,24.0,24.8,163233.0
2025-03-12,@VX#C,23.0749,24.9,22.8,24.3,113396.0
2025-03-13,@VX#C,24.4101,25.05,22.7,23.15,85897.0
2025-03-14,@VX#C,21.5211,24.25,21.4,24.25,95583.0
2025-03-17,@VX#C,20.8352,22.5,20.4,21.65,83638.0
2025-03-18,@VX#C,20.4806,20.8,19.6,19.9,104982.0
2025-03-19,@VX#C,19.7513,20.75,19.25,20.5,87627.0
2025-03-20,@VX#C,19.4005,20.25,19.2,19.7,90710.0
2025-03-21,@VX#C,19.4179,20.1,19.15,19.35,83945.0
2025-03-24,@VX#C,18.0635,19.2,18.0,19.2,105573.0
2025-03-25,@VX#C,18.2072,18.35,17.9,18.15,63459.0
2025-03-26,@VX#C,18.8445,19.3,17.95,18.15,88685.0
2025-03-27,@VX#C,18.9763,19.55,18.65,19.1,69377.0
2025-03-28,@VX#C,20.9817,21.3,19.0,19.0,118094.0
2025-03-31,@VX#C,20.8435,22.65,20.6,21.4,129283.0
2025-04-01,@VX#C,20.8794,22.05,20.5,21.05,80201.0
2025-04-02,@VX#C,20.1562,22.15,19.35,20.9,98641.0
2025-04-03,@VX#C,26.3753,26.55,22.1,22.15,240100.0
2025-04-04,@VX#C,32.4976,33.35,25.75,26.4,242501.0
2025-04-07,@VX#C,33.1708,40.15,26.95,35.0,214345.0
2025-04-08,@VX#C,39.1728,41.5,29.3,32.8,165989.0
2025-04-09,@VX#C,28.6489,44.0,26.8,39.1,164322.0
2025-04-10,@VX#C,35.8622,40.6,27.8,28.4,144258.0
2025-04-11,@VX#C,34.6376,38.85,33.85,35.25,83069.0
2025-04-14,@VX#C,29.8594,33.8,28.65,33.8,83887.0
2025-04-15,@VX#C,25.4674,26.9149,23.7149,25.6649,55826.0
2025-04-16,@VX#C,27.6258,28.15,25.55,25.75,95528.0
2025-04-17,@VX#C,26.7284,27.5,26.3,27.2,69137.0
2025-04-21,@VX#C,28.4469,29.1,26.65,27.05,70901.0
2025-04-22,@VX#C,26.5397,28.5,26.35,28.25,83077.0
2025-04-23,@VX#C,25.4379,26.4,24.65,26.2,89706.0
2025-04-24,@VX#C,24.5677,26.15,24.3,25.3,62094.0
2025-04-25,@VX#C,23.4981,25.1,23.4,24.3,61277.0
2025-04-28,@VX#C,23.682,24.65,23.15,23.4,51769.0
2025-04-29,@VX#C,23.3847,24.25,23.2,23.8,52288.0
2025-04-30,@VX#C,24.0109,25.65,23.35,23.4,86969.0
2025-05-01,@VX#C,23.5699,24.05,23.15,23.8,52992.0
2025-05-02,@VX#C,22.4818,23.95,22.45,23.65,58443.0
2025-05-05,@VX#C,23.1838,23.3,22.5,22.55,44084.0
2025-05-06,@VX#C,24.1076,24.5,23.15,23.25,45494.0
2025-05-07,@VX#C,23.3234,24.4,23.2,24.4,51837.0
2025-05-08,@VX#C,22.2923,23.55,21.95,23.5,62817.0
2025-05-09,@VX#C,22.0058,22.55,21.7,22.3,45171.0
2025-05-12,@VX#C,18.571,21.65,18.5,21.65,92209.0
2025-05-13,@VX#C,18.4379,19.05,17.85,18.6,54604.0
2025-05-14,@VX#C,18.7805,18.95,18.3,18.6,43303.0
2025-05-15,@VX#C,18.2334,19.25,18.2,18.85,43580.0
2025-05-16,@VX#C,17.9271,18.4,17.8,18.25,40921.0
2025-05-19,@VX#C,18.2044,19.45,18.05,18.85,38299.0
2025-05-20,@VX#C,19.4966,20.4923,19.4423,19.6923,42164.0
2025-05-21,@VX#C,20.7904,21.1,19.4,19.45,100268.0
2025-05-22,@VX#C,20.6395,21.45,20.25,20.95,83548.0
2025-05-23,@VX#C,22.0425,22.6,20.4,20.5,91878.0
2025-05-27,@VX#C,19.7008,22.0,19.55,21.95,64870.0
2025-05-28,@VX#C,19.92,20.15,19.55,19.65,52716.0
2025-05-29,@VX#C,19.9594,20.3,19.0,19.65,47642.0
2025-05-30,@VX#C,20.0219,20.9,19.8,20.1,61597.0
2025-06-02,@VX#C,19.7059,20.85,19.65,20.25,49507.0
2025-06-03,@VX#C,19.204,20.05,19.15,19.7,49063.0
2025-06-04,@VX#C,19.1474,19.4,19.05,19.25,46056.0
2025-06-05,@VX#C,19.5782,19.85,18.55,19.25,72947.0
2025-06-06,@VX#C,18.5314,19.9,18.45,19.9,55866.0
2025-06-09,@VX#C,18.3048,18.85,18.15,18.6,44129.0
2025-06-10,@VX#C,18.1408,18.6,18.0,18.35,45300.0
2025-06-11,@VX#C,18.3462,18.8,17.4,18.2,78805.0
2025-06-12,@VX#C,18.7455,19.25,18.35,18.4,68819.0
2025-06-13,@VX#C,21.2716,22.8,18.7,18.7,127759.0
2025-06-16,@VX#C,19.1942,21.75,18.8,21.6,63249.0
2025-06-17,@VX#C,21.4052,22.2117,19.4117,19.5117,61262.0
2025-06-18,@VX#C,20.8053,21.7,20.4,21.55,97497.0
2025-06-20,@VX#C,21.1254,22.05,20.5,20.85,74266.0
2025-06-23,@VX#C,20.7581,22.45,20.65,22.0,86518.0
2025-06-24,@VX#C,19.2484,20.65,19.2,20.6,87909.0
2025-06-25,@VX#C,19.0176,19.35,18.95,19.3,55312.0
2025-06-26,@VX#C,18.9112,19.15,18.75,19.05,52478.0
2025-06-27,@VX#C,18.8523,19.35,18.6,18.9,56383.0
2025-06-30,@VX#C,18.7125,18.95,18.5,18.85,51753.0
2025-07-01,@VX#C,18.6524,19.05,18.5,18.75,61242.0
2025-07-02,@VX#C,18.5591,18.9,18.4,18.75,54772.0
2025-07-03,@VX#C,18.3205,18.55,18.0,18.55,49741.0
2025-07-07,@VX#C,18.729,19.15,18.35,18.35,67920.0
2025-07-08,@VX#C,18.0173,18.9,17.9,18.8,66753.0
2025-07-09,@VX#C,17.0818,18.0,17.05,17.9,81004.0
2025-07-10,@VX#C,16.8712,17.35,16.8,17.15,49058.0
2025-07-11,@VX#C,17.1231,17.75,16.75,16.85,60115.0
2025-07-14,@VX#C,17.3381,17.8,17.15,17.5,50397.0
2025-07-15,@VX#C,19.3911,19.8556,19.0556,19.6556,61610.0
2025-07-16,@VX#C,19.5255,20.45,19.2,19.55,107198.0
2025-07-17,@VX#C,19.4451,19.55,19.2,19.5,47853.0
2025-07-18,@VX#C,19.141,19.4,19.05,19.3,45127.0
2025-07-21,@VX#C,19.0016,19.1,18.6,19.05,54726.0
2025-07-22,@VX#C,18.8975,19.45,18.85,18.95,53228.0
2025-07-23,@VX#C,18.0956,18.95,17.95,18.95,75195.0
2025-07-24,@VX#C,18.0782,18.15,17.8,17.95,64904.0
2025-07-25,@VX#C,17.8844,18.25,17.85,18.0,43879.0
2025-07-28,@VX#C,17.3948,17.8,17.0,17.8,61545.0
2025-07-29,@VX#C,17.8434,17.95,17.05,17.3,72231.0
2025-07-30,@VX#C,17.9038,18.3,17.5,17.95,84552.0
2025-07-31,@VX#C,17.9566,18.2,17.2,17.45,89844.0
2025-08-01,@VX#C,19.8518,20.45,18.0,18.05,194496.0
2025-08-04,@VX#C,18.1045,20.1,17.9,19.75,98781.0
2025-08-05,@VX#C,18.3111,19.0,17.7,17.95,81154.0
2025-08-06,@VX#C,17.6048,18.45,17.6,18.4,67528.0
2025-08-07,@VX#C,17.7978,18.2,17.25,17.85,70073.0
2025-08-08,@VX#C,16.868,17.75,16.75,17.65,71914.0
2025-08-11,@VX#C,16.9014,17.05,16.6,16.7,67119.0
2025-08-12,@VX#C,15.8937,17.1,15.85,16.95,72974.0
2025-08-13,@VX#C,15.6455,16.0,15.5,15.9,65905.0
2025-08-14,@VX#C,15.7256,16.1,15.5,15.7,59755.0
2025-08-15,@VX#C,15.7742,15.95,15.5,15.8,57854.0
2025-08-18,@VX#C,15.3206,15.95,15.3,15.85,62734.0
2025-08-19,@VX#C,18.3931,18.6193,17.8193,18.1693,62692.0
2025-08-20,@VX#C,18.3008,19.0,18.2,18.35,95414.0
2025-08-21,@VX#C,18.6088,18.85,18.1,18.25,70699.0
2025-08-22,@VX#C,16.9975,18.85,16.95,18.6,106391.0
2025-08-25,@VX#C,17.0172,17.35,16.9,16.95,61757.0
2025-08-26,@VX#C,16.8867,17.45,16.8,17.05,59633.0
2025-08-27,@VX#C,16.9045,17.25,16.8,16.85,54703.0
2025-08-28,@VX#C,16.6525,17.1,16.6,16.95,56213.0
2025-08-29,@VX#C,17.149,17.35,16.55,16.8,91310.0
2025-09-02,@VX#C,17.7246,18.7,16.7,17.1,138126.0
2025-09-03,@VX#C,17.1889,17.7,17.1,17.5,78330.0
2025-09-04,@VX#C,16.5962,17.15,16.5,17.15,78293.0
2025-09-05,@VX#C,16.7106,17.35,16.1,16.55,114476.0
2025-09-08,@VX#C,16.3618,16.8,16.3,16.75,69153.0
2025-09-09,@VX#C,16.2916,16.75,16.2,16.35,68320.0
2025-09-10,@VX#C,16.1314,16.4,15.85,16.3,65943.0
2025-09-11,@VX#C,15.6473,16.2,15.6,16.2,67831.0
2025-09-12,@VX#C,15.5928,15.75,15.4,15.65,56913.0
2025-09-15,@VX#C,15.7566,15.9,15.25,15.7,68579.0
2025-09-16,@VX#C,18.4512,18.5978,17.9478,18.1478,68723.0
2025-09-17,@VX#C,17.7786,18.5,17.5,18.4,107157.0
2025-09-18,@VX#C,17.677,17.8,17.25,17.7,64664.0
2025-09-19,@VX#C,17.7179,18.0,17.55,17.65,48726.0
2025-09-22,@VX#C,18.0476,18.15,17.7,17.75,59325.0
2025-09-23,@VX#C,18.34,18.6,17.9,18.0,72485.0
2025-09-24,@VX#C,18.0413,18.65,17.95,18.25,67732.0
2025-09-25,@VX#C,18.3333,18.7,17.85,17.95,84298.0
2025-09-26,@VX#C,17.4931,18.4,17.45,18.35,83066.0
2025-09-29,@VX#C,17.7466,17.9,17.25,17.55,59815.0
2025-09-30,@VX#C,17.588,18.05,17.55,17.8,47329.0
2025-10-01,@VX#C,17.5014,18.25,17.45,17.7,54967.0
2025-10-02,@VX#C,17.842,17.9,17.35,17.6,57700.0
2025-10-03,@VX#C,17.7273,18.05,17.65,17.85,53826.0
2025-10-06,@VX#C,17.602,17.95,17.5,17.8,62524.0
2025-10-07,@VX#C,18.1013,18.3,17.45,17.65,79873.0
2025-10-08,@VX#C,17.6497,18.15,17.5,18.05,56092.0
2025-10-09,@VX#C,17.7004,18.15,17.5,17.55,71458.0
2025-10-10,@VX#C,21.0095,22.05,17.5,17.7,228059.0
2025-10-13,@VX#C,19.0245,21.3,18.9,21.3,138725.0
2025-10-14,@VX#C,20.2857,21.65,18.7,19.05,127411.0
2025-10-15,@VX#C,20.7228,21.6,19.45,20.4,84516.0
2025-10-16,@VX#C,24.0259,24.2,20.25,20.85,123211.0
2025-10-17,@VX#C,20.9137,27.9,20.8,24.0,112589.0
2025-10-20,@VX#C,19.4743,22.1256,19.3756,21.8256,110447.0
2025-10-21,@VX#C,19.0436,20.0256,18.6756,19.4256,1265.0
2025-10-22,@VX#C,19.3039,20.4,18.95,19.15,158986.0
2025-10-23,@VX#C,18.9203,19.7,18.85,19.35,101794.0
2025-10-24,@VX#C,18.6373,18.85,18.35,18.85,101794.0
2025-10-27,@VX#C,18.0336,18.3,17.75,18.25,89646.0
2025-10-28,@VX#C,18.5732,18.6,17.95,18.05,73094.0
2025-10-29,@VX#C,18.9367,19.0,18.2,18.5,99209.0
2025-10-30,@VX#C,19.108,19.25,18.4,18.95,95827.0
2025-10-31,@VX#C,19.1308,19.65,18.45,18.65,95827.0
2025-11-03,@VX#C,18.938,19.65,18.75,19.05,75530.0
2025-11-04,@VX#C,19.7605,20.2,18.9,18.9,103215.0
2025-11-05,@VX#C,18.9114,20.65,18.7,19.7,102988.0
2025-11-06,@VX#C,20.053,20.35,18.75,18.95,148589.0
2025-11-07,@VX#C,19.8557,21.7,19.7,19.9,148589.0
2025-11-10,@VX#C,18.5012,19.6,18.4,19.6,111216.0
2025-11-11,@VX#C,18.3268,18.7,18.2,18.45,62515.0
2025-11-12,@VX#C,18.3384,18.6,18.05,18.35,76838.0
2025-11-13,@VX#C,20.4452,20.9,18.2,18.4,125183.0
2025-11-14,@VX#C,20.0738,22.0,19.6,20.5,125183.0
2025-11-17,@VX#C,19.853,20.5537,17.2537,17.6037,118348.0
2025-11-18,@VX#C,21.7706,23.0037,19.5537,19.8037,1626.0
2025-11-19,@VX#C,21.2323,22.1,20.7,22.0,160802.0
2025-11-20,@VX#C,22.867,23.05,19.65,20.85,195023.0
2025-11-21,@VX#C,21.5533,23.45,21.3,22.8,195023.0
2025-11-24,@VX#C,19.8948,21.95,19.85,21.2,134919.0
2025-11-25,@VX#C,19.3179,20.75,19.25,19.9,107132.0
2025-11-26,@VX#C,18.7431,19.45,18.6,19.4,54869.0
2025-11-28,@VX#C,18.2687,18.85,18.2,18.75,54869.0
2025-12-01,@VX#C,18.3442,18.9,17.95,18.2,94695.0
2025-12-02,@VX#C,17.9472,18.4,17.9,18.3,78347.0
2025-12-03,@VX#C,17.7946,18.35,17.75,18.0,83172.0
2025-12-04,@VX#C,17.5422,17.95,17.5,17.8,72380.0
2025-12-05,@VX#C,17.2631,17.7,17.25,17.6,72380.0
2025-12-08,@VX#C,17.6046,17.85,17.2,17.25,81894.0
2025-12-09,@VX#C,17.609,17.8,17.3,17.5,56822.0
2025-12-10,@VX#C,16.6644,17.95,16.55,17.7,91736.0
2025-12-11,@VX#C,16.2564,17.4,16.05,16.75,123641.0
2025-12-12,@VX#C,16.5715,17.95,15.95,16.1,123641.0
2025-12-15,@VX#C,18.676,19.2724,18.2724,18.8224,85203.0
2025-12-16,@VX#C,18.5123,19.7224,18.4224,18.7224,1269.0
2025-12-17,@VX#C,18.8033,18.9,18.2,18.6,100117.0
2025-12-18,@VX#C,18.1867,18.85,18.05,18.75,80598.0
2025-12-19,@VX#C,17.4453,18.3,17.35,18.25,80598.0
2025-12-22,@VX#C,16.8537,17.3,16.8,17.3,73258.0
2025-12-23,@VX#C,16.9364,17.1,16.8,16.9,31402.0
2025-12-24,@VX#C,16.8532,17.0,16.75,16.95,40214.0
2025-12-26,@VX#C,16.8173,17.1,16.7,16.9,40214.0
2025-12-29,@VX#C,16.6251,17.05,16.45,16.8,70519.0
2025-12-30,@VX#C,16.3736,16.7,16.25,16.65,53082.0
2025-12-31,@VX#C,16.5325,16.65,16.2,16.35,70413.0
2026-01-02,@VX#C,16.1271,16.55,16.0,16.45,70413.0
2026-01-05,@VX#C,16.4125,16.5,15.9,16.15,69330.0
2026-01-06,@VX#C,16.2426,16.6,16.15,16.4,67422.0
2026-01-07,@VX#C,16.6914,16.8,16.15,16.2,81315.0
2026-01-08,@VX#C,16.5193,17.0,16.4,16.7,69865.0
2026-01-09,@VX#C,16.1552,16.75,16.1,16.55,69865.0
2026-01-12,@VX#C,16.1224,16.85,16.05,16.15,67130.0
2026-01-13,@VX#C,16.5992,16.9,15.8,16.1,98769.0
2026-01-14,@VX#C,17.287,18.05,16.6,16.6,135795.0
2026-01-15,@VX#C,16.5041,17.6,16.1,17.35,64804.0
2026-01-16,@VX#C,16.6389,16.9,16.2,16.45,64804.0
2026-01-19,@VX#C,18.6688,19.0688,17.2188,17.3688,64804.0
2026-01-20,@VX#C,20.3916,21.1188,17.9688,18.3188,1312.0
2026-01-21,@VX#C,18.4095,20.45,18.2,20.2,200069.0
2026-01-22,@VX#C,17.9803,18.45,17.95,18.35,78788.0
2026-01-23,@VX#C,18.346,18.5,17.8,18.05,78788.0
2026-01-26,@VX#C,18.2753,19.2,18.05,18.7,63544.0
2026-01-27,@VX#C,18.594,18.65,18.05,18.35,66085.0
2026-01-28,@VX#C,18.6005,18.95,18.25,18.5,83445.0
2026-01-29,@VX#C,18.7805,20.1,18.3,18.4,118437.0
2026-01-30,@VX#C,19.0448,20.0,18.5,18.85,118437.0
2026-02-02,@VX#C,17.9118,20.9,17.85,19.55,119676.0
2026-02-03,@VX#C,18.9085,20.05,17.9,17.9,156055.0
2026-02-04,@VX#C,19.2928,20.4,18.55,19.0,148488.0
2026-02-05,@VX#C,20.8475,21.35,18.95,19.15,196557.0
2026-02-06,@VX#C,19.1365,22.15,18.95,21.35,123268.0
