date,price,signal,net_prob,strength,strength_tier,bullish_slopes,bearish_slopes,total_slopes,agreement_ratio,agreement_tier,correct_1d,actual_move_1d,correct_3d,actual_move_3d,correct_5d,actual_move_5d,correct_10d,actual_move_10d
2025-03-02,87.5,BULLISH,0.6,0.6,strong,12,3,15,0.8,majority,False,-0.14285714285714285,False,-0.6171428571428643,False,-0.7108571428571427,False,-0.328000000000007
2025-03-03,87.375,BULLISH,0.4666666666666667,0.4666666666666667,medium,11,4,15,0.7333333333333333,majority,False,-0.12017167381974704,False,-0.29184549356222655,False,-0.5688125894134476,False,-0.4257510729613732
2025-03-04,87.27,BULLISH,0.7333333333333333,0.7333333333333333,strong,13,2,15,0.8666666666666667,majority,False,-0.3552194339406466,False,-0.44918070356364836,False,-0.44918070356364836,False,-0.3059470608456467
2025-03-05,86.96,BULLISH,0.8666666666666667,0.8666666666666667,strong,14,1,15,0.9333333333333333,unanimous,True,0.18399264029440066,False,-0.09429622815086665,True,0.4312327506899724,True,0.04944802207912416
2025-03-06,87.12,BULLISH,0.6,0.6,strong,12,3,15,0.8,majority,False,-0.27777777777778284,False,-0.27777777777778284,True,0.11134067952249103,False,-0.1342975206611621
2025-03-07,86.878,BULLISH,0.7333333333333333,0.7333333333333333,strong,13,2,15,0.8666666666666667,majority,False,0.0,True,0.5260250005755124,True,0.38559819517023153,False,-0.08402587536544728
2025-03-08,86.878,BULLISH,0.8666666666666667,0.8666666666666667,strong,14,1,15,0.9333333333333333,unanimous,False,0.0,True,0.39020235272450865,True,0.14387992357098459,False,-0.3487649347360635
2025-03-09,86.878,BULLISH,0.8666666666666667,0.8666666666666667,strong,14,1,15,0.9333333333333333,unanimous,True,0.5260250005755124,True,0.38559819517023153,True,0.14387992357098459,False,-0.4949469370841949
2025-03-10,87.335,BULLISH,0.6,0.6,strong,12,3,15,0.8,majority,False,-0.13511192534493044,False,-0.380145417072186,False,-0.380145417072186,False,-1.1026507127726501
2025-03-11,87.217,BULLISH,1.0,1.0,strong,15,0,15,1.0,unanimous,False,-0.00458626185262608,False,-0.24536500911519388,False,-0.24536500911519388,False,-1.4205946088491972
2025-03-12,87.213,BULLISH,1.0,1.0,strong,15,0,15,1.0,unanimous,False,-0.2407897905128751,False,-0.2407897905128751,False,-0.46782016442501356,False,-1.4160732918257595
2025-03-13,87.003,BULLISH,1.0,1.0,strong,15,0,15,1.0,unanimous,False,0.0,False,0.0,False,-0.4919370596416184,False,-1.178120294702488
2025-03-14,87.003,BULLISH,0.6,0.6,strong,12,3,15,0.8,majority,False,0.0,False,-0.22757835936691068,False,-0.6379090376194002,False,-1.5666126455409577
2025-03-15,87.003,BULLISH,0.8666666666666667,0.8666666666666667,strong,14,1,15,0.9333333333333333,unanimous,False,0.0,False,-0.4919370596416184,False,-0.7252623472753816,False,-1.4286863671367598
2025-03-16,87.003,BULLISH,1.0,1.0,strong,15,0,15,1.0,unanimous,False,-0.22757835936691068,False,-0.6379090376194002,False,-1.178120294702488,False,-1.4861556498051864
2025-03-17,86.805,BULLISH,0.8666666666666667,0.8666666666666667,strong,14,1,15,0.9333333333333333,unanimous,False,-0.2649616957548574,False,-0.4988191924428396,False,-0.9527100973446372,False,-1.1750475203041417
2025-03-18,86.575,BULLISH,0.4666666666666667,0.4666666666666667,medium,11,4,15,0.7333333333333333,majority,False,-0.14669361825008323,False,-0.6895755125613727,False,-0.6895755125613727,False,-1.2705746462604777
2025-03-19,86.448,BULLISH,0.7333333333333333,0.7333333333333333,strong,13,2,15,0.8666666666666667,majority,False,-0.08791412178418634,False,-0.5436794373496193,False,-0.9346659263372118,False,-1.1255321117897452
2025-03-20,86.372,BULLISH,0.7333333333333333,0.7333333333333333,strong,13,2,15,0.8666666666666667,majority,False,-0.4561663502060916,False,-0.4561663502060916,False,-0.7085629602185833,False,-1.0385310054184291
2025-03-21,85.978,BULLISH,0.8666666666666667,0.8666666666666667,strong,14,1,15,0.9333333333333333,unanimous,False,0.0,False,-0.3931238223731581,False,-0.31170764614203716,False,-0.585033380632255
2025-03-22,85.978,BULLISH,0.8666666666666667,0.8666666666666667,strong,14,1,15,0.9333333333333333,unanimous,False,0.0,False,-0.25355323454836043,False,-0.22447602875153858,False,-0.585033380632255
2025-03-23,85.978,BULLISH,0.6,0.6,strong,12,3,15,0.8,majority,False,-0.3931238223731581,False,-0.31170764614203716,False,-0.585033380632255,False,-0.5524669101397967
2025-03-24,85.64,BULLISH,0.8666666666666667,0.8666666666666667,strong,14,1,15,0.9333333333333333,unanimous,True,0.14012143858010806,True,0.16931340495095284,False,-0.1926669780476486,False,-0.2393741242410069
2025-03-25,85.76,BULLISH,0.7333333333333333,0.7333333333333333,strong,13,2,15,0.8666666666666667,majority,False,-0.058302238805983404,False,-0.3323227611940424,False,-0.3323227611940424,False,-0.6063432835821014
2025-03-26,85.71,BULLISH,0.7333333333333333,0.7333333333333333,strong,13,2,15,0.8666666666666667,majority,True,0.08750437521876427,False,-0.2741803756854503,False,-0.2741803756854503,False,-0.5483607513709006
2025-03-27,85.785,BULLISH,0.8666666666666667,0.8666666666666667,strong,14,1,15,0.9333333333333333,unanimous,False,-0.36136853762313026,False,-0.36136853762313026,False,-0.36136853762313026,False,-0.6353092032406618
2025-03-28,85.475,BULLISH,0.7333333333333333,0.7333333333333333,strong,13,2,15,0.8666666666666667,majority,False,0.0,False,0.0,True,0.032758116408313304,True,0.4270254460368636
2025-03-29,85.475,BULLISH,0.7333333333333333,0.7333333333333333,strong,13,2,15,0.8666666666666667,majority,False,0.0,False,0.0,False,-0.0467973091547143,True,0.9300965194501336
2025-03-30,85.475,BULLISH,0.4666666666666667,0.4666666666666667,medium,11,4,15,0.7333333333333333,majority,False,0.0,True,0.032758116408313304,False,-0.27493419128400054,True,1.4238081310324642
2025-03-31,85.475,BULLISH,0.6,0.6,strong,12,3,15,0.8,majority,False,0.0,False,-0.0467973091547143,False,-0.27493419128400054,True,1.4238081310324642
2025-04-01,85.475,BULLISH,0.4666666666666667,0.4666666666666667,medium,11,4,15,0.7333333333333333,majority,True,0.032758116408313304,False,-0.27493419128400054,False,-0.27493419128400054,True,0.66686165545482
2025-04-02,85.503,BULLISH,0.4666666666666667,0.4666666666666667,medium,11,4,15,0.7333333333333333,majority,False,-0.07952937323836337,False,-0.3075915464954507,True,0.39413821737249377,True,0.6338958866940361
2025-04-03,85.435,BULLISH,0.4666666666666667,0.4666666666666667,medium,11,4,15,0.7333333333333333,majority,False,-0.22824369403641057,False,-0.22824369403641057,True,0.9773512026686881,True,0.7139930941651541
2025-04-04,85.24,BULLISH,0.3333333333333333,0.3333333333333333,medium,10,5,15,0.6666666666666666,majority,False,0.0,True,0.7038948850305121,True,1.703425621773813,True,0.9443923040825983
2025-04-05,85.24,BULLISH,0.3333333333333333,0.3333333333333333,medium,10,5,15,0.6666666666666666,majority,False,0.0,True,1.20835288596903,True,1.703425621773813,True,0.6299859221023066
2025-04-06,85.24,BULLISH,0.4666666666666667,0.4666666666666667,medium,11,4,15,0.7333333333333333,majority,True,0.7038948850305121,True,1.703425621773813,True,0.9443923040825983,True,0.5197090567808682
2025-04-07,85.84,BULLISH,0.6,0.6,strong,12,3,15,0.8,majority,True,0.5009319664491991,True,0.9925442684063254,True,0.23881640260950404,False,-0.5452003727865837
2025-04-08,86.27,BULLISH,0.6,0.6,strong,12,3,15,0.8,majority,True,0.48916193346470044,False,-0.26080908774776207,False,-0.26080908774776207,False,-1.0409180479888678
2025-04-09,86.692,BULLISH,0.6,0.6,strong,12,3,15,0.8,majority,False,0.0,False,-0.7463203063719737,False,-0.7463203063719737,False,-1.5226318460757549
2025-04-10,86.692,BULLISH,1.0,1.0,strong,15,0,15,1.0,unanimous,False,-0.7463203063719737,False,-0.7463203063719737,False,-1.0554607114843262,False,-1.5226318460757549
2025-04-11,86.045,BULLISH,0.8666666666666667,0.8666666666666667,strong,14,1,15,0.9333333333333333,unanimous,False,0.0,False,0.0,False,-0.4207100935556915,False,-1.0610726945203053
2025-04-12,86.045,BULLISH,0.7333333333333333,0.7333333333333333,strong,13,2,15,0.8666666666666667,majority,False,0.0,False,-0.31146493114068297,False,-0.7821488755883571,False,-0.9913417397873306
2025-04-13,86.045,BULLISH,0.7333333333333333,0.7333333333333333,strong,13,2,15,0.8666666666666667,majority,False,0.0,False,-0.4207100935556915,False,-0.7821488755883571,False,-0.7205531989075536
2025-04-14,86.045,BULLISH,0.8666666666666667,0.8666666666666667,strong,14,1,15,0.9333333333333333,unanimous,False,-0.31146493114068297,False,-0.7821488755883571,False,-0.7821488755883571,False,-0.9065024115288525
2025-04-15,85.777,BULLISH,0.7333333333333333,0.7333333333333333,strong,13,2,15,0.8666666666666667,majority,False,-0.10958648588781851,False,-0.47215454026137677,False,-0.47215454026137677,False,-0.3753920048497881
2025-04-16,85.683,BULLISH,0.7333333333333333,0.7333333333333333,strong,13,2,15,0.8666666666666667,majority,False,-0.36296581585612897,False,-0.36296581585612897,False,-0.6430680531727436,False,-0.2660971254507996
2025-04-17,85.372,BULLISH,0.7333333333333333,0.7333333333333333,strong,13,2,15,0.8666666666666667,majority,False,0.0,False,0.0,False,-0.21084196223586987,True,0.09722157147542333
2025-04-18,85.372,BULLISH,0.7333333333333333,0.7333333333333333,strong,13,2,15,0.8666666666666667,majority,False,0.0,False,-0.2811226163144765,True,0.06208124443611169,False,-0.39474300707492305
2025-04-19,85.372,BULLISH,0.8666666666666667,0.8666666666666667,strong,14,1,15,0.9333333333333333,unanimous,False,0.0,False,-0.21084196223586987,False,-0.12533383310687266,False,-0.12181980040294148
2025-04-20,85.372,BULLISH,0.7333333333333333,0.7333333333333333,strong,13,2,15,0.8666666666666667,majority,False,-0.2811226163144765,True,0.06208124443611169,True,0.09722157147542333,False,-1.029611582251798
2025-04-21,85.132,BULLISH,0.8666666666666667,0.8666666666666667,strong,14,1,15,0.9333333333333333,unanimous,True,0.07047878588543445,True,0.15622797537940558,True,0.3794107973499898,False,-0.750599069680038
2025-04-22,85.192,BULLISH,0.8666666666666667,0.8666666666666667,strong,14,1,15,0.9333333333333333,unanimous,True,0.27349985914170827,True,0.3087144332801264,True,0.3087144332801264,False,-0.7125082167339649
2025-04-23,85.425,BULLISH,0.7333333333333333,0.7333333333333333,strong,13,2,15,0.8666666666666667,majority,False,-0.18729880011705777,True,0.03511852502195041,False,-0.4565408252853387,False,-0.9833187006145782
2025-04-24,85.265,BULLISH,0.8666666666666667,0.8666666666666667,strong,14,1,15,0.9333333333333333,unanimous,True,0.2228346918430748,True,0.2228346918430748,True,0.003518442502785567,False,-0.7975136339647063
2025-04-25,85.455,BULLISH,0.6,0.6,strong,12,3,15,0.8,majority,False,0.0,False,-0.4914867474109201,False,-1.1257386928792972,False,-1.4042478497454836
2025-04-26,85.455,BULLISH,1.0,1.0,strong,15,0,15,1.0,unanimous,False,0.0,False,-0.21882862325200117,False,-1.1257386928792972,False,-1.1901000526592895
2025-04-27,85.455,BULLISH,0.7333333333333333,0.7333333333333333,strong,13,2,15,0.8666666666666667,majority,False,-0.4914867474109201,False,-1.1257386928792972,False,-1.0180796910654784,False,-0.7313790884091043
2025-04-28,85.035,BULLISH,0.7333333333333333,0.7333333333333333,strong,13,2,15,0.8666666666666667,majority,True,0.2740048215440749,False,-0.6373846063385684,False,-0.5291938613512116,True,0.7996707238196118
2025-04-29,85.268,BULLISH,0.7333333333333333,0.7333333333333333,strong,13,2,15,0.8666666666666667,majority,False,-0.9088990007974923,False,-0.8010038936060502,False,-0.8010038936060502,True,0.12548670075526494
2025-04-30,84.493,BULLISH,0.8666666666666667,0.8666666666666667,strong,14,1,15,0.9333333333333333,unanimous,False,0.0,True,0.10888475968423272,False,-0.28168013918312707,True,1.043873456972773
2025-05-01,84.493,BULLISH,0.8666666666666667,0.8666666666666667,strong,14,1,15,0.9333333333333333,unanimous,True,0.10888475968423272,True,0.10888475968423272,False,-0.06509414981121822,True,1.043873456972773
2025-05-02,84.585,BULLISH,0.8666666666666667,0.8666666666666667,strong,14,1,15,0.9333333333333333,unanimous,False,0.0,False,-0.39014009576165787,True,0.2896494650351771,True,0.9339717443991326
2025-05-03,84.585,BULLISH,0.8666666666666667,0.8666666666666667,strong,14,1,15,0.9333333333333333,unanimous,False,0.0,False,-0.17378967902109282,True,1.3359342673050894,True,0.8866820358219544
2025-05-04,84.585,BULLISH,0.7333333333333333,0.7333333333333333,strong,13,2,15,0.8666666666666667,majority,False,-0.39014009576165787,True,0.2896494650351771,True,0.9339717443991326,True,0.8157474729562121
2025-05-05,84.255,BULLISH,0.6,0.6,strong,12,3,15,0.8,majority,True,0.2171977924158886,True,1.7328348465966505,True,1.3292979645124972,True,1.5429351373805844
2025-05-06,84.438,BULLISH,0.8666666666666667,0.8666666666666667,strong,14,1,15,0.9333333333333333,unanimous,True,0.4642459556123971,True,1.1096899500224988,True,1.1096899500224988,True,1.2695705724910618
2025-05-07,84.83,BULLISH,0.8666666666666667,0.8666666666666667,strong,14,1,15,0.9333333333333333,unanimous,True,1.0432629965814042,True,0.6424613933749873,True,0.6424613933749873,True,0.8016032064128338
2025-05-08,85.715,BULLISH,0.8666666666666667,0.8666666666666667,strong,14,1,15,0.9333333333333333,unanimous,False,-0.39666336113866113,False,-0.39666336113866113,False,-0.4433296389196869,False,-0.23916467362771776
2025-05-09,85.375,BULLISH,0.8666666666666667,0.8666666666666667,strong,14,1,15,0.9333333333333333,unanimous,False,0.0,False,0.0,False,-0.11713030746705044,True,0.035139092240118464
2025-05-10,85.375,BULLISH,0.8666666666666667,0.8666666666666667,strong,14,1,15,0.9333333333333333,unanimous,False,0.0,False,-0.04685212298683016,True,0.21083455344071078,True,0.310395314787702
2025-05-11,85.375,BULLISH,0.8666666666666667,0.8666666666666667,strong,14,1,15,0.9333333333333333,unanimous,False,0.0,False,-0.11713030746705044,True,0.15812591508053306,True,0.31390922401171384
2025-05-12,85.375,BULLISH,0.3333333333333333,0.3333333333333333,medium,10,5,15,0.6666666666666666,majority,False,-0.04685212298683016,True,0.21083455344071078,True,0.15812591508053306,True,0.7402635431918068
2025-05-13,85.335,BULLISH,0.6,0.6,strong,12,3,15,0.8,majority,False,-0.07031112673579196,True,0.205074119646114,True,0.205074119646114,False,-0.13827854924707916
2025-05-14,85.275,BULLISH,0.8666666666666667,0.8666666666666667,strong,14,1,15,0.9333333333333333,unanimous,True,0.3283494576370579,True,0.27557900908824323,True,0.15244796247434234,False,-0.06801524479625556
2025-05-15,85.555,BULLISH,0.4666666666666667,0.4666666666666667,medium,11,4,15,0.7333333333333333,majority,False,-0.052597744141197715,False,-0.052597744141197715,True,0.09935129448891793,False,-0.39506750043832395
2025-05-16,85.51,BULLISH,0.8666666666666667,0.8666666666666667,strong,14,1,15,0.9333333333333333,unanimous,False,0.0,False,-0.12279265582973216,True,0.155537364050983,False,-0.491170623318912
2025-05-17,85.51,BULLISH,0.8666666666666667,0.8666666666666667,strong,14,1,15,0.9333333333333333,unanimous,False,0.0,True,0.1520290024558478,True,0.5812185709273767,False,-0.2046544263828925
2025-05-18,85.51,BULLISH,0.8666666666666667,0.8666666666666667,strong,14,1,15,0.9333333333333333,unanimous,False,-0.12279265582973216,True,0.155537364050983,False,-0.34264998245819944,False,-0.16957081043154043
2025-05-19,85.405,BULLISH,0.8666666666666667,0.8666666666666667,strong,14,1,15,0.9333333333333333,unanimous,True,0.27515953398512905,True,0.7048767636555282,False,-0.22012762718810652,True,0.12528540483578166
2025-05-20,85.64,BULLISH,0.8666666666666667,0.8666666666666667,strong,14,1,15,0.9333333333333333,unanimous,True,0.003503035964502702,False,-0.4939280709948643,False,-0.4939280709948643,False,-0.0677253619803911
2025-05-21,85.643,BULLISH,0.7333333333333333,0.7333333333333333,strong,13,2,15,0.8666666666666667,majority,True,0.4250201417512281,False,-0.49741368237918093,False,-0.6457036768912781,False,-0.07122590287590001
2025-05-22,86.007,BULLISH,0.8666666666666667,0.8666666666666667,strong,14,1,15,0.9333333333333333,unanimous,False,-0.9185298871022198,False,-0.9185298871022198,False,-0.7813317520667054,False,-0.4941458253398111
2025-05-23,85.217,BULLISH,0.8666666666666667,0.8666666666666667,strong,14,1,15,0.9333333333333333,unanimous,False,0.0,False,-0.1490312965722747,True,0.17367426687162907,True,0.1994907119471487
2025-05-24,85.217,BULLISH,0.8666666666666667,0.8666666666666667,strong,14,1,15,0.9333333333333333,unanimous,False,0.0,True,0.13847002358683713,True,0.3461750589671095,True,0.44357346538836157
2025-05-25,85.217,BULLISH,1.0,1.0,strong,15,0,15,1.0,unanimous,False,-0.1490312965722747,True,0.17367426687162907,True,0.42831829329827953,True,0.8073506459978671
2025-05-26,85.09,BULLISH,1.0,1.0,strong,15,0,15,1.0,unanimous,True,0.2879304266071105,True,0.49594546950287577,True,0.5782113056763312,True,0.8285344928898793
2025-05-27,85.335,BULLISH,0.8666666666666667,0.8666666666666667,strong,14,1,15,0.9333333333333333,unanimous,True,0.035155563367904305,True,0.28944747172906765,True,0.28944747172906765,True,0.34569637311771456
2025-05-28,85.365,BULLISH,0.8666666666666667,0.8666666666666667,strong,14,1,15,0.9333333333333333,unanimous,True,0.17220172201722672,True,0.2542025420254188,True,0.02577168628829798,True,0.31043167574532954
2025-05-29,85.512,BULLISH,0.7333333333333333,0.7333333333333333,strong,13,2,15,0.8666666666666667,majority,True,0.08185985592664559,True,0.08185985592664559,True,0.09706240059874452,True,0.1379923285620673
2025-05-30,85.582,BULLISH,0.8666666666666667,0.8666666666666667,strong,14,1,15,0.9333333333333333,unanimous,False,0.0,False,-0.22785165104810967,True,0.37741581173612154,True,0.050244210231130806
2025-05-31,85.582,BULLISH,0.8666666666666667,0.8666666666666667,strong,14,1,15,0.9333333333333333,unanimous,False,0.0,True,0.015190110069880617,True,0.24888411114487638,True,0.029211750134380696
2025-06-01,85.582,BULLISH,0.7333333333333333,0.7333333333333333,strong,13,2,15,0.8666666666666667,majority,False,-0.22785165104810967,True,0.37741581173612154,True,0.05608656025800031,False,-0.07828749036011436
2025-06-02,85.387,BULLISH,0.8666666666666667,0.8666666666666667,strong,14,1,15,0.9333333333333333,unanimous,True,0.24359680044971532,True,0.4778244931898313,True,0.28458664667923106,True,0.2553081850867269
2025-06-03,85.595,BULLISH,0.6,0.6,strong,12,3,15,0.8,majority,True,0.36217068754016274,True,0.04089023891582054,True,0.04089023891582054,True,0.5724633448215374
2025-06-04,85.905,BULLISH,0.6,0.6,strong,12,3,15,0.8,majority,False,-0.12804842558640292,False,-0.3201210639660156,False,-0.32594144694721044,True,0.20953378732319725
2025-06-05,85.795,BULLISH,0.7333333333333333,0.7333333333333333,strong,13,2,15,0.8666666666666667,majority,False,-0.19231889970278718,False,-0.19231889970278718,False,-0.21912698875226105,True,0.3380150358412402
2025-06-06,85.63,BULLISH,0.6,0.6,strong,12,3,15,0.8,majority,False,0.0,False,-0.005839075090500354,False,-0.1342987270816243,True,0.5138386079644958
2025-06-07,85.63,BULLISH,0.7333333333333333,0.7333333333333333,strong,13,2,15,0.8666666666666667,majority,False,0.0,False,-0.02685974541632154,False,-0.029195375452518362,True,0.7182062361322074
2025-06-08,85.63,BULLISH,0.7333333333333333,0.7333333333333333,strong,13,2,15,0.8666666666666667,majority,False,-0.005839075090500354,False,-0.1342987270816243,True,0.5313558332360134,True,0.9949783954221697
2025-06-09,85.625,BULLISH,0.8666666666666667,0.8666666666666667,strong,14,1,15,0.9333333333333333,unanimous,False,-0.021021897810219774,False,-0.023357664233571995,True,0.5372262773722555,True,1.2881751824817453
2025-06-10,85.607,BULLISH,0.6,0.6,strong,12,3,15,0.8,majority,False,-0.10746784725547999,True,0.5583655542186905,True,0.5583655542186905,True,1.1482705853493338
2025-06-11,85.515,BULLISH,0.8666666666666667,0.8666666666666667,strong,14,1,15,0.9333333333333333,unanimous,True,0.10524469391335252,True,0.6665497281178661,True,0.649008945798974,True,1.2570893995205552
2025-06-12,85.605,BULLISH,0.8666666666666667,0.8666666666666667,strong,14,1,15,0.9333333333333333,unanimous,True,0.560714911512166,True,0.560714911512166,True,0.747619882016238,True,1.1506337246656146
2025-06-13,86.085,BULLISH,0.8666666666666667,0.8666666666666667,strong,14,1,15,0.9333333333333333,unanimous,False,0.0,False,-0.017424638438753057,True,0.46117209734565323,True,0.7724923041180302
2025-06-14,86.085,BULLISH,0.3333333333333333,0.3333333333333333,medium,10,5,15,0.6666666666666666,majority,False,0.0,True,0.18586281001337143,True,0.7469361677411869,False,-0.12197246907125489
2025-06-15,86.085,BULLISH,0.4666666666666667,0.4666666666666667,medium,11,4,15,0.7333333333333333,majority,False,-0.017424638438753057,True,0.46117209734565323,True,0.5866294941046752,True,0.005808212812928691
2025-06-16,86.07,BULLISH,0.4666666666666667,0.4666666666666667,medium,11,4,15,0.7333333333333333,majority,True,0.20332287672825766,True,0.7644940164982007,True,0.6041594051353669,False,-0.41826420355524513
2025-06-17,86.245,BULLISH,0.6,0.6,strong,12,3,15,0.8,majority,True,0.2747985390457357,True,0.4000231897501291,True,0.4000231897501291,False,-0.8870079424894203
2025-06-18,86.482,BULLISH,0.3333333333333333,0.3333333333333333,medium,10,5,15,0.6666666666666666,majority,True,0.2844522559607723,True,0.12488147822668774,True,0.30989107559954754,False,-1.1586226035475538
2025-06-19,86.728,BULLISH,0.6,0.6,strong,12,3,15,0.8,majority,False,-0.15911816253112146,False,-0.15911816253112146,False,-0.8624665621252543,False,-1.4389816437597898
2025-06-20,86.59,BULLISH,0.3333333333333333,0.3333333333333333,medium,10,5,15,0.6666666666666666,majority,False,0.0,True,0.18477884282249288,False,-0.5774338838203026,False,-0.9585402471417003
2025-06-21,86.59,BULLISH,0.7333333333333333,0.7333333333333333,strong,13,2,15,0.8666666666666667,majority,False,0.0,False,-0.7044693382607684,False,-1.0162836355237437,False,-1.229934172537242
2025-06-22,86.59,BULLISH,0.3333333333333333,0.3333333333333333,medium,10,5,15,0.6666666666666666,majority,True,0.18477884282249288,False,-0.5774338838203026,False,-1.2819032220810709,False,-1.0197482388266657
2025-06-23,86.75,BULLISH,0.7333333333333333,0.7333333333333333,strong,13,2,15,0.8666666666666667,majority,False,-0.8876080691642606,False,-1.1988472622478459,False,-1.4639769452449523,False,-1.6541786743515876
2025-06-24,85.98,BULLISH,0.6,0.6,strong,12,3,15,0.8,majority,True,0.12793672947196955,False,-0.5815305885089556,False,-0.5815305885089556,False,-0.6780646662014402
2025-06-25,86.09,BULLISH,0.7333333333333333,0.7333333333333333,strong,13,2,15,0.8666666666666667,majority,False,-0.44139853641539045,False,-0.708560808456266,False,-0.38331978162388003,False,-0.8049715414101497
2025-06-26,85.71,BULLISH,0.7333333333333333,0.7333333333333333,strong,13,2,15,0.8666666666666667,majority,False,-0.26834675067085495,False,-0.26834675067085495,False,-0.2158441255395964,False,-0.36518492591294854
2025-06-27,85.48,BULLISH,0.6,0.6,strong,12,3,15,0.8,majority,False,0.0,True,0.3275620028076756,True,0.2655591951333524,True,0.43869911090313524
2025-06-28,85.48,BULLISH,0.8666666666666667,0.8666666666666667,strong,14,1,15,0.9333333333333333,unanimous,False,0.0,True,0.052643893308378216,False,-0.1930276087973868,True,0.2573701450631713
2025-06-29,85.48,BULLISH,0.8666666666666667,0.8666666666666667,strong,14,1,15,0.9333333333333333,unanimous,True,0.3275620028076756,True,0.2655591951333524,False,-0.09709873654655873,True,0.2304632662611169
2025-06-30,85.76,BULLISH,0.8666666666666667,0.8666666666666667,strong,14,1,15,0.9333333333333333,unanimous,False,-0.274020522388059,False,-0.5188899253731429,False,-0.42327425373134275,False,-0.13992537313433367
2025-07-01,85.525,BULLISH,0.7333333333333333,0.7333333333333333,strong,13,2,15,0.8666666666666667,majority,True,0.21280327389650738,False,-0.14966384098216906,False,-0.14966384098216906,True,0.3273896521484959
2025-07-02,85.707,BULLISH,0.7333333333333333,0.7333333333333333,strong,13,2,15,0.8666666666666667,majority,False,-0.4573722099711761,False,-0.36169741094658325,True,0.17268134458096812,True,0.11434305249281061
2025-07-03,85.315,BULLISH,0.7333333333333333,0.7333333333333333,strong,13,2,15,0.8666666666666667,majority,True,0.09611439957804355,True,0.09611439957804355,True,0.4512688272871185,True,0.574342143819972
2025-07-04,85.397,BULLISH,0.8666666666666667,0.8666666666666667,strong,14,1,15,0.9333333333333333,unanimous,False,0.0,True,0.5363186060400229,True,0.32788037050482,True,0.6944037846762641
2025-07-05,85.397,BULLISH,1.0,1.0,strong,15,0,15,1.0,unanimous,False,0.0,True,0.3548134009391398,True,0.2845533215452475,True,0.4894785531107558
2025-07-06,85.397,BULLISH,0.8666666666666667,0.8666666666666667,strong,14,1,15,0.9333333333333333,unanimous,True,0.5363186060400229,True,0.32788037050482,True,0.4777685398784515,True,0.6417087251308449
2025-07-07,85.855,BULLISH,0.8666666666666667,0.8666666666666667,strong,14,1,15,0.9333333333333333,unanimous,False,-0.1805369518374016,False,-0.25042222351639787,False,-0.05823772639915807,True,0.2620697687962195
2025-07-08,85.7,BULLISH,0.8666666666666667,0.8666666666666667,strong,14,1,15,0.9333333333333333,unanimous,False,-0.026837806301045666,True,0.1225204200700163,True,0.1225204200700163,True,0.52742123687281
2025-07-09,85.677,BULLISH,0.6,0.6,strong,12,3,15,0.8,majority,False,-0.043185452338441045,True,0.14939832160323085,True,0.36532558329538634,True,0.5544078340744824
2025-07-10,85.64,BULLISH,0.8666666666666667,0.8666666666666667,strong,14,1,15,0.9333333333333333,unanimous,True,0.1926669780476486,True,0.1926669780476486,True,0.20434376459597986,True,0.5978514712751056
2025-07-11,85.805,BULLISH,0.8666666666666667,0.8666666666666667,strong,14,1,15,0.9333333333333333,unanimous,False,0.0,True,0.21560515121495025,True,0.1631606549734705,True,0.5745585921566283
2025-07-12,85.805,BULLISH,0.8666666666666667,0.8666666666666667,strong,14,1,15,0.9333333333333333,unanimous,False,0.0,True,0.01165433249809557,True,0.32049414369790974,True,0.6608006526426118
2025-07-13,85.805,BULLISH,1.0,1.0,strong,15,0,15,1.0,unanimous,True,0.21560515121495025,True,0.1631606549734705,True,0.4044053376842774,True,0.7074179826350437
2025-07-14,85.99,BULLISH,0.8666666666666667,0.8666666666666667,strong,14,1,15,0.9333333333333333,unanimous,False,-0.20351203628328546,True,0.10466333294569534,True,0.1883939993022516,True,0.488428887079895
2025-07-15,85.815,BULLISH,0.8666666666666667,0.8666666666666667,strong,14,1,15,0.9333333333333333,unanimous,True,0.15148866748236958,True,0.3927052380120064,True,0.3927052380120064,True,0.8157082095204835
2025-07-16,85.945,BULLISH,0.8666666666666667,0.8666666666666667,strong,14,1,15,0.9333333333333333,unanimous,True,0.15707720053523197,True,0.2408517074873557,True,0.41072779102915663,True,0.6632148467042962
2025-07-17,86.08,BULLISH,0.8666666666666667,0.8666666666666667,strong,14,1,15,0.9333333333333333,unanimous,True,0.0836431226765831,True,0.0836431226765831,True,0.33921933085502043,True,0.5053438661710064
2025-07-18,86.152,BULLISH,1.0,1.0,strong,15,0,15,1.0,unanimous,False,0.0,True,0.16946791716965456,True,0.30179218126103297,True,0.42134831460674105
2025-07-19,86.152,BULLISH,0.8666666666666667,0.8666666666666667,strong,14,1,15,0.9333333333333333,unanimous,False,0.0,True,0.2553626149131754,True,0.2994707029436294,True,0.7753737580090911
2025-07-20,86.152,BULLISH,1.0,1.0,strong,15,0,15,1.0,unanimous,True,0.16946791716965456,True,0.30179218126103297,True,0.42134831460674105,True,1.4776209490203316
2025-07-21,86.298,BULLISH,1.0,1.0,strong,15,0,15,1.0,unanimous,True,0.08574938005515548,True,0.12978284548888128,True,0.2514542631347178,True,1.5087255788083067
2025-07-22,86.372,BULLISH,1.0,1.0,strong,15,0,15,1.0,unanimous,True,0.04631130458945752,True,0.16556291390728556,True,0.16556291390728556,True,1.358079007085632
2025-07-23,86.412,BULLISH,0.8666666666666667,0.8666666666666667,strong,14,1,15,0.9333333333333333,unanimous,False,-0.0023144933574151157,True,0.11919640790630284,True,0.11919640790630284,True,1.3111604869693971
2025-07-24,86.41,BULLISH,0.8666666666666667,0.8666666666666667,strong,14,1,15,0.9333333333333333,unanimous,True,0.1215137136905497,True,0.1215137136905497,True,0.4744821201249816,True,1.3135053813216122
2025-07-25,86.515,BULLISH,0.8666666666666667,0.8666666666666667,strong,14,1,15,0.9333333333333333,unanimous,False,0.0,False,0.0,True,1.051840721262205,True,1.3234699185112362
2025-07-26,86.515,BULLISH,0.8666666666666667,0.8666666666666667,strong,14,1,15,0.9333333333333333,unanimous,False,0.0,True,0.352540021961501,True,1.2541177830433956,True,1.491070912558523
2025-07-27,86.515,BULLISH,0.8666666666666667,0.8666666666666667,strong,14,1,15,0.9333333333333333,unanimous,False,0.0,True,1.051840721262205,True,1.190544992197886,True,1.4136276946194288
2025-07-28,86.515,BULLISH,1.0,1.0,strong,15,0,15,1.0,unanimous,True,0.352540021961501,True,1.2541177830433956,True,1.190544992197886,True,1.3777957579610391
2025-07-29,86.82,BULLISH,0.8666666666666667,0.8666666666666667,strong,14,1,15,0.9333333333333333,unanimous,True,0.6968440451508916,True,0.8350610458419817,True,0.8350610458419817,True,0.973278046533072
2025-07-30,87.425,BULLISH,0.7333333333333333,0.7333333333333333,strong,13,2,15,0.8666666666666667,majority,True,0.2001715756362564,True,0.1372605090077261,True,0.2688018301401195,True,0.2745210180154522
2025-07-31,87.6,BULLISH,1.0,1.0,strong,15,0,15,1.0,unanimous,False,-0.06278538812784544,False,-0.06278538812784544,True,0.23401826484019694,True,0.07420091324202277
2025-08-01,87.545,BULLISH,1.0,1.0,strong,15,0,15,1.0,unanimous,False,0.0,True,0.13136101433547875,True,0.22045805014563694,True,0.1370723627848587
2025-08-02,87.545,BULLISH,0.8666666666666667,0.8666666666666667,strong,14,1,15,0.9333333333333333,unanimous,False,0.0,True,0.2969901193671884,True,0.185047689759543,True,0.19647038665828667
2025-08-03,87.545,BULLISH,0.8666666666666667,0.8666666666666667,strong,14,1,15,0.9333333333333333,unanimous,True,0.13136101433547875,True,0.22045805014563694,True,0.1370723627848587,False,-0.11422696898738766
2025-08-04,87.66,BULLISH,1.0,1.0,strong,15,0,15,1.0,unanimous,True,0.1654118183892428,True,0.05361624458133362,True,0.005703855806536235,False,-0.11978097193701776
2025-08-05,87.805,BULLISH,0.6,0.6,strong,12,3,15,0.8,majority,False,-0.07630544957577276,False,-0.15944422299413535,False,-0.15944422299413535,False,-0.28472182677524055
2025-08-06,87.738,BULLISH,0.7333333333333333,0.7333333333333333,strong,13,2,15,0.8666666666666667,majority,False,-0.03533246711801718,False,-0.0832022612778879,False,-0.0832022612778879,False,-0.20857553169663398
2025-08-07,87.707,BULLISH,0.7333333333333333,0.7333333333333333,strong,13,2,15,0.8666666666666667,majority,False,-0.04788671371724877,False,-0.04788671371724877,True,0.01140159850411611,False,-0.17330429726246116
2025-08-08,87.665,BULLISH,0.8666666666666667,0.8666666666666667,strong,14,1,15,0.9333333333333333,unanimous,False,0.0,False,0.0,False,-0.2509553413563145,False,-0.3536188900929701
2025-08-09,87.665,BULLISH,1.0,1.0,strong,15,0,15,1.0,unanimous,False,0.0,True,0.05931671704784405,False,-0.1254776706781491,False,-0.8041977984372468
2025-08-10,87.665,BULLISH,0.8666666666666667,0.8666666666666667,strong,14,1,15,0.9333333333333333,unanimous,False,0.0,False,-0.2509553413563145,False,-0.1254776706781491,False,-0.6787201277590977
2025-08-11,87.665,BULLISH,0.6,0.6,strong,12,3,15,0.8,majority,True,0.05931671704784405,False,-0.1254776706781491,False,-0.1254776706781491,False,-0.44487537785889525
2025-08-12,87.717,BULLISH,1.0,1.0,strong,15,0,15,1.0,unanimous,False,-0.31008812430886323,False,-0.18468483874276587,False,-0.18468483874276587,False,-0.2074854361184288
2025-08-13,87.445,BULLISH,1.0,1.0,strong,15,0,15,1.0,unanimous,True,0.1257933558236762,True,0.1257933558236762,False,-0.10292183658298269,True,0.10292183658299893
2025-08-14,87.555,BULLISH,0.6,0.6,strong,12,3,15,0.8,majority,False,0.0,False,0.0,False,-0.6795728399292023,False,-0.022842784535446553
2025-08-15,87.555,BULLISH,0.8666666666666667,0.8666666666666667,strong,14,1,15,0.9333333333333333,unanimous,False,0.0,False,-0.22842784535435195,False,-0.5539375249843111,True,0.03426417680313737
2025-08-16,87.555,BULLISH,0.8666666666666667,0.8666666666666667,strong,14,1,15,0.9333333333333333,unanimous,False,0.0,False,-0.6795728399292023,False,-0.31979898349608943,True,0.1519045171606368
2025-08-17,87.555,BULLISH,0.8666666666666667,0.8666666666666667,strong,14,1,15,0.9333333333333333,unanimous,False,-0.22842784535435195,False,-0.5539375249843111,False,-0.022842784535446553,True,0.1519045171606368
2025-08-18,87.355,BULLISH,0.8666666666666667,0.8666666666666667,strong,14,1,15,0.9333333333333333,unanimous,False,-0.452177894797104,False,-0.09158033312345978,True,0.2060557495277804,True,0.31480739511188993
2025-08-19,86.96,BULLISH,1.0,1.0,strong,15,0,15,1.0,unanimous,True,0.12649494020239127,True,0.661223551057961,True,0.661223551057961,True,1.4259429622815192
2025-08-20,87.07,BULLISH,1.0,1.0,strong,15,0,15,1.0,unanimous,True,0.23544274721489897,True,0.5340530607557178,True,0.5914781210520278,True,1.297806362696692
2025-08-21,87.275,BULLISH,1.0,1.0,strong,15,0,15,1.0,unanimous,True,0.29790890862216085,True,0.29790890862216085,True,0.4732168433113683,True,1.0598682325981061
2025-08-22,87.535,BULLISH,0.8666666666666667,0.8666666666666667,strong,14,1,15,0.9333333333333333,unanimous,False,0.0,True,0.05712000913919822,True,0.1747872279659631,True,0.7596961215513867
2025-08-23,87.535,BULLISH,0.8666666666666667,0.8666666666666667,strong,14,1,15,0.9333333333333333,unanimous,False,0.0,True,0.1747872279659631,True,0.10852801736448148,True,0.7140001142400183
2025-08-24,87.535,BULLISH,0.7333333333333333,0.7333333333333333,strong,13,2,15,0.8666666666666667,majority,True,0.05712000913919822,True,0.1747872279659631,True,0.7596961215513867,True,0.616896098703383
2025-08-25,87.585,BULLISH,0.8666666666666667,0.8666666666666667,strong,14,1,15,0.9333333333333333,unanimous,True,0.11760004566993053,True,0.05137866072957893,True,0.7021750299708959,True,0.645087629160258
2025-08-26,87.688,BULLISH,1.0,1.0,strong,15,0,15,1.0,unanimous,False,0.0,True,0.5838883313566285,True,0.5838883313566285,True,0.6637168141592847
2025-08-27,87.688,BULLISH,1.0,1.0,strong,15,0,15,1.0,unanimous,False,-0.06614360003650092,True,0.5838883313566285,True,0.5838883313566285,True,0.6637168141592847
2025-08-28,87.63,BULLISH,0.8666666666666667,0.8666666666666667,strong,14,1,15,0.9333333333333333,unanimous,True,0.6504621704895668,True,0.6504621704895668,True,0.6048157023850292,True,0.7303434896724872
2025-08-29,88.2,BULLISH,1.0,1.0,strong,15,0,15,1.0,unanimous,False,0.0,False,0.0,False,-0.1417233560090703,True,0.07936507936507162
2025-08-30,88.2,BULLISH,0.8666666666666667,0.8666666666666667,strong,14,1,15,0.9333333333333333,unanimous,False,0.0,False,-0.045351473922909585,False,-0.05668934240362489,False,-0.10544217687075227
2025-08-31,88.2,BULLISH,0.8666666666666667,0.8666666666666667,strong,14,1,15,0.9333333333333333,unanimous,False,0.0,False,-0.1417233560090703,True,0.07936507936507162,False,-0.10770975056689214
2025-09-01,88.2,BULLISH,1.0,1.0,strong,15,0,15,1.0,unanimous,False,-0.045351473922909585,False,-0.05668934240362489,True,0.07936507936507162,True,0.2811791383219846
2025-09-02,88.16,BULLISH,0.6,0.6,strong,12,3,15,0.8,majority,False,-0.09641560798547386,True,0.12477313974591586,True,0.12477313974591586,True,0.1361161524500959
2025-09-03,88.075,BULLISH,0.7333333333333333,0.7333333333333333,strong,13,2,15,0.8666666666666667,majority,True,0.08515469770082638,True,0.22140221402213245,True,0.22140221402213245,True,0.23275617371558135
2025-09-04,88.15,BULLISH,0.7333333333333333,0.7333333333333333,strong,13,2,15,0.8666666666666667,majority,True,0.13613159387406729,True,0.13613159387406729,False,-0.04878048780488527,True,0.14747589336357964
2025-09-05,88.27,BULLISH,0.7333333333333333,0.7333333333333333,strong,13,2,15,0.8666666666666667,majority,False,0.0,False,0.0,False,-0.18692647558626038,True,0.011328877308264549
2025-09-06,88.27,BULLISH,1.0,1.0,strong,15,0,15,1.0,unanimous,False,0.0,False,-0.1846607001246139,True,0.20165401608700267,False,-0.2401721989350732
2025-09-07,88.27,BULLISH,0.7333333333333333,0.7333333333333333,strong,13,2,15,0.8666666666666667,majority,False,0.0,False,-0.18692647558626038,True,0.011328877308264549,False,-0.509799478871647
2025-09-08,88.27,BULLISH,1.0,1.0,strong,15,0,15,1.0,unanimous,False,-0.1846607001246139,True,0.20165401608700267,True,0.011328877308264549,False,-0.1563385068539606
2025-09-09,88.107,BULLISH,0.7333333333333333,0.7333333333333333,strong,13,2,15,0.8666666666666667,majority,False,-0.0022699671989686843,True,0.1963521627112509,True,0.1963521627112509,False,-0.013619803193844364
2025-09-10,88.105,BULLISH,1.0,1.0,strong,15,0,15,1.0,unanimous,True,0.38930821179273517,True,0.1986266386697658,True,0.1986266386697658,False,-0.011350093638278323
2025-09-11,88.448,BULLISH,1.0,1.0,strong,15,0,15,1.0,unanimous,False,-0.18994211287987536,False,-0.18994211287987536,False,-0.4409370477568587,False,-0.3991045586107029
2025-09-12,88.28,BULLISH,0.8666666666666667,0.8666666666666667,strong,14,1,15,0.9333333333333333,unanimous,False,0.0,False,0.0,False,-0.5210693248754055,True,0.03624830086089315
2025-09-13,88.28,BULLISH,0.8666666666666667,0.8666666666666667,strong,14,1,15,0.9333333333333333,unanimous,False,0.0,False,-0.2514725872224674,False,-0.16764839148164493,True,0.5437245129134617
2025-09-14,88.28,BULLISH,0.6,0.6,strong,12,3,15,0.8,majority,False,0.0,False,-0.5210693248754055,False,-0.2095604893520642,True,0.4700951517897508
2025-09-15,88.28,BULLISH,0.8666666666666667,0.8666666666666667,strong,14,1,15,0.9333333333333333,unanimous,False,-0.2514725872224674,False,-0.16764839148164493,False,-0.2095604893520642,True,0.4417761667421846
2025-09-16,88.058,BULLISH,0.7333333333333333,0.7333333333333333,strong,13,2,15,0.8666666666666667,majority,False,-0.270276408730625,True,0.04201776102113598,True,0.04201776102113598,True,0.75518408321787
2025-09-17,87.82,BULLISH,0.8666666666666667,0.8666666666666667,strong,14,1,15,0.9333333333333333,unanimous,True,0.35527214757459785,True,0.3131405146891434,True,0.5602368480983881,True,1.0282395809610634
2025-09-18,88.132,BULLISH,0.6,0.6,strong,8,2,10,0.8,majority,False,-0.041982480824225184,False,-0.041982480824225184,True,0.712567512367812,True,0.6705850315435868
2025-09-19,88.095,BULLISH,0.8,0.8,strong,9,1,10,0.9,unanimous,False,0.0,True,0.2463249900675393,True,0.6810829218457283,True,0.7605425960610723
2025-09-20,88.095,BULLISH,0.8,0.8,strong,9,1,10,0.9,unanimous,False,0.0,True,0.7548669050456964,True,0.6527044667688323,True,0.7923264657472133
2025-09-21,88.095,BULLISH,0.8,0.8,strong,9,1,10,0.9,unanimous,True,0.2463249900675393,True,0.6810829218457283,True,0.7128667915318692,True,0.6810829218457283
2025-09-22,88.312,BULLISH,1.0,1.0,strong,10,0,10,1.0,unanimous,True,0.5072923272035595,True,0.4053809221849852,True,0.4653954162514736,True,0.4336896458012451
2025-09-23,88.76,BULLISH,1.0,1.0,strong,10,0,10,1.0,unanimous,False,-0.07323118521858037,False,-0.0416854438936527,False,-0.0416854438936527,True,0.019152771518697504
2025-09-24,88.695,BULLISH,0.8,0.8,strong,9,1,10,0.9,unanimous,False,-0.02818648176333669,True,0.031568859574954394,True,0.07892214893737798,True,0.09245166018378471
2025-09-25,88.67,BULLISH,1.0,1.0,strong,10,0,10,1.0,unanimous,True,0.05977218901544747,True,0.05977218901544747,True,0.13871658960189992,True,0.12067215518213523
2025-09-26,88.723,BULLISH,0.8,0.8,strong,9,1,10,0.9,unanimous,False,0.0,True,0.04733834518670648,False,-0.031558896791142994,True,0.06988041432322804
2025-09-27,88.723,BULLISH,1.0,1.0,strong,10,0,10,1.0,unanimous,False,0.0,True,0.07889724197784947,False,-0.031558896791142994,True,0.06086358666862262
2025-09-28,88.723,BULLISH,1.0,1.0,strong,10,0,10,1.0,unanimous,True,0.04733834518670648,False,-0.031558896791142994,True,0.06086358666862262,True,0.08904117308928658
2025-09-29,88.765,BULLISH,0.8,0.8,strong,9,1,10,0.9,unanimous,True,0.03154396440038957,False,-0.07885991100096591,True,0.013518841885878957,True,0.024784543457450084
2025-09-30,88.793,BULLISH,0.8,0.8,strong,9,1,10,0.9,unanimous,False,-0.11036906062416314,False,-0.018019438469254717,False,-0.018019438469254717,False,-0.11600013514579824
2025-10-01,88.695,BULLISH,0.8,0.8,strong,9,1,10,0.9,unanimous,False,0.0,True,0.09245166018378471,True,0.10147133434805053,False,-0.005637296352664133
2025-10-02,88.695,BULLISH,1.0,1.0,strong,10,0,10,1.0,unanimous,True,0.09245166018378471,True,0.09245166018378471,True,0.09245166018378471,False,-0.005637296352664133
2025-10-03,88.777,BULLISH,0.6,0.6,strong,8,2,10,0.8,majority,False,0.0,True,0.009011343028031547,True,0.028160446962620593,False,-0.11489462360747024
2025-10-04,88.777,BULLISH,0.4,0.4,medium,7,3,10,0.7,majority,False,0.0,False,0.0,True,0.011264178785051438,True,0.028160446962620593
2025-10-05,88.777,NEUTRAL,0.0,0.0,weak,5,5,10,0.0,mixed,True,0.009011343028031547,True,0.028160446962620593,True,-0.0979983554299011,True,-0.7851132613176868
2025-10-06,88.785,BULLISH,0.6,0.6,strong,8,2,10,0.8,majority,False,-0.009010531058169248,True,0.0022526327645543166,False,-0.10700005631581783,False,-1.0812637269809018
2025-10-07,88.777,BULLISH,0.4,0.4,medium,7,3,10,0.7,majority,True,0.028160446962620593,False,-0.0979983554299011,False,-0.0979983554299011,False,-0.897755049168137
2025-10-08,88.802,BULLISH,0.4,0.4,medium,7,3,10,0.7,majority,False,-0.016891511452445402,False,-0.12612328551159768,False,-0.14301479696404307,False,-0.925654827593976
2025-10-09,88.787,BULLISH,0.6,0.6,strong,8,2,10,0.8,majority,False,-0.10925022807393919,False,-0.10925022807393919,True,0.016894365166072248,False,-0.908916845934655
2025-10-10,88.69,BULLISH,0.6,0.6,strong,8,2,10,0.8,majority,False,0.0,False,-0.016912842485060964,False,-0.6877889277257858,False,-0.8535347840793673
2025-10-11,88.69,BULLISH,0.6,0.6,strong,8,2,10,0.8,majority,False,0.0,True,0.12628255722179388,False,-0.9753072499718062,False,-0.8535347840793673
2025-10-12,88.69,BULLISH,0.6,0.6,strong,8,2,10,0.8,majority,False,-0.016912842485060964,False,-0.6877889277257858,False,-0.8005412109595149,False,-0.8535347840793673
2025-10-13,88.675,BULLISH,0.6,0.6,strong,8,2,10,0.8,majority,True,0.14321962221596793,False,-0.9585565266422266,False,-0.7837609247251122,False,-0.9360022554271196
2025-10-14,88.802,BULLISH,0.2,0.2,medium,6,4,10,0.6,majority,False,-0.8130447512443507,False,-0.925654827593976,False,-0.925654827593976,False,-1.0720479268485084
2025-10-15,88.08,NEUTRAL,0.0,0.0,weak,5,5,10,0.0,mixed,True,-0.289509536784736,True,-0.11353315168028419,True,-0.16689373297001744,True,-0.261126248864673
2025-10-16,87.825,BULLISH,0.6,0.6,strong,8,2,10,0.8,majority,True,0.17648733276402065,True,0.17648733276402065,True,0.12297181895816008,True,0.02846569883289664
2025-10-17,87.98,BULLISH,0.6,0.6,strong,8,2,10,0.8,majority,False,0.0,False,-0.05342123209820077,False,-0.05342123209820077,True,0.3068879290747852
2025-10-18,87.98,BULLISH,0.6,0.6,strong,8,2,10,0.8,majority,False,0.0,False,-0.05342123209820077,False,-0.15344396453740067,True,0.32962036826550584
2025-10-19,87.98,BULLISH,0.6,0.6,strong,8,2,10,0.8,majority,False,-0.05342123209820077,False,-0.05342123209820077,False,-0.14776085473972453,True,0.25005683109797555
2025-10-20,87.933,BULLISH,0.6,0.6,strong,8,2,10,0.8,majority,False,0.0,False,-0.10007619437527215,False,-0.09439004696759193,True,0.8722550123389352
2025-10-21,87.933,BULLISH,0.6,0.6,strong,8,2,10,0.8,majority,False,0.0,False,-0.09439004696759193,False,-0.09439004696759193,True,0.9518610760465229
2025-10-22,87.933,BULLISH,0.8,0.8,strong,9,1,10,0.9,unanimous,False,-0.10007619437527215,False,-0.09439004696759193,True,0.36050174564724624,True,0.9518610760465229
2025-10-23,87.845,BULLISH,0.8,0.8,strong,9,1,10,0.9,unanimous,True,0.005691843588133022,True,0.005691843588133022,True,0.4838067049917436,True,1.0529910638055635
2025-10-24,87.85,BULLISH,0.8,0.8,strong,9,1,10,0.9,unanimous,False,0.0,True,0.455321570859426,True,0.3984063745020017,True,1.0620375640296038
2025-10-25,87.85,BULLISH,1.0,1.0,strong,10,0,10,1.0,unanimous,False,0.0,True,0.4780876494023924,True,0.9675583380762761,True,0.922026180990327
2025-10-26,87.85,BULLISH,1.0,1.0,strong,10,0,10,1.0,unanimous,True,0.455321570859426,True,0.3984063745020017,True,1.0472396129766668,True,0.922026180990327
2025-10-27,88.25,BULLISH,1.0,1.0,strong,10,0,10,1.0,unanimous,True,0.022662889518409092,True,0.5099150141643092,True,0.5892351274787491,True,0.4169971671388046
2025-10-28,88.27,BULLISH,1.0,1.0,strong,10,0,10,1.0,unanimous,False,-0.07930214115780354,True,0.5664438654129376,True,0.5664438654129376,True,0.4474906536762323
2025-10-29,88.2,BULLISH,0.6,0.6,strong,8,2,10,0.8,majority,True,0.5668934240362812,True,0.6462585034013528,True,0.660997732426302,True,0.5272108843537454
2025-10-30,88.7,BULLISH,0.8,0.8,strong,9,1,10,0.9,unanimous,True,0.07891770011273187,True,0.07891770011273187,False,-0.04509582863585823,False,-0.039458850056365936
2025-10-31,88.77,BULLISH,1.0,1.0,strong,10,0,10,1.0,unanimous,False,0.0,True,0.014644587135299345,False,-0.1239157372986363,False,-0.07660245578460949
2025-11-01,88.77,BULLISH,0.6,0.6,strong,8,2,10,0.8,majority,False,0.0,False,-0.1239157372986363,False,-0.17122901881266311,False,-0.22192182043483466
2025-11-02,88.77,BULLISH,0.4,0.4,medium,7,3,10,0.7,majority,True,0.014644587135299345,False,-0.1239157372986363,False,-0.118283203785051,False,-0.15207840486649873
2025-11-03,88.783,BULLISH,0.8,0.8,strong,9,1,10,0.9,unanimous,False,-0.13854003581767305,False,-0.1858463895115126,False,-0.13290832704458624,False,-0.12727661827151543
2025-11-04,88.66,BULLISH,1.0,1.0,strong,10,0,10,1.0,unanimous,False,0.0,True,0.005639521768564926,True,0.005639521768564926,True,0.0981276787728438
2025-11-05,88.66,BULLISH,0.2,0.2,medium,6,4,10,0.6,majority,False,-0.047371982855855616,True,0.005639521768564926,True,0.047371982855855616,True,0.0981276787728438
2025-11-06,88.618,BULLISH,0.8,0.8,strong,9,1,10,0.9,unanimous,True,0.053036629127278044,True,0.053036629127278044,False,-0.05077975129206449,True,0.14556862037058488
2025-11-07,88.665,BULLISH,1.0,1.0,strong,10,0,10,1.0,unanimous,False,0.0,True,0.04173010770878241,False,-0.033835222466589,False,-0.033835222466589
2025-11-08,88.665,BULLISH,0.8,0.8,strong,9,1,10,0.9,unanimous,False,0.0,False,-0.10376134889755029,True,0.005639203744426157,False,-0.062031241188751834
2025-11-09,88.665,BULLISH,0.8,0.8,strong,9,1,10,0.9,unanimous,True,0.04173010770878241,False,-0.033835222466589,True,0.0924829414086659,False,-0.08233237466870524
2025-11-10,88.702,BULLISH,0.8,0.8,strong,9,1,10,0.9,unanimous,False,-0.14543076819012524,False,-0.0360758494735141,True,0.05073166332213671,True,0.009018962368374519
2025-11-11,88.573,BULLISH,0.8,0.8,strong,9,1,10,0.9,unanimous,True,0.06999875808656343,True,0.19644812753322866,True,0.19644812753322866,True,1.0296591512086146
2025-11-12,88.635,BULLISH,0.2,0.2,medium,6,4,10,0.6,majority,True,0.03948778699159089,True,0.12636091837309726,False,0.0,True,0.9589891126530087
2025-11-13,88.67,BULLISH,0.4,0.4,medium,7,3,10,0.7,majority,True,0.08683884064508648,True,0.08683884064508648,False,-0.06766662907409753,True,0.9191383782564541
2025-11-14,88.747,BULLISH,0.8,0.8,strong,9,1,10,0.9,unanimous,False,0.0,False,-0.12620144906306102,False,-0.1746537911140671,True,0.5498777423462197
2025-11-15,88.747,BULLISH,0.8,0.8,strong,9,1,10,0.9,unanimous,False,0.0,False,-0.15437141537178772,False,-0.041691550136912954,True,0.5386097558227257
2025-11-16,88.747,BULLISH,0.2,0.2,medium,6,4,10,0.6,majority,False,-0.12620144906306102,False,-0.1746537911140671,True,0.8315774054334226,True,0.5949496884401791
2025-11-17,88.635,BULLISH,0.2,0.2,medium,6,4,10,0.6,majority,False,-0.028205562136859798,True,0.08461668641054733,True,0.9589891126530087,True,0.7615501776950382
2025-11-18,88.61,BULLISH,0.8,0.8,strong,9,1,10,0.9,unanimous,False,-0.020313734341497216,True,0.9874731971560772,True,0.9874731971560772,True,0.9626452996275752
2025-11-19,88.592,BULLISH,0.6,0.6,strong,8,2,10,0.8,majority,True,0.13319487086869583,True,1.0079916922521228,True,0.725799169225213,True,0.9831587502257485
2025-11-20,88.71,BULLISH,0.4,0.4,medium,7,3,10,0.7,majority,True,0.8736331867884182,True,0.8736331867884182,True,0.5805433434787516,True,0.8488332769699021
2025-11-21,89.485,BULLISH,0.4,0.4,medium,7,3,10,0.7,majority,False,0.0,False,-0.279376431804213,False,-0.23467620271553194,True,0.07487288372353722
2025-11-22,89.485,BULLISH,0.9,0.9,strong,9,0,10,0.9,unanimous,False,0.0,False,-0.2905514890763872,False,-0.19556350226294594,True,0.43582723361457293
2025-11-23,89.485,BULLISH,0.4,0.4,medium,7,3,10,0.7,majority,False,-0.279376431804213,False,-0.23467620271553194,False,-0.02458512599877697,True,0.7934290663239579
2025-11-24,89.235,BULLISH,0.6,0.6,strong,8,2,10,0.8,majority,False,-0.011206365215448103,True,0.08404773911582097,True,0.2555051269120798,True,0.8348742085504618
2025-11-25,89.225,BULLISH,0.4,0.4,medium,7,3,10,0.7,majority,True,0.05603810591203292,True,0.2667413841412155,True,0.2667413841412155,True,0.8517792098627124
2025-11-26,89.275,BULLISH,1.0,1.0,strong,10,0,10,1.0,unanimous,True,0.03920470456454392,True,0.21058527023241463,True,0.3102772332679933,True,0.7952954354522472
2025-11-27,89.31,BULLISH,0.6,0.6,strong,8,2,10,0.8,majority,True,0.17131340275444137,True,0.17131340275444137,True,0.6326279252043419,True,0.7557944239166914
2025-11-28,89.463,BULLISH,0.8,0.8,strong,9,1,10,0.9,unanimous,False,0.0,True,0.09948246761232336,True,0.8182153515978665,True,0.6840816874015057
2025-11-29,89.463,BULLISH,0.8,0.8,strong,9,1,10,0.9,unanimous,False,0.0,True,0.4605255804075497,True,0.5778925365793793,True,0.4661144830823934
2025-11-30,89.463,BULLISH,0.8,0.8,strong,9,1,10,0.9,unanimous,True,0.09948246761232336,True,0.8182153515978665,True,0.5834814392542231,True,0.566714731229676
2025-12-01,89.552,BULLISH,0.6,0.6,strong,8,2,10,0.8,majority,True,0.3606842951581129,True,0.4779346078256178,True,0.4835179560478746,True,0.9156691084509483
2025-12-02,89.875,BULLISH,1.0,1.0,strong,10,0,10,1.0,unanimous,True,0.35605006954102164,True,0.12239221140472815,True,0.12239221140472815,True,0.6063977746870672
2025-12-03,90.195,BULLISH,0.6,0.6,strong,8,2,10,0.8,majority,False,-0.23837241532234515,False,-0.2328288707799698,False,-0.13304506901711885,True,0.2494595044071274
2025-12-04,89.98,BULLISH,0.6,0.6,strong,8,2,10,0.8,majority,True,0.005556790397861139,True,0.005556790397861139,False,-0.11113580795733331,True,0.4889975550122224
2025-12-05,89.985,BULLISH,0.8,0.8,strong,9,1,10,0.9,unanimous,False,0.0,True,0.10001666944491128,False,-0.01666944490748521,True,0.8334722453742291
2025-12-06,89.985,BULLISH,0.6,0.6,strong,8,2,10,0.8,majority,False,0.0,False,-0.11668611435239648,True,0.4300716786131027,True,1.1646385508695913
2025-12-07,89.985,BULLISH,1.0,1.0,strong,10,0,10,1.0,unanimous,True,0.10001666944491128,False,-0.01666944490748521,True,0.48341390231705533,True,0.4445185308662618
2025-12-08,90.075,BULLISH,0.4,0.4,medium,7,3,10,0.7,majority,False,-0.21648626144880087,True,0.32972522897585016,True,0.3830141548709396,True,0.1887316125451032
2025-12-09,89.88,BULLISH,0.4,0.4,medium,7,3,10,0.7,majority,True,0.10013351134846843,True,0.6008010680907947,True,0.6008010680907947,False,-0.6731197151757785
2025-12-10,89.97,BULLISH,1.0,1.0,strong,10,0,10,1.0,unanimous,True,0.4468156052017351,True,0.5001667222407501,True,0.8502834278092705,False,-0.7724797154607016
2025-12-11,90.372,BULLISH,0.8,0.8,strong,9,1,10,0.9,unanimous,True,0.05311379630859318,True,0.05311379630859318,True,0.7314212366662256,False,-1.2138715531359205
2025-12-12,90.42,BULLISH,0.6,0.6,strong,8,2,10,0.8,majority,False,0.0,True,0.34837425348374,False,-0.03870825038707873,False,-0.8460517584605183
2025-12-13,90.42,BULLISH,0.6,0.6,strong,8,2,10,0.8,majority,False,0.0,True,0.677947356779473,False,-0.19354125193540936,False,-0.8460517584605183
2025-12-14,90.42,BULLISH,0.4,0.4,medium,7,3,10,0.7,majority,True,0.34837425348374,False,-0.03870825038707873,False,-1.2663127626631232,False,-0.69674850696748
2025-12-15,90.735,BULLISH,0.6,0.6,strong,8,2,10,0.8,majority,True,0.32842894142282675,False,-0.5400341654267867,False,-1.6090813908634969,False,-1.0414944618945206
2025-12-16,91.033,BULLISH,0.8,0.8,strong,9,1,10,0.9,unanimous,False,-0.7118297760152869,False,-1.9311678182637015,False,-1.9311678182637015,False,-1.2940362286203873
2025-12-17,90.385,BULLISH,0.3333333333333333,0.3333333333333333,medium,4,2,6,0.6666666666666666,majority,False,-0.15489295790230742,False,-1.2280798805111461,False,-0.8076561376334612,False,-0.5863804834873055
2025-12-18,90.245,BULLISH,0.6666666666666666,0.6666666666666666,strong,5,1,6,0.8333333333333334,majority,False,-1.0748517923430647,False,-1.0748517923430647,False,-0.6537758324560955,False,-0.4321569061997901
2025-12-19,89.275,BULLISH,0.6666666666666666,0.6666666666666666,strong,5,1,6,0.8333333333333334,majority,False,0.0,True,0.4256510781293704,True,0.5768692243069173,True,0.7896947633716025
2025-12-20,89.275,BULLISH,0.6666666666666666,0.6666666666666666,strong,5,1,6,0.8333333333333334,majority,False,0.0,True,0.4256510781293704,True,0.5768692243069173,True,0.5824698963875621
2025-12-21,89.275,BULLISH,0.6666666666666666,0.6666666666666666,strong,5,1,6,0.8333333333333334,majority,True,0.4256510781293704,True,0.5768692243069173,True,0.6496779613553607,True,0.6720806496779549
2025-12-22,89.655,BULLISH,1.0,1.0,strong,6,0,6,1.0,unanimous,False,0.0,True,0.15057721264849158,True,0.22307735207183405,True,0.34800066923205353
2025-12-23,89.655,BULLISH,0.3333333333333333,0.3333333333333333,medium,4,2,6,0.6666666666666666,majority,True,0.15057721264849158,True,0.22307735207183405,True,0.22307735207183405,True,0.6101165579164542
2025-12-24,89.79,BULLISH,0.6666666666666666,0.6666666666666666,strong,5,1,6,0.8333333333333334,majority,False,0.0,True,0.07239113487025028,True,0.21160485577458257,True,0.45884842410067034
2025-12-25,89.79,BULLISH,1.0,1.0,strong,6,0,6,1.0,unanimous,True,0.07239113487025028,True,0.07239113487025028,True,0.005568548836168228,True,0.45884842410067034
2025-12-26,89.855,NEUTRAL,0.0,0.0,weak,3,3,6,0.0,mixed,True,0.0,True,0.1391130154137221,True,0.02225808246619111,True,0.4763229647765814
2025-12-27,89.855,NEUTRAL,0.0,0.0,weak,3,3,6,0.0,mixed,True,0.0,True,-0.06677424739858914,True,0.12464526181068918,True,0.35056479884257713
2025-12-28,89.855,BULLISH,0.3333333333333333,0.3333333333333333,medium,4,2,6,0.6666666666666666,majority,True,0.1391130154137221,True,0.02225808246619111,True,0.3861777307884861,True,0.03338712369929457
2025-12-29,89.98,BULLISH,0.6666666666666666,0.6666666666666666,strong,5,1,6,0.8333333333333334,majority,False,-0.20560124472105162,False,-0.014447655034457912,True,0.24672149366525248,True,0.04667703934207778
2025-12-30,89.795,BULLISH,1.0,1.0,strong,6,0,6,1.0,unanimous,True,0.08909182025725072,True,0.45325463555876877,True,0.45325463555876877,True,0.4153906119494456
2025-12-31,89.875,BULLISH,1.0,1.0,strong,6,0,6,1.0,unanimous,True,0.10236439499304452,True,0.3638386648122372,True,0.45396383866481366,True,0.32600834492351194
2026-01-01,89.967,BULLISH,1.0,1.0,strong,6,0,6,1.0,unanimous,True,0.261206886969666,True,0.261206886969666,True,0.22563828959507706,True,0.22341525225917017
2026-01-02,90.202,BULLISH,1.0,1.0,strong,6,0,6,1.0,unanimous,False,0.0,True,0.08979845236247874,False,-0.3514334493691859,False,-0.048779406221588134
2026-01-03,90.202,BULLISH,1.0,1.0,strong,6,0,6,1.0,unanimous,False,0.0,False,-0.035475931797517214,False,-0.1995521163610481,False,-0.007760360080713291
2026-01-04,90.202,BULLISH,1.0,1.0,strong,6,0,6,1.0,unanimous,True,0.08979845236247874,False,-0.3514334493691859,False,-0.03769317753485712,True,0.1086450411299073
2026-01-05,90.283,BULLISH,1.0,1.0,strong,6,0,6,1.0,unanimous,False,-0.12516199062946462,False,-0.28909096950698987,False,-0.12737724710077744,True,0.018829680006198186
2026-01-06,90.17,BULLISH,0.6666666666666666,0.6666666666666666,strong,5,1,6,0.8333333333333334,majority,False,-0.3160696462237957,False,-0.0022180326050741253,False,-0.0022180326050741253,True,0.7763114117777563
2026-01-07,89.885,BULLISH,0.6666666666666666,0.6666666666666666,strong,5,1,6,0.8333333333333334,majority,True,0.15241697724870718,True,0.3148467486232422,True,0.30372142181676154,True,1.095844690437781
2026-01-08,90.022,BULLISH,0.3333333333333333,0.3333333333333333,medium,4,2,6,0.6666666666666666,majority,True,0.16218257759214502,True,0.16218257759214502,True,0.19217524605095154,True,0.9419919575214936
2026-01-09,90.168,BULLISH,1.0,1.0,strong,6,0,6,1.0,unanimous,False,0.0,False,-0.01109040901429012,True,0.14639339898854448,True,0.7785467128027661
2026-01-10,90.168,BULLISH,1.0,1.0,strong,6,0,6,1.0,unanimous,False,0.0,True,0.02994410433855338,True,0.14639339898854448,True,0.7785467128027661
2026-01-11,90.168,BULLISH,0.6666666666666666,0.6666666666666666,strong,5,1,6,0.8333333333333334,majority,False,-0.01109040901429012,True,0.14639339898854448,True,0.7785467128027661,True,0.7785467128027661
2026-01-12,90.158,BULLISH,0.3333333333333333,0.3333333333333333,medium,4,2,6,0.6666666666666666,majority,True,0.04103906475298024,True,0.15750127553849452,True,0.7897247055169849,True,0.7897247055169849
2026-01-13,90.195,BULLISH,0.3333333333333333,0.3333333333333333,medium,4,2,6,0.6666666666666666,majority,True,0.11641443538999278,True,0.7483785132213664,True,0.7483785132213664,True,0.7483785132213664
2026-01-14,90.3,BULLISH,0.3333333333333333,0.3333333333333333,medium,4,2,6,0.6666666666666666,majority,False,0.0,True,0.6312292358804069,True,0.6312292358804069,True,0.6312292358804069
2026-01-15,90.3,BULLISH,0.6666666666666666,0.6666666666666666,strong,5,1,6,0.8333333333333334,majority,True,0.6312292358804069,True,0.6312292358804069,True,0.6312292358804069,True,0.6312292358804069
2026-01-16,90.87,BULLISH,1.0,1.0,strong,6,0,6,1.0,unanimous,,,,,,,,
