date,state,regime,confidence,prob_sideways,prob_high-volatility,prob_low-volatility
2025-03-02,4,low-volatility,1.0,0.0,0.0,1.0
2025-03-03,4,low-volatility,1.0,2.0883742994366212e-168,0.0,1.0
2025-03-04,4,low-volatility,1.0,3.1781296406371384e-49,0.0,1.0
2025-03-05,4,low-volatility,1.0,1.789222718778357e-45,0.0,1.0
2025-03-06,4,low-volatility,1.0,6.06793687779788e-42,0.0,1.0
2025-03-07,4,low-volatility,0.9999999999959073,4.933405283020416e-45,0.0,0.9999999999959073
2025-03-08,4,low-volatility,1.0,4.2911427195848687e-42,0.0,1.0
2025-03-09,4,low-volatility,1.0,9.814354441517407e-45,0.0,1.0
2025-03-10,4,low-volatility,1.0,6.763140857180935e-48,0.0,1.0
2025-03-11,4,low-volatility,1.0,1.5377389529337954e-46,0.0,1.0
2025-03-12,4,low-volatility,1.0,2.8886800811793316e-47,0.0,1.0
2025-03-13,4,low-volatility,1.0,1.355329226366336e-47,0.0,1.0
2025-03-14,4,low-volatility,1.0,5.401716631351032e-46,0.0,1.0
2025-03-15,4,low-volatility,1.0,2.3500334824484495e-46,0.0,1.0
2025-03-16,4,low-volatility,1.0,4.671459483479469e-47,0.0,1.0
2025-03-17,4,low-volatility,1.0,1.9044702106217105e-46,0.0,1.0
2025-03-18,4,low-volatility,1.0,1.1434472032803214e-47,0.0,1.0
2025-03-19,4,low-volatility,1.0,1.150790564466849e-45,0.0,1.0
2025-03-20,4,low-volatility,1.0,1.3785525388467265e-43,0.0,1.0
2025-03-21,4,low-volatility,0.99999999997749,4.131997086475836e-39,0.0,0.99999999997749
2025-03-22,0,sideways,0.997497908769331,1.2623739797726423e-32,0.0,0.002502091230571712
2025-03-23,0,sideways,0.9999939936486346,3.939232756621358e-18,0.0,6.006351362732472e-06
2025-03-24,0,sideways,0.9999871124198849,3.214631909579649e-14,0.0,1.288758007134917e-05
2025-03-25,0,sideways,0.9999866386482577,4.005535021905982e-21,0.0,1.335374713940896e-05
2025-03-26,4,low-volatility,0.9999620877960782,4.158254664396797e-40,0.0,0.9999620877960782
2025-03-27,4,low-volatility,0.9999999993660822,2.4164506018606713e-53,0.0,0.9999999993660822
2025-03-28,4,low-volatility,0.999999999956799,1.231288594053049e-58,0.0,0.999999999956799
2025-03-29,4,low-volatility,0.9999999998728981,1.991360713002671e-68,0.0,0.9999999998728981
2025-03-30,4,low-volatility,1.0,1.3629607055691832e-60,0.0,1.0
2025-03-31,4,low-volatility,0.9999999999997726,7.4986712613906e-63,0.0,0.9999999999997726
2025-04-01,4,low-volatility,1.0,8.511858610105924e-51,0.0,1.0
2025-04-02,4,low-volatility,1.0,8.037457686667366e-44,0.0,1.0
2025-04-03,4,low-volatility,1.0,7.460490759064254e-56,0.0,1.0
2025-04-04,4,low-volatility,1.0,1.9347342046412724e-51,0.0,1.0
2025-04-05,0,sideways,1.0,1.8549127675643615e-51,0.0,1.022731946285458e-114
2025-04-06,0,sideways,1.0,1.8386359291504374e-17,0.0,4.139343830385966e-82
2025-04-07,0,sideways,0.9999999999997726,3.018443232786861e-13,0.0,4.062311306506601e-81
2025-04-08,0,sideways,0.9999999953772658,4.622763034432637e-09,0.0,3.926408455430542e-73
2025-04-09,0,sideways,0.9999551444274439,4.4855572558190356e-05,0.0,1.8590531772348096e-215
2025-04-10,2,sideways,1.0,1.0,0.0,1.8551525370908129e-280
2025-04-11,2,sideways,1.0,1.0,0.0,0.0
2025-04-12,2,sideways,1.0,1.0,0.0,0.0
2025-04-13,2,sideways,1.0,1.0,0.0,0.0
2025-04-14,2,sideways,1.0,1.0,0.0,0.0
2025-04-15,2,sideways,1.0,1.0,0.0,0.0
2025-04-16,2,sideways,1.0,1.0,0.0,0.0
2025-04-17,2,sideways,1.0,1.0,0.0,0.0
2025-04-18,2,sideways,1.0,1.0,0.0,0.0
2025-04-19,2,sideways,1.0,1.0,0.0,2.8544023085626e-310
2025-04-20,2,sideways,1.0,1.0,0.0,1.6851598508675284e-264
2025-04-21,2,sideways,1.0,1.0,0.0,5.236274695034617e-195
2025-04-22,2,sideways,1.0,1.0,0.0,9.666415977596671e-149
2025-04-23,2,sideways,1.0,1.0,0.0,2.592771956596074e-112
2025-04-24,2,sideways,1.0,1.0,1.48157476e-316,4.526191370498139e-56
2025-04-25,2,sideways,1.0,1.0,0.0,1.1289056447489168e-96
2025-04-26,2,sideways,1.0,1.0,0.0,1.7124820042642646e-151
2025-04-27,2,sideways,1.0,1.0,0.0,3.4279887967506767e-218
2025-04-28,2,sideways,1.0,1.0,0.0,3.847539787126474e-281
2025-04-29,2,sideways,1.0,1.0,0.0,4.207e-320
2025-04-30,2,sideways,1.0,1.0,0.0,1e-323
2025-05-01,2,sideways,1.0,1.0,0.0,0.0
2025-05-02,2,sideways,1.0,1.0,0.0,0.0
2025-05-03,2,sideways,1.0,1.0,0.0,0.0
2025-05-04,2,sideways,1.0,1.0,0.0,0.0
2025-05-05,2,sideways,1.0,1.0,0.0,0.0
2025-05-06,2,sideways,1.0,1.0,0.0,8.24167184654e-313
2025-05-07,2,sideways,1.0,1.0,0.0,1.471124698715444e-281
2025-05-08,2,sideways,1.0,1.0,0.0,1.0845580551926929e-247
2025-05-09,2,sideways,1.0,1.0,0.0,2.3656511383085844e-209
2025-05-10,2,sideways,1.0,1.0,0.0,1.8020984369475113e-161
2025-05-11,2,sideways,1.0,1.0,0.0,8.474970186962325e-108
2025-05-12,2,sideways,0.9999999999611191,0.9999999999611191,0.0,4.654914962095596e-62
2025-05-13,1,sideways,0.999603804219826,0.00039619578008533824,0.0,2.6171589106192924e-25
2025-05-14,1,sideways,0.999999874890144,1.2508410859469368e-07,0.0,2.574782015497554e-11
2025-05-15,1,sideways,0.9999999063543371,9.364560858978205e-08,0.0,5.95875611845066e-14
2025-05-16,1,sideways,0.9999998595687983,9.044049449161948e-08,0.0,4.9990565002621935e-08
2025-05-17,1,sideways,0.9999999192170922,8.076889013537834e-08,0.0,1.3930435252732305e-11
2025-05-18,1,sideways,0.9999999279282318,7.206813843305666e-08,0.0,3.5151837315477655e-12
2025-05-19,1,sideways,0.9999999894193934,1.1363052206950702e-10,0.0,7.967218585151654e-09
2025-05-20,4,low-volatility,0.9996833986471634,8.791357005206484e-08,0.0,0.9996833986471634
2025-05-21,4,low-volatility,0.9997924627036449,1.1468924326413878e-10,0.0,0.9997924627036449
2025-05-22,4,low-volatility,0.9995047818799191,1.108153274218597e-12,0.0,0.9995047818799191
2025-05-23,4,low-volatility,0.9996880917311414,2.5039818111002842e-12,0.0,0.9996880917311414
2025-05-24,4,low-volatility,0.9998084527517753,1.1614808311316028e-12,0.0,0.9998084527517753
2025-05-25,4,low-volatility,0.9998666738260962,7.251296081451818e-13,0.0,0.9998666738260962
2025-05-26,4,low-volatility,0.9998888269491832,1.2161365107618768e-12,0.0,0.9998888269491832
2025-05-27,4,low-volatility,0.9998350964535824,4.704594777561345e-13,0.0,0.9998350964535824
2025-05-28,4,low-volatility,0.9998797421637182,1.5265872219678363e-12,0.0,0.9998797421637182
2025-05-29,4,low-volatility,0.999980422555119,6.542925455077967e-13,0.0,0.999980422555119
2025-05-30,4,low-volatility,0.9999843943309199,1.5522667664915405e-13,0.0,0.9999843943309199
2025-05-31,4,low-volatility,0.9999888115799598,1.1805172705443035e-13,0.0,0.9999888115799598
2025-06-01,4,low-volatility,0.9999832946931934,6.511945999222503e-15,0.0,0.9999832946931934
2025-06-02,4,low-volatility,0.9999984366409932,1.718897131728054e-16,0.0,0.9999984366409932
2025-06-03,4,low-volatility,0.999999937298073,1.3819636607601737e-19,0.0,0.999999937298073
2025-06-04,4,low-volatility,0.999999998818339,8.986681681564482e-20,0.0,0.999999998818339
2025-06-05,4,low-volatility,0.9999999869819476,2.6305108364032046e-20,0.0,0.9999999869819476
2025-06-06,4,low-volatility,0.9999998321629987,3.880974250833059e-19,0.0,0.9999998321629987
2025-06-07,4,low-volatility,0.9999995290035003,1.5648902890906063e-15,0.0,0.9999995290035003
2025-06-08,4,low-volatility,0.9999238159363824,2.2690001886657437e-18,0.0,0.9999238159363824
2025-06-09,4,low-volatility,0.9999615041888038,1.6703318321997886e-25,0.0,0.9999615041888038
2025-06-10,4,low-volatility,0.9999606271387765,3.834200290475685e-40,0.0,0.9999606271387765
2025-06-11,4,low-volatility,0.9999999820763606,6.026263842113737e-40,0.0,0.9999999820763606
2025-06-12,4,low-volatility,0.9999999926935743,6.707248384787374e-43,0.0,0.9999999926935743
2025-06-13,4,low-volatility,0.9999999911351551,1.587168369139027e-43,0.0,0.9999999911351551
2025-06-14,4,low-volatility,0.9999999925055363,4.3526248754561176e-44,0.0,0.9999999925055363
2025-06-15,4,low-volatility,0.9999999960234618,8.093021347267733e-46,0.0,0.9999999960234618
2025-06-16,4,low-volatility,0.9999999988435775,5.5014000869660315e-46,0.0,0.9999999988435775
2025-06-17,4,low-volatility,0.9999999973499598,7.995717695245829e-44,0.0,0.9999999973499598
2025-06-18,4,low-volatility,0.9999999855895112,4.5993205931023915e-46,0.0,0.9999999855895112
2025-06-19,4,low-volatility,0.9999999969409146,1.2019309954308028e-40,0.0,0.9999999969409146
2025-06-20,4,low-volatility,0.99999999788065,1.7321681024202255e-35,0.0,0.99999999788065
2025-06-21,4,low-volatility,0.9999999999686224,5.931388008822682e-30,0.0,0.9999999999686224
2025-06-22,4,low-volatility,0.9999999999997726,1.4091081672602674e-29,0.0,0.9999999999997726
2025-06-23,4,low-volatility,0.9999999999997726,1.1690728343164074e-28,0.0,0.9999999999997726
2025-06-24,4,low-volatility,0.9999999999861302,3.0076941841814046e-25,0.0,0.9999999999861302
2025-06-25,4,low-volatility,0.9999999737958664,8.596650745277381e-25,0.0,0.9999999737958664
2025-06-26,4,low-volatility,0.9999999989279331,4.364724462619962e-22,0.0,0.9999999989279331
2025-06-27,4,low-volatility,0.9999999994727204,1.449776480342297e-22,0.0,0.9999999994727204
2025-06-28,4,low-volatility,0.9999999967326403,7.67966132407445e-25,0.0,0.9999999967326403
2025-06-29,4,low-volatility,0.9999999999977263,1.7780662468955973e-19,0.0,0.9999999999977263
2025-06-30,4,low-volatility,0.999997195796207,6.467755779343939e-22,0.0,0.999997195796207
2025-07-01,4,low-volatility,0.9999947206436651,1.8463244988991824e-16,0.0,0.9999947206436651
2025-07-02,4,low-volatility,0.9999992937780682,1.2351471573893324e-15,0.0,0.9999992937780682
2025-07-03,4,low-volatility,0.9999984280014892,1.264754769204005e-21,0.0,0.9999984280014892
2025-07-04,4,low-volatility,0.9999999999843112,6.696500166453437e-25,0.0,0.9999999999843112
2025-07-05,4,low-volatility,1.0,3.879288330231508e-29,0.0,1.0
2025-07-06,4,low-volatility,0.9999999999997726,8.944335553896896e-36,0.0,0.9999999999997726
2025-07-07,4,low-volatility,1.0,3.149209644839439e-33,0.0,1.0
2025-07-08,4,low-volatility,1.0,3.3381732046298834e-34,0.0,1.0
2025-07-09,4,low-volatility,1.0,1.01260214431025e-31,0.0,1.0
2025-07-10,4,low-volatility,0.9999999999984084,2.6224633505822902e-30,0.0,0.9999999999984084
2025-07-11,4,low-volatility,0.999999999994543,3.5714744107183385e-29,0.0,0.999999999994543
2025-07-12,4,low-volatility,0.9999999999899956,6.1598177923623405e-31,0.0,0.9999999999899956
2025-07-13,4,low-volatility,0.9999999999968168,8.77264285347656e-39,0.0,0.9999999999968168
2025-07-14,4,low-volatility,1.0,8.804762331456524e-34,0.0,1.0
2025-07-15,4,low-volatility,1.0,1.340725664594384e-31,0.0,1.0
2025-07-16,4,low-volatility,0.9999999999035936,1.2048895635465002e-27,0.0,0.9999999999035936
2025-07-17,4,low-volatility,0.9999999924500571,5.515222454404015e-32,0.0,0.9999999924500571
2025-07-18,4,low-volatility,0.9999999999913598,2.7187420790791177e-31,0.0,0.9999999999913598
2025-07-19,4,low-volatility,0.9999999999940883,3.7689170942171656e-35,0.0,0.9999999999940883
2025-07-20,4,low-volatility,0.999999999996362,1.4916269884458879e-30,0.0,0.999999999996362
2025-07-21,4,low-volatility,0.999999999939746,1.8918117190372476e-33,0.0,0.999999999939746
2025-07-22,4,low-volatility,0.9999999999888587,3.008077215582708e-29,0.0,0.9999999999888587
2025-07-23,4,low-volatility,0.9999999999670308,9.15185520633267e-30,0.0,0.9999999999670308
2025-07-24,4,low-volatility,0.9999999976703293,2.84572385220611e-37,0.0,0.9999999976703293
2025-07-25,4,low-volatility,0.9999999999492957,2.3336007085028613e-37,0.0,0.9999999999492957
2025-07-26,4,low-volatility,0.9999999999727152,8.765959536505156e-41,0.0,0.9999999999727152
2025-07-27,4,low-volatility,0.9999999999977263,2.1580211637367255e-39,0.0,0.9999999999977263
2025-07-28,4,low-volatility,0.9999999999995453,5.208143410567991e-34,0.0,0.9999999999995453
2025-07-29,4,low-volatility,1.0,8.917859563536283e-28,0.0,1.0
2025-07-30,4,low-volatility,1.0,1.4870817890762866e-22,0.0,1.0
2025-07-31,1,sideways,0.9999471253656987,6.706429640685317e-20,0.0,5.287463432872612e-05
2025-08-01,1,sideways,0.9999999670533276,3.29467515233155e-08,0.0,4.623735898633119e-15
2025-08-02,1,sideways,0.9999999826222848,1.7324852580953115e-08,0.0,5.290676462568075e-11
2025-08-03,1,sideways,0.9999999759763799,2.4009720169697613e-08,0.0,1.3961092456969541e-11
2025-08-04,1,sideways,0.9999999796582417,2.0341382255869965e-08,0.0,4.8277725548359e-13
2025-08-05,1,sideways,0.9999999682870572,3.17091155419069e-08,0.0,3.8290684294396955e-12
2025-08-06,1,sideways,0.9999999437657168,5.621781651478174e-08,0.0,1.652729038290785e-11
2025-08-07,1,sideways,0.9999999623005358,3.7697839110371155e-08,0.0,1.538511296171968e-12
2025-08-08,1,sideways,0.9999999663727982,3.362682978370107e-08,0.0,3.10494947691283e-13
2025-08-09,1,sideways,0.9999999407709783,5.922204775231936e-08,0.0,6.86409638798234e-12
2025-08-10,1,sideways,0.999999948224287,5.176315647754877e-08,0.0,1.2538129839356177e-11
2025-08-11,1,sideways,0.9999995434303534,4.554120718834354e-07,0.0,1.157499666120586e-09
2025-08-12,1,sideways,0.9999997048199001,2.951454835095046e-07,0.0,3.4585357398484846e-11
2025-08-13,1,sideways,0.9999999147635245,8.523481169507322e-08,0.0,1.6724057472227899e-12
2025-08-14,1,sideways,0.9999999465189845,5.310836899217235e-08,0.0,3.726326167250751e-10
2025-08-15,1,sideways,0.9999999409465108,5.585681871838051e-08,0.0,3.1967826596297995e-09
2025-08-16,1,sideways,0.9999999610938638,3.5826126947257075e-08,0.0,3.0801079409537822e-09
2025-08-17,1,sideways,0.9999999828171441,1.5848603238621785e-08,0.0,1.334247795143254e-09
2025-08-18,1,sideways,0.999999922906912,3.7625443238688154e-08,0.0,3.9467623726229143e-08
2025-08-19,1,sideways,0.9999960499749956,3.7458376000291804e-33,0.0,3.947303966013191e-06
2025-08-20,4,low-volatility,0.9999990263234133,1.0528717896922561e-31,0.0,0.9999990263234133
2025-08-21,4,low-volatility,0.9999999999913598,1.4751128070692725e-31,0.0,0.9999999999913598
2025-08-22,4,low-volatility,0.9999999986202965,1.056950999230222e-34,0.0,0.9999999986202965
2025-08-23,4,low-volatility,0.9999999994204245,5.3918759317835546e-36,0.0,0.9999999994204245
2025-08-24,4,low-volatility,0.999999998555495,9.80050015840879e-37,0.0,0.999999998555495
2025-08-25,4,low-volatility,0.9999999989670414,1.5908940109095343e-37,0.0,0.9999999989670414
2025-08-26,4,low-volatility,0.9999999988986019,8.41473239894443e-37,0.0,0.9999999988986019
2025-08-27,4,low-volatility,0.9999999979618224,9.339747817863763e-34,0.0,0.9999999979618224
2025-08-28,4,low-volatility,0.9999999994965947,2.2303833203311947e-40,0.0,0.9999999994965947
2025-08-29,4,low-volatility,0.9999999994226982,2.1844839234467264e-39,0.0,0.9999999994226982
2025-08-30,4,low-volatility,0.9999999991553068,1.9720789259608836e-42,0.0,0.9999999991553068
2025-08-31,4,low-volatility,0.9999999923156793,9.680949917865893e-43,0.0,0.9999999923156793
2025-09-01,4,low-volatility,0.9999999972924343,4.7065071545228385e-39,0.0,0.9999999972924343
2025-09-02,4,low-volatility,0.9999999971591933,3.452343006314123e-36,0.0,0.9999999971591933
2025-09-03,4,low-volatility,0.9999999432388921,1.0467813011055349e-38,0.0,0.9999999432388921
2025-09-04,4,low-volatility,0.9999999587414559,1.5583727362564963e-38,0.0,0.9999999587414559
2025-09-05,4,low-volatility,0.9999999829844911,9.428148886775482e-40,0.0,0.9999999829844911
2025-09-06,4,low-volatility,0.9999999388860507,2.754227505430405e-37,0.0,0.9999999388860507
2025-09-07,4,low-volatility,0.9999996393403958,1.0203959486387751e-33,0.0,0.9999996393403958
2025-09-08,4,low-volatility,0.9999886325775051,1.2598218518491637e-31,0.0,0.9999886325775051
2025-09-09,4,low-volatility,0.9999896868300523,1.5099402209455493e-40,0.0,0.9999896868300523
2025-09-10,4,low-volatility,0.9999999676633712,7.896639622524225e-46,0.0,0.9999999676633712
2025-09-11,4,low-volatility,0.9999999998408384,2.1064779449323355e-42,0.0,0.9999999998408384
2025-09-12,4,low-volatility,0.9999999929789283,9.695187406587802e-44,0.0,0.9999999929789283
2025-09-13,4,low-volatility,0.9999999933170329,2.7476125725069483e-37,0.0,0.9999999933170329
2025-09-14,4,low-volatility,0.9999999878252765,2.2966530639615903e-31,0.0,0.9999999878252765
2025-09-15,4,low-volatility,0.9999995961091733,2.653077079483272e-38,0.0,0.9999995961091733
2025-09-16,4,low-volatility,0.9999999401791246,9.045831923880842e-36,0.0,0.9999999401791246
2025-09-17,4,low-volatility,0.9999999350316123,6.528905879049342e-50,0.0,0.9999999350316123
2025-09-18,4,low-volatility,0.9999999999929514,1.1573396928050014e-48,0.0,0.9999999999929514
2025-09-19,4,low-volatility,0.9999999999843112,1.5759674696699546e-51,0.0,0.9999999999843112
2025-09-20,4,low-volatility,0.9999999999947704,3.1209196905036005e-52,0.0,0.9999999999947704
2025-09-21,4,low-volatility,0.9999999999947704,4.187137470130883e-48,0.0,0.9999999999947704
2025-09-22,4,low-volatility,1.0,4.911236011590557e-41,0.0,1.0
2025-09-23,4,low-volatility,0.9999999999990905,5.963948775870248e-38,0.0,0.9999999999990905
2025-09-24,0,sideways,0.9999999857775492,2.161519874675564e-31,5.2672511163438325e-71,1.4222528537863947e-08
2025-09-25,0,sideways,0.999999910445244,1.064484866906399e-30,8.391394918924877e-159,8.955476031520825e-08
2025-09-26,0,sideways,0.9999991350709126,6.993373164457141e-36,1.6513223194969774e-154,8.649291271319163e-07
2025-09-27,0,sideways,0.9999993372386975,1.1428938615618323e-33,1.6063552876940382e-157,6.627612784631858e-07
2025-09-28,0,sideways,0.999999694300915,1.2358670339616522e-30,7.890764782599411e-151,3.0569919656755854e-07
2025-09-29,0,sideways,0.9999999952003691,1.3774915949861829e-27,1.6968800767235538e-156,4.799682813214675e-09
2025-09-30,0,sideways,0.9999999832327832,4.2202037372317723e-29,1.0558307098492146e-165,1.676717484694349e-08
2025-10-01,0,sideways,0.999999983975613,2.0838977334564213e-26,1.076756438424058e-161,1.60243406193599e-08
2025-10-02,0,sideways,0.9999999949704943,1.279865388242834e-23,1.336758142890288e-157,5.0294168977976e-09
2025-10-03,0,sideways,1.0,8.025402822684165e-22,1.8883290670848696e-145,2.068609873617233e-15
2025-10-04,0,sideways,1.0,1.0485031224451324e-22,3.4455931837049676e-138,1.5139189544387272e-14
2025-10-05,0,sideways,1.0,2.1687395300214305e-20,2.0658434817388363e-132,1.2360034449757984e-14
2025-10-06,0,sideways,1.0,6.728047315902491e-18,6.021943406066758e-137,7.41143149709356e-14
2025-10-07,0,sideways,0.9999999999997726,1.0084706635986378e-16,9.504041479341126e-154,3.866464412302986e-14
2025-10-08,0,sideways,0.9999999999884039,1.2457842555777784e-15,1.2091690177281237e-157,1.1493211456951691e-13
2025-10-09,0,sideways,0.999999999849706,3.246160638964342e-16,8.427935603860415e-160,7.057515229956265e-13
2025-10-10,0,sideways,0.9999999764611405,7.945927748358364e-17,6.033934955699345e-213,2.3483490581224446e-08
2025-10-11,0,sideways,0.9999999251269883,2.4692033282617262e-15,2.2000971113394426e-206,7.487297423526409e-08
2025-10-12,0,sideways,0.9999999641593156,8.578166683189313e-14,2.0394343545521382e-200,3.583970691302653e-08
2025-10-13,0,sideways,0.9999999972183105,4.6242424598814e-14,4.086710844062995e-184,3.809932949453414e-21
2025-10-14,0,sideways,0.9999999702097289,7.572942719104903e-15,5.218248142772599e-234,1.0024523694320539e-08
2025-10-15,0,sideways,0.999967255832826,2.238150343420443e-12,4.958494201806887e-235,3.2743982069486085e-05
2025-10-16,0,sideways,0.9999999006518059,3.127356949122882e-11,2.748263679757176e-263,2.1513268528573053e-14
2025-10-17,0,sideways,0.9999943471883099,1.9848635224564345e-11,1.064355791835208e-260,1.550924856967323e-08
2025-10-18,0,sideways,0.9999968498406866,1.2036696179891142e-12,3.2492121781498873e-264,9.129876211734133e-10
2025-10-19,0,sideways,0.9999997420593778,1.2922055948754035e-12,6.163810813341582e-258,5.7813122567039085e-09
2025-10-20,0,sideways,0.9999997260390876,1.3079566966828439e-14,4.950227904847488e-270,7.164904859191112e-09
2025-10-21,0,sideways,0.9999979955179777,1.620669294613983e-14,9.132362967537418e-247,2.001695464772614e-06
2025-10-22,0,sideways,0.9999999968179054,3.5903392863028493e-12,5.682538466919309e-259,2.3638948326045784e-11
2025-10-23,0,sideways,0.9999943697845783,2.999696539688215e-11,0.0,4.2969224349548875e-06
2025-10-24,0,sideways,0.9999960946630697,2.98491459543359e-10,0.0,2.2211225232032765e-14
2025-10-25,0,sideways,0.9999323481553989,5.146772023596155e-10,1.5607717e-317,6.769513932313353e-09
2025-10-26,0,sideways,0.9998941691165294,5.007366761605272e-09,6.02276e-319,5.99637684351631e-09
2025-10-27,0,sideways,0.999014817356847,6.735229239170888e-08,1.5287548e-316,6.822736993161381e-11
2025-10-28,0,sideways,0.9827060945302228,7.529357943975242e-07,1.15538858396e-313,9.069122930003218e-09
2025-10-29,0,sideways,0.8500782747671305,2.933249658532881e-06,3.206089194283e-312,3.085973932699079e-13
2025-10-30,1,sideways,0.9728601248101344,1.7158722941962487e-05,1.614948507955e-311,2.46216346544089e-06
2025-10-31,1,sideways,0.9933163714041269,2.386394887835512e-06,1.523572e-317,6.363706043409564e-07
2025-11-01,1,sideways,0.9999757845963578,3.1565330262147047e-07,0.0,1.1781730471932466e-07
2025-11-02,1,sideways,0.9999888712978524,4.837308702703813e-08,0.0,1.0893153518266271e-05
2025-11-03,1,sideways,0.9999998183220834,9.459074781223924e-09,0.0,1.4625589112188334e-07
2025-11-04,1,sideways,0.9874456305213549,2.3266044425805104e-09,0.0,0.012552894687995735
2025-11-05,4,low-volatility,0.9324554267542395,8.687133959762768e-08,0.0,0.9324554267542395
2025-11-06,4,low-volatility,0.9896963972396654,7.161081832542485e-10,0.0,0.9896963972396654
2025-11-07,4,low-volatility,0.9994386363075317,3.743251095647621e-11,0.0,0.9994386363075317
2025-11-08,4,low-volatility,0.9999765328498226,4.486453594532861e-12,0.0,0.9999765328498226
2025-11-09,4,low-volatility,0.9999770761511652,2.27492788511296e-13,0.0,0.9999770761511652
2025-11-10,4,low-volatility,0.9999635217432639,1.0558270747025392e-13,0.0,0.9999635217432639
2025-11-11,4,low-volatility,0.9999722153258179,4.081950620268233e-15,0.0,0.9999722153258179
2025-11-12,4,low-volatility,0.9999992557941864,1.5011738578059648e-13,0.0,0.9999992557941864
2025-11-13,4,low-volatility,0.99998642500992,8.610241535698581e-15,0.0,0.99998642500992
2025-11-14,4,low-volatility,0.9999771500800236,6.014649729787683e-15,0.0,0.9999771500800236
2025-11-15,4,low-volatility,0.9999997051748303,1.16563896809826e-16,0.0,0.9999997051748303
2025-11-16,4,low-volatility,0.9999999616352405,8.865406766937754e-18,0.0,0.9999999616352405
2025-11-17,4,low-volatility,0.9999998708347076,9.086690544244085e-23,0.0,0.9999998708347076
2025-11-18,4,low-volatility,0.99999961609804,1.556625477295511e-23,0.0,0.99999961609804
2025-11-19,4,low-volatility,0.9999997822435727,1.6676287836992257e-22,0.0,0.9999997822435727
2025-11-20,4,low-volatility,0.9999983766915181,2.7584401134924677e-22,0.0,0.9999983766915181
2025-11-21,4,low-volatility,0.9999980301412354,3.775595609057873e-19,0.0,0.9999980301412354
2025-11-22,4,low-volatility,0.9999993764290264,1.1204129077909304e-16,0.0,0.9999993764290264
2025-11-23,4,low-volatility,0.99999999467218,2.518929536144503e-14,0.0,0.99999999467218
2025-11-24,4,low-volatility,0.999838045486738,6.332451507241362e-19,0.0,0.999838045486738
2025-11-25,4,low-volatility,0.9999972611921055,5.147480094470725e-15,0.0,0.9999972611921055
2025-11-26,4,low-volatility,0.9999999185520243,9.972707581785188e-16,0.0,0.9999999185520243
2025-11-27,4,low-volatility,0.9999998069481721,1.4605897051243285e-19,0.0,0.9999998069481721
2025-11-28,4,low-volatility,0.9999999992908215,1.3764432611625897e-18,0.0,0.9999999992908215
2025-11-29,4,low-volatility,0.9999999954411578,1.2534268574418233e-21,0.0,0.9999999954411578
2025-11-30,4,low-volatility,0.9999999932736046,7.624267297988045e-19,0.0,0.9999999932736046
2025-12-01,4,low-volatility,0.9997492332537183,1.2517123766478827e-15,0.0,0.9997492332537183
2025-12-02,4,low-volatility,0.9421170230958427,9.782934517572016e-12,0.0,0.9421170230958427
2025-12-03,0,sideways,0.9999456001337206,2.7421481362098124e-08,2.2727140917043822e-279,5.375642705289846e-05
2025-12-04,0,sideways,0.9467479643162064,0.00011956793273550518,1.1021710626655922e-268,3.073973658943171e-08
2025-12-05,1,sideways,0.9913034813487784,6.957541317337504e-07,1.6989432244582564e-308,7.029980092169139e-10
2025-12-06,1,sideways,0.9999905065670166,1.9091422080403234e-08,1.859467945e-315,5.859479542726283e-13
2025-12-07,1,sideways,0.9999997191080577,1.0998452364110366e-08,0.0,6.970949940089542e-13
2025-12-08,1,sideways,0.9999998768773897,6.396768799052149e-09,0.0,3.3925252797773877e-13
2025-12-09,1,sideways,0.9999869234809525,1.4199912841950367e-07,0.0,5.021791351507727e-10
2025-12-10,1,sideways,0.9999971695130211,1.1780305847748453e-08,0.0,3.3437396411426214e-08
2025-12-11,1,sideways,0.9999248054069538,1.6879304747018992e-08,0.0,4.954378004667825e-12
2025-12-12,1,sideways,0.9999950183991068,2.638457721300107e-08,0.0,7.300150521081038e-11
2025-12-13,1,sideways,0.9999924473464576,1.2437764340791164e-08,0.0,1.5556019485680117e-09
2025-12-14,1,sideways,0.999984058702201,2.151988972054772e-08,0.0,5.280055228492274e-09
2025-12-15,1,sideways,0.9999872208495886,5.246359077884518e-09,0.0,2.4464932882087416e-11
2025-12-16,1,sideways,0.9999903052961785,8.147568103737047e-08,0.0,3.79013687487263e-09
2025-12-17,1,sideways,0.9999988324223062,2.600461378123774e-09,0.0,4.672236938977428e-10
2025-12-18,1,sideways,0.9999984474159875,6.4219304078825354e-09,0.0,7.538845411913798e-10
2025-12-19,1,sideways,0.9999989912431005,5.6900353364961074e-09,0.0,1.3147452190232784e-09
2025-12-20,1,sideways,0.9999990294754915,5.757618346713744e-09,0.0,1.5191676815231433e-09
2025-12-21,1,sideways,0.9999986380910465,6.826628029882756e-09,0.0,1.879579585934493e-09
2025-12-22,1,sideways,0.999918066138479,3.053284386154229e-09,0.0,1.1365585860798808e-09
2025-12-23,1,sideways,0.9418964386930645,3.149336557890019e-11,0.0,1.541592312998763e-10
2025-12-24,0,sideways,0.9980576283834002,3.380517744976655e-10,6.320403158909504e-298,1.4185767632684165e-18
2025-12-25,0,sideways,0.999994188669749,1.635547880530283e-33,7.959325111750375e-298,3.9407392875618735e-20
2025-12-26,0,sideways,1.0,1.2031721358342228e-49,5.908048230295767e-262,2.4177217413633773e-40
2025-12-27,3,high-volatility,1.0,2.8201466987611396e-47,1.0,2.32275194777322e-111
2025-12-28,3,high-volatility,1.0,2.1614830845620685e-69,1.0,5.2728249101670786e-98
2025-12-29,3,high-volatility,1.0,9.213303953328847e-82,1.0,7.10407684881783e-77
2025-12-30,3,high-volatility,1.0,9.379780030180387e-97,1.0,4.04320425463144e-157
2025-12-31,3,high-volatility,1.0,4.886923675395621e-106,1.0,5.921255185720782e-122
2026-01-01,3,high-volatility,1.0,7.765417108659993e-110,1.0,3.10537805118365e-125
2026-01-02,3,high-volatility,1.0,4.0480927842843542e-112,1.0,3.17945064014384e-126
2026-01-03,3,high-volatility,1.0,1.632082265120282e-121,1.0,3.543759641826078e-136
2026-01-04,3,high-volatility,1.0,2.9689997266861917e-129,1.0,2.0101282454299915e-144
2026-01-05,3,high-volatility,1.0,3.898132733301663e-139,1.0,1.328050341281163e-163
2026-01-06,3,high-volatility,1.0,1.9281526632400097e-141,1.0,7.615571976851992e-178
2026-01-07,3,high-volatility,1.0,5.62007114095999e-130,1.0,2.624970428474843e-165
2026-01-08,3,high-volatility,1.0,2.832068656842612e-118,1.0,6.171911234831644e-153
2026-01-09,3,high-volatility,1.0,9.79358268368186e-115,1.0,5.248205762220405e-160
2026-01-10,3,high-volatility,1.0,2.404511108969131e-103,1.0,2.0340040190941763e-145
2026-01-11,3,high-volatility,1.0,1.252781887126787e-91,1.0,2.9021821985585486e-131
2026-01-12,3,high-volatility,1.0,2.0465305865023452e-79,1.0,4.637168856531675e-130
2026-01-13,3,high-volatility,1.0,3.093245126748341e-61,1.0,2.1640405552750543e-99
2026-01-14,3,high-volatility,1.0,4.209306623585316e-43,1.0,1.4832233476648536e-74
2026-01-15,3,high-volatility,0.9999993361784548,4.3233268432939357e-26,0.9999993361784548,3.243314241103919e-54
2026-01-16,1,sideways,0.9999999999995453,5.292072968599411e-13,2.4277555740894983e-33,1.265514720095604e-25
2026-01-17,1,sideways,0.9999986689581183,1.33104177391294e-06,7.4682694923060725e-65,1.292339324742691e-24
2026-01-18,1,sideways,0.9961039909004039,0.0038960090976919307,2.349641612196492e-68,7.615926899996554e-29
2026-01-19,2,sideways,0.9999999999770353,0.9999999999770353,3.7631604904387485e-286,1.428956622878296e-48
2026-01-20,2,sideways,1.0,1.0,1.0755649118113248e-307,1.055347918605444e-85
2026-01-21,2,sideways,1.0,1.0,0.0,2.360548910071302e-134
2026-01-22,2,sideways,1.0,1.0,0.0,3.8442395348714915e-182
2026-01-23,2,sideways,1.0,1.0,0.0,2.816377409298039e-215
2026-01-24,2,sideways,1.0,1.0,0.0,2.2952610373305491e-234
2026-01-25,2,sideways,1.0,1.0,0.0,1.233668495012525e-269
2026-01-26,2,sideways,1.0,1.0,0.0,1.0223724767207545e-263
2026-01-27,2,sideways,1.0,1.0,0.0,1.0648596259655447e-285
2026-01-28,2,sideways,1.0,1.0,0.0,1.8362172686269475e-230
2026-01-29,2,sideways,1.0,1.0,1.1041367275159694e-203,4.489824600587399e-254
2026-01-30,2,sideways,1.0,1.0,0.0,1.809659813951906e-223
2026-01-31,2,sideways,1.0,1.0,0.0,1.3017233911171298e-140
2026-02-01,2,sideways,1.0,1.0,0.0,3.9058532949551765e-96
