date,state,regime,confidence,prob_bull,prob_high-volatility,prob_low-volatility,prob_bear
2025-03-02,3,bear,1.0,0.0,0.0,0.0,1.0
2025-03-03,3,bear,1.0,0.0,0.0,0.0,1.0
2025-03-04,3,bear,1.0,0.0,0.0,0.0,1.0
2025-03-05,3,bear,1.0,0.0,0.0,0.0,1.0
2025-03-06,3,bear,1.0,0.0,0.0,0.0,1.0
2025-03-07,3,bear,1.0,0.0,0.0,0.0,1.0
2025-03-08,3,bear,1.0,0.0,0.0,0.0,1.0
2025-03-09,3,bear,1.0,0.0,0.0,0.0,1.0
2025-03-10,3,bear,1.0,0.0,0.0,0.0,1.0
2025-03-11,3,bear,1.0,4.742841783194733e-304,0.0,0.0,1.0
2025-03-12,3,bear,1.0,4.791328405152234e-277,0.0,4.7419853647427206e-304,1.0
2025-03-13,3,bear,1.0,1.8669885027030325e-250,0.0,4.790556896838004e-277,1.0
2025-03-14,3,bear,1.0,3.3902400402634493e-223,0.0,1.8666537519400235e-250,1.0
2025-03-15,3,bear,1.0,1.446849820935715e-196,0.0,3.389626797698407e-223,1.0
2025-03-16,3,bear,1.0,6.340310317948353e-170,0.0,1.446589473010883e-196,1.0
2025-03-17,3,bear,1.0,2.5471734002848093e-143,0.0,6.339244299699106e-170,1.0
2025-03-18,3,bear,1.0,3.544850815798632e-116,0.0,2.5467810972779946e-143,1.0
2025-03-19,3,bear,1.0,7.553340523745984e-89,2.6488555e-316,3.544179231622493e-116,1.0
2025-03-20,3,bear,1.0,8.939730827888702e-62,2.049117930080698e-288,7.551754783493997e-89,1.0
2025-03-21,3,bear,1.0,3.174350637616917e-32,8.428010236491395e-273,8.238201616634972e-62,1.0
2025-03-22,0,bull,1.0,1.0,1.7739169161330875e-100,1.1617662964102024e-41,0.0
2025-03-23,0,bull,0.9999999962037691,0.9999999962037691,2.7662040786046184e-62,3.7961983978198225e-09,0.0
2025-03-24,0,bull,0.9999999932826995,0.9999999932826995,6.594757834882088e-70,6.7172258350608426e-09,0.0
2025-03-25,0,bull,0.9999999210419932,0.9999999210419932,2.844926188336827e-63,7.895797800640713e-08,0.0
2025-03-26,0,bull,0.9999999875437879,0.9999999875437879,1.3139080982447861e-58,1.2456225152598398e-08,0.0
2025-03-27,0,bull,0.9999999664535159,0.9999999664535159,6.219491169921836e-57,3.354656160426087e-08,0.0
2025-03-28,0,bull,0.9999999894107532,0.9999999894107532,1.773501198382137e-62,1.05891589967842e-08,0.0
2025-03-29,0,bull,0.9999999891772404,0.9999999891772404,8.527725602325373e-80,1.082276120672507e-08,0.0
2025-03-30,0,bull,0.9999994791254714,0.9999994791254714,1.5906838370581444e-94,5.208745635785216e-07,0.0
2025-03-31,0,bull,0.9999996239381087,0.9999996239381087,6.440602350477799e-94,3.7606181479774665e-07,0.0
2025-04-01,0,bull,0.9999994811747892,0.9999994811747892,1.3647896932791254e-89,5.188251500432123e-07,0.0
2025-04-02,0,bull,0.99999827365208,0.99999827365208,3.2964091461624245e-86,1.7263478539348984e-06,0.0
2025-04-03,0,bull,0.9999992042984086,0.9999992042984086,1.5191963441147644e-90,7.957015692570552e-07,0.0
2025-04-04,0,bull,0.9999996575555219,0.9999996575555219,1.319605779855153e-92,3.4244456527422044e-07,0.0
2025-04-05,0,bull,0.9999990912176181,0.9999990912176181,1.366104940674868e-86,9.087823685834174e-07,0.0
2025-04-06,0,bull,0.9991417569677504,0.9991417569677504,2.3155088772085415e-89,0.0008582430321516387,0.0
2025-04-07,2,low-volatility,0.9902437976289246,0.009756202371038572,2.1328325833913654e-35,0.9902437976289246,0.0
2025-04-08,1,high-volatility,0.9884990004700686,5.616041862646023e-08,0.9884990004700686,0.011500943369449936,0.0
2025-04-09,1,high-volatility,0.9999989814726362,1.8661701183448192e-14,0.9999989814726362,1.018527292645495e-06,0.0
2025-04-10,1,high-volatility,0.9999983516352074,8.874746092758452e-18,0.9999983516352074,1.6483646831863274e-06,0.0
2025-04-11,1,high-volatility,0.9999769893550771,5.542667407606287e-26,0.9999769893550771,2.301064485241715e-05,0.0
2025-04-12,1,high-volatility,0.9999996287552456,3.339430969072956e-28,0.9999996287552456,3.7124478301013313e-07,0.0
2025-04-13,1,high-volatility,0.9999998604714717,4.543366626146953e-29,0.9999998604714717,1.3952864092074786e-07,0.0
2025-04-14,1,high-volatility,0.9999999148817588,8.642379704037113e-30,0.9999999148817588,8.511833708753714e-08,0.0
2025-04-15,1,high-volatility,0.9999999464575936,7.397652035019497e-31,0.9999999464575936,5.3542365965934004e-08,0.0
2025-04-16,1,high-volatility,0.9999999625658809,4.0027283639121994e-32,0.9999999625658809,3.7434200591302776e-08,0.0
2025-04-17,1,high-volatility,0.999999979861059,4.895308589699665e-32,0.999999979861059,2.013895912744806e-08,0.0
2025-04-18,1,high-volatility,0.9999999432523071,7.573575731073969e-33,0.9999999432523071,5.67477520892913e-08,0.0
2025-04-19,1,high-volatility,0.9999999479177872,1.5345639059910359e-33,0.9999999479177872,5.208211528812073e-08,0.0
2025-04-20,1,high-volatility,0.9999999984224814,1.5240635880141092e-42,0.9999999984224814,1.5775295035047319e-09,0.0
2025-04-21,1,high-volatility,0.9999999989681783,3.5808103545628183e-44,0.9999999989681783,1.0317933983981435e-09,0.0
2025-04-22,1,high-volatility,0.9999999984283932,4.680465033102897e-43,0.9999999984283932,1.5714960839108383e-09,0.0
2025-04-23,1,high-volatility,0.9999999890314939,8.094190012137051e-41,0.9999999890314939,1.0968476339950124e-08,0.0
2025-04-24,1,high-volatility,0.9999999813983325,6.412479254572397e-37,0.9999999813983325,1.8601738814003052e-08,0.0
2025-04-25,1,high-volatility,0.9999998311998439,2.4416591401113795e-31,0.9999998311998439,1.68800134491498e-07,0.0
2025-04-26,1,high-volatility,0.9988240379650963,7.084627842390818e-23,0.9988240379650963,0.001175962034977283,0.0
2025-04-27,2,low-volatility,0.9999802000286567,1.6326050878147945e-13,1.9799971118863287e-05,0.9999802000286567,0.0
2025-04-28,2,low-volatility,0.999999997204668,2.795262567005955e-09,3.6086394303746107e-32,0.999999997204668,0.0
2025-04-29,2,low-volatility,0.99999999082047,9.17958602052614e-09,3.1382070256506533e-46,0.99999999082047,0.0
2025-04-30,2,low-volatility,1.0,2.3634507773699202e-20,7.555851492003307e-73,1.0,0.0
2025-05-01,2,low-volatility,1.0,4.953703731864864e-17,9.953245494892568e-61,1.0,0.0
2025-05-02,2,low-volatility,1.0,3.2226177732070324e-17,5.547747364344007e-50,1.0,0.0
2025-05-03,2,low-volatility,1.0,2.8474499045885007e-16,1.223277191847346e-48,1.0,0.0
2025-05-04,2,low-volatility,1.0,4.352741355848456e-16,2.5310378420550673e-46,1.0,0.0
2025-05-05,2,low-volatility,1.0,9.663303756945316e-17,4.317712108453061e-55,1.0,0.0
2025-05-06,2,low-volatility,1.0,4.803300607737306e-17,1.3499473296505713e-49,1.0,0.0
2025-05-07,2,low-volatility,1.0,6.317416490468065e-18,1.667544554390226e-25,1.0,0.0
2025-05-08,2,low-volatility,1.0,5.45359826396545e-25,8.174844286261069e-14,1.0,0.0
2025-05-09,2,low-volatility,1.0,4.607307544830303e-22,5.317719570885632e-25,1.0,0.0
2025-05-10,2,low-volatility,1.0,1.5279806865024243e-23,7.557773474988876e-24,1.0,0.0
2025-05-11,2,low-volatility,1.0,9.926488904799e-24,3.5173453818631697e-22,1.0,0.0
2025-05-12,2,low-volatility,1.0,4.8607949519351885e-24,7.32547407066023e-23,1.0,0.0
2025-05-13,2,low-volatility,1.0,1.8147808700502157e-29,2.6569421450946474e-29,1.0,0.0
2025-05-14,2,low-volatility,1.0,2.1123307088804403e-31,9.393076501583909e-30,1.0,0.0
2025-05-15,2,low-volatility,1.0,5.768279523651118e-30,3.2278775335088806e-28,1.0,0.0
2025-05-16,2,low-volatility,1.0,4.2122909767740505e-29,3.7640063744011436e-29,1.0,0.0
2025-05-17,2,low-volatility,1.0,4.0189384573943446e-29,5.107574072984428e-29,1.0,0.0
2025-05-18,2,low-volatility,1.0,7.9563534491433005e-28,4.346928909753544e-22,1.0,0.0
2025-05-19,2,low-volatility,1.0,7.71736228835281e-27,1.037210039196596e-15,1.0,0.0
2025-05-20,2,low-volatility,0.9999999999974989,2.5880639506595255e-12,2.6303921858553134e-29,0.9999999999974989,0.0
2025-05-21,2,low-volatility,0.9999999999670308,3.294251887759096e-11,1.7082042105220313e-30,0.9999999999670308,0.0
2025-05-22,2,low-volatility,0.9999999999995453,3.845980261986036e-13,9.924986150774365e-34,0.9999999999995453,0.0
2025-05-23,2,low-volatility,1.0,1.27257482954527e-30,6.283911551751483e-51,1.0,0.0
2025-05-24,2,low-volatility,1.0,1.853345792943674e-30,3.833585174212754e-38,1.0,0.0
2025-05-25,2,low-volatility,1.0,9.658886374560695e-29,2.782556826571122e-33,1.0,0.0
2025-05-26,2,low-volatility,1.0,4.355317064163245e-28,1.3481257681909737e-36,1.0,0.0
2025-05-27,2,low-volatility,1.0,1.6148125246990452e-23,2.1558709665145581e-60,1.0,0.0
2025-05-28,2,low-volatility,1.0,1.9899469157424267e-15,1.2365930489706308e-31,1.0,0.0
2025-05-29,2,low-volatility,1.0,1.6028872106400575e-14,1.1690383244222289e-28,1.0,0.0
2025-05-30,2,low-volatility,1.0,3.1398164410755026e-14,3.519960636694775e-27,1.0,0.0
2025-05-31,2,low-volatility,1.0,2.7190598883577748e-14,1.4192099040903184e-28,1.0,0.0
2025-06-01,2,low-volatility,1.0,3.206355998820363e-14,9.240981395136402e-32,1.0,0.0
2025-06-02,2,low-volatility,1.0,1.0301684022206068e-13,2.560526308397046e-31,1.0,0.0
2025-06-03,2,low-volatility,0.9999999999965894,3.2983385232072736e-12,4.613740900965081e-40,0.9999999999965894,0.0
2025-06-04,2,low-volatility,0.9999999999693046,3.067301295362667e-11,4.058638046421957e-31,0.9999999999693046,0.0
2025-06-05,2,low-volatility,0.9999999999665761,3.3447650650606075e-11,3.378751861312916e-36,0.9999999999665761,0.0
2025-06-06,2,low-volatility,0.9999999999938609,6.122032459050427e-12,1.052833391582298e-36,0.9999999999938609,0.0
2025-06-07,2,low-volatility,0.9999999999986358,1.3058243665896224e-12,4.534152161942495e-36,0.9999999999986358,0.0
2025-06-08,2,low-volatility,0.999999999998181,1.8156369973237997e-12,7.189659669232569e-31,0.999999999998181,0.0
2025-06-09,2,low-volatility,0.9999999999893134,1.0687257232481327e-11,1.720760275312763e-33,0.9999999999893134,0.0
2025-06-10,2,low-volatility,0.9999999999895408,1.03658844807153e-11,6.579730564883741e-33,0.9999999999895408,0.0
2025-06-11,2,low-volatility,0.9999999818730886,1.812681646829155e-08,2.789748137755804e-31,0.9999999818730886,0.0
2025-06-12,0,bull,0.9556004258855247,0.9556004258855247,5.008485091489181e-82,0.04439957411437738,0.0
2025-06-13,0,bull,0.9999080860524985,0.9999080860524985,8.934190087069663e-98,9.191394744948735e-05,0.0
2025-06-14,0,bull,0.9999999217855051,0.9999999217855051,3.876532657595536e-103,7.821450330166908e-08,0.0
2025-06-15,0,bull,0.9999999114065797,0.9999999114065797,1.3004239276414267e-100,8.859333667184256e-08,0.0
2025-06-16,0,bull,0.9999999860024218,0.9999999860024218,2.77839021259847e-107,1.3997654180165269e-08,0.0
2025-06-17,0,bull,0.9999999628573739,0.9999999628573739,1.0058856675268916e-104,3.714272022421758e-08,0.0
2025-06-18,0,bull,0.9999997610077856,0.9999997610077856,3.277621892506785e-81,2.3899213783611275e-07,0.0
2025-06-19,0,bull,0.999999929369326,0.999999929369326,1.6050841865742143e-75,7.063068120705477e-08,0.0
2025-06-20,0,bull,0.9999999280930777,0.9999999280930777,4.3154869384056196e-78,7.19068537034602e-08,0.0
2025-06-21,0,bull,0.9999999422807394,0.9999999422807394,1.02462149215841e-78,5.771933056855735e-08,0.0
2025-06-22,0,bull,0.9999999739588933,0.9999999739588933,2.6657858703232983e-72,2.6041161920183748e-08,0.0
2025-06-23,0,bull,0.999984397563441,0.999984397563441,8.247686741375441e-79,1.560243651554393e-05,0.0
2025-06-24,2,low-volatility,0.9999999988890522,1.1109674904175655e-09,7.85580170930191e-43,0.9999999988890522,0.0
2025-06-25,2,low-volatility,0.9999999998788098,1.2111964091949634e-10,1.0952540856947836e-27,0.9999999998788098,0.0
2025-06-26,2,low-volatility,1.0,3.6304355543494705e-15,2.3566226995065265e-35,1.0,0.0
2025-06-27,2,low-volatility,1.0,2.122553812079361e-16,1.143782729744242e-23,1.0,0.0
2025-06-28,2,low-volatility,1.0,2.271092794973583e-16,3.538684174392128e-23,1.0,0.0
2025-06-29,2,low-volatility,1.0,1.7756516891676207e-16,2.2064856358541756e-23,1.0,0.0
2025-06-30,2,low-volatility,1.0,5.5404778869085315e-17,3.236483496570423e-17,1.0,0.0
2025-07-01,2,low-volatility,1.0,2.607365159407266e-17,3.865758195162508e-26,1.0,0.0
2025-07-02,2,low-volatility,1.0,1.901605746153242e-17,2.270105861937498e-18,1.0,0.0
2025-07-03,2,low-volatility,1.0,3.8783655463376595e-18,3.260720736624209e-36,1.0,0.0
2025-07-04,2,low-volatility,1.0,4.1507016812323734e-18,5.125321528250499e-32,1.0,0.0
2025-07-05,2,low-volatility,1.0,1.1711887565967157e-17,4.3427363743236e-32,1.0,0.0
2025-07-06,2,low-volatility,1.0,2.3233077914948316e-17,2.50776243100314e-31,1.0,0.0
2025-07-07,2,low-volatility,1.0,2.64827699018345e-18,4.5722036771448754e-26,1.0,0.0
2025-07-08,2,low-volatility,1.0,2.1693463052298365e-14,1.431522153979467e-29,1.0,0.0
2025-07-09,2,low-volatility,1.0,1.3419557297877772e-14,2.7014251561525294e-34,1.0,0.0
2025-07-10,2,low-volatility,1.0,1.814797860900281e-14,2.5008298896974047e-30,1.0,0.0
2025-07-11,2,low-volatility,0.9999999999997726,1.3063216534080468e-13,1.7874895721878863e-30,0.9999999999997726,0.0
2025-07-12,2,low-volatility,0.9999999999988631,1.2194742682403526e-12,7.280028865903548e-30,0.9999999999988631,0.0
2025-07-13,2,low-volatility,0.9999999434560338,5.6544029506551715e-08,1.0044074562959361e-23,0.9999999434560338,0.0
2025-07-14,2,low-volatility,0.8042557389735245,0.1957442610264942,6.245318736303625e-36,0.8042557389735245,0.0
2025-07-15,2,low-volatility,0.47927967595377524,0.5207203240462798,4.588990648198383e-45,0.47927967595377524,0.0
2025-07-16,0,bull,0.991810436052867,0.991810436052867,3.688207164064336e-81,0.00818956394707891,0.0
2025-07-17,0,bull,0.9996709323292304,0.9996709323292304,5.205894722044717e-77,0.0003290676708553415,0.0
2025-07-18,0,bull,0.9999500108447948,0.9999500108447948,2.14082475107046e-79,4.998915510396703e-05,0.0
2025-07-19,0,bull,0.9999396102512011,0.9999396102512011,9.36780587267072e-83,6.038974891004492e-05,0.0
2025-07-20,0,bull,0.9999501884250054,0.9999501884250054,1.2708460591367482e-75,4.981157497052789e-05,0.0
2025-07-21,0,bull,0.9999435993507698,0.9999435993507698,3.950886608346245e-74,5.6400649330368305e-05,0.0
2025-07-22,0,bull,0.9999333212823343,0.9999333212823343,1.4113021288662742e-69,6.667871757800068e-05,0.0
2025-07-23,0,bull,0.9999999811914224,0.9999999811914224,2.432398745211536e-109,1.8808686319718666e-08,0.0
2025-07-24,0,bull,0.9999999839569683,0.9999999839569683,8.239074878327405e-115,1.604303743139556e-08,0.0
2025-07-25,0,bull,0.9999999692756778,0.9999999692756778,4.8621528148738065e-113,3.072438665202558e-08,0.0
2025-07-26,0,bull,0.99999996101974,0.99999996101974,2.9612170346597856e-117,3.898034834319071e-08,0.0
2025-07-27,0,bull,0.9998455348079436,0.9998455348079436,9.718508176689067e-151,0.00015446519196794567,0.0
2025-07-28,0,bull,0.9999061736950895,0.9999061736950895,7.902121812793456e-162,9.382630501355535e-05,0.0
2025-07-29,0,bull,0.9999904312686215,0.9999904312686215,1.3412729112727187e-151,9.568731313847672e-06,0.0
2025-07-30,0,bull,0.9999999228293776,0.9999999228293776,1.7496118439917945e-47,7.717065986874963e-08,0.0
2025-07-31,0,bull,0.9999999995570761,0.9999999995570761,1.0831209594590692e-43,4.428645772882238e-10,0.0
2025-08-01,0,bull,0.9999999998117346,0.9999999998117346,8.516903172392518e-47,1.8822531550326071e-10,0.0
2025-08-02,0,bull,0.9999999974149887,0.9999999974149887,3.0478693019738114e-31,2.585086673517599e-09,0.0
2025-08-03,0,bull,0.9999999947212928,0.9999999947212928,1.9994741454667828e-33,5.278788997844687e-09,0.0
2025-08-04,0,bull,0.9999999998126441,0.9999999998126441,1.1875567695442147e-34,1.8733258926169942e-10,0.0
2025-08-05,0,bull,0.9999999999176907,0.9999999999176907,2.214800016100796e-37,8.235796159665656e-11,0.0
2025-08-06,0,bull,0.9999999999724878,0.9999999999724878,5.463287922136663e-38,2.7511229688771284e-11,0.0
2025-08-07,0,bull,0.9999999999768079,0.9999999999768079,3.8188730543863875e-37,2.3267661680197957e-11,0.0
2025-08-08,0,bull,0.999999999972033,0.999999999972033,6.524244570998267e-35,2.8028495831858002e-11,0.0
2025-08-09,0,bull,0.9999999999765805,0.9999999999765805,2.4767039969981035e-34,2.3405601070960927e-11,0.0
2025-08-10,0,bull,0.99999999997749,0.99999999997749,1.9161743578911104e-34,2.2469451219167466e-11,0.0
2025-08-11,0,bull,0.9999999999859028,0.9999999999859028,2.0559849710316373e-34,1.4150603141662764e-11,0.0
2025-08-12,0,bull,0.9999999999822649,0.9999999999822649,5.426836133614417e-32,1.7822944046454466e-11,0.0
2025-08-13,0,bull,0.999999994748805,0.999999994748805,8.286140424510732e-27,5.251265275490448e-09,0.0
2025-08-14,0,bull,0.9999999805013433,0.9999999805013433,3.497113877208608e-27,1.9498769938468636e-08,0.0
2025-08-15,0,bull,0.999999990531478,0.999999990531478,1.005394703061558e-27,9.468446701631553e-09,0.0
2025-08-16,0,bull,0.999999994542577,0.999999994542577,5.587493739270261e-28,5.457394001795621e-09,0.0
2025-08-17,0,bull,0.9999999980093435,0.9999999980093435,3.467414821006982e-27,1.990725026524739e-09,0.0
2025-08-18,0,bull,0.9999999997337454,0.9999999997337454,3.932539424280703e-35,2.663275168508874e-10,0.0
2025-08-19,0,bull,0.9999968617327472,0.9999968617327472,4.401836896287166e-62,3.138267180014354e-06,0.0
2025-08-20,0,bull,0.9999975184968074,0.9999975184968074,2.220056572103295e-62,2.4815031160859406e-06,0.0
2025-08-21,0,bull,0.9999968253717185,0.9999968253717185,1.9881672012419602e-52,3.17462818966563e-06,0.0
2025-08-22,0,bull,0.999997565590782,0.999997565590782,5.624647043680687e-41,2.434409251479222e-06,0.0
2025-08-23,0,bull,0.9999983906176785,0.9999983906176785,4.760099505485076e-52,1.6093822346277324e-06,0.0
2025-08-24,0,bull,0.9999982870327705,0.9999982870327705,1.4636565535307869e-52,1.7129671839812477e-06,0.0
2025-08-25,0,bull,0.9999977187145406,0.9999977187145406,6.727042875924501e-52,2.2812855176503154e-06,0.0
2025-08-26,0,bull,0.9999971924092583,0.9999971924092583,9.661570059331252e-51,2.8075907358188725e-06,0.0
2025-08-27,0,bull,0.9999967981447171,0.9999967981447171,9.707344854029994e-52,3.201855177542895e-06,0.0
2025-08-28,0,bull,0.9999939483847204,0.9999939483847204,3.866191824136496e-54,6.0516153185637806e-06,0.0
2025-08-29,0,bull,0.9999979222490067,0.9999979222490067,9.052997791534848e-26,2.0777509610336273e-06,0.0
2025-08-30,0,bull,0.999999975317451,0.999999975317451,2.2507737245788674e-31,2.468261424753179e-08,0.0
2025-08-31,0,bull,0.9999999599242536,0.9999999599242536,3.8132187026695096e-31,4.0075677268234225e-08,0.0
2025-09-01,0,bull,0.9999959705536877,0.9999959705536877,4.806388141189318e-27,4.0294463504310175e-06,0.0
2025-09-02,0,bull,0.9999948866112612,0.9999948866112612,1.1830544676772269e-27,5.113388763950647e-06,0.0
2025-09-03,0,bull,0.9999991259814305,0.9999991259814305,3.0191869969209486e-34,8.740185488281595e-07,0.0
2025-09-04,0,bull,0.9999981846561348,0.9999981846561348,8.208433871690152e-34,1.8153438839952659e-06,0.0
2025-09-05,0,bull,0.9999970700395984,0.9999970700395984,1.041774516000195e-31,2.929960396536245e-06,0.0
2025-09-06,0,bull,0.9999974861407046,0.9999974861407046,4.107576179136789e-34,2.5138592410103114e-06,0.0
2025-09-07,0,bull,0.9999989814844596,0.9999989814844596,9.123422123700532e-59,1.0185156270842274e-06,0.0
2025-09-08,0,bull,0.9999999927945282,0.9999999927945282,1.6820063145689052e-77,7.205433608536812e-09,0.0
2025-09-09,0,bull,0.9999999869910425,0.9999999869910425,2.3355690880240238e-77,1.300891544433282e-08,0.0
2025-09-10,0,bull,0.9999999959507022,0.9999999959507022,9.699754390452705e-88,4.049317470847622e-09,0.0
2025-09-11,0,bull,0.9999999926560577,0.9999999926560577,1.0532142951997952e-87,7.343868331271299e-09,0.0
2025-09-12,0,bull,0.9999999989945536,0.9999999989945536,1.962524768209972e-99,1.0055090309259871e-09,0.0
2025-09-13,0,bull,0.9999999985709564,0.9999999985709564,8.364480219360217e-96,1.4290809725109125e-09,0.0
2025-09-14,0,bull,0.9999999989147454,0.9999999989147454,4.612349976732003e-96,1.0853007748345552e-09,0.0
2025-09-15,0,bull,0.9999999995518465,0.9999999995518465,8.355798010304494e-96,4.481051122448005e-10,0.0
2025-09-16,0,bull,0.9999998411024207,0.9999998411024207,7.55238342601784e-77,1.5889749186015527e-07,0.0
2025-09-17,0,bull,0.9999994383905899,0.9999994383905899,2.8618266393576895e-56,5.616094444924189e-07,0.0
2025-09-18,0,bull,0.9999977924771238,0.9999977924771238,4.207810431925189e-66,2.207522807085866e-06,0.0
2025-09-19,0,bull,0.9999998526618692,0.9999998526618692,4.555811045789993e-70,1.4733808126568525e-07,0.0
2025-09-20,0,bull,0.999999855614998,0.999999855614998,7.760511929246975e-76,1.4438508999280526e-07,0.0
2025-09-21,0,bull,0.9999999418603255,0.9999999418603255,3.764868412859742e-64,5.8139641948058234e-08,0.0
2025-09-22,0,bull,0.9999998357984757,0.9999998357984757,4.422239682774797e-58,1.642014395970074e-07,0.0
2025-09-23,0,bull,0.9999996899135138,0.9999996899135138,1.2037097149905166e-29,3.10086538540957e-07,0.0
2025-09-24,0,bull,0.99999999489728,0.99999999489728,1.9939071241733958e-36,5.102688889717382e-09,0.0
2025-09-25,0,bull,0.9999999976807885,0.9999999976807885,1.0757383771550762e-38,2.3191376439534102e-09,0.0
2025-09-26,0,bull,0.9999999978101641,0.9999999978101641,2.0832671788116492e-38,2.189945714590424e-09,0.0
2025-09-27,0,bull,0.9999999983631369,0.9999999983631369,1.9185959058708804e-38,1.6369335860622854e-09,0.0
2025-09-28,0,bull,0.9999999981889687,0.9999999981889687,2.7533144907147606e-38,1.8111244053027123e-09,0.0
2025-09-29,0,bull,0.9999999652868615,0.9999999652868615,7.240863025223572e-36,3.4713215738955746e-08,0.0
2025-09-30,0,bull,0.9999989357694382,0.9999989357694382,6.988230841834748e-38,1.064230608241643e-06,0.0
2025-10-01,0,bull,0.9999999839303656,0.9999999839303656,1.3316785276136835e-46,1.606956589562513e-08,0.0
2025-10-02,0,bull,0.9999999522267455,0.9999999522267455,2.4757278966805246e-47,4.7773344993604036e-08,0.0
2025-10-03,0,bull,0.9999999645747273,0.9999999645747273,1.2025291865493201e-48,3.542524563284966e-08,0.0
2025-10-04,0,bull,0.9999999582978498,0.9999999582978498,1.0255623264466974e-48,4.170211149751944e-08,0.0
2025-10-05,0,bull,0.9999999490144105,0.9999999490144105,3.71720967184324e-55,5.0985604162601874e-08,0.0
2025-10-06,0,bull,0.9999999994429345,0.9999999994429345,1.8785476392117533e-88,5.571323914920624e-10,0.0
2025-10-07,0,bull,0.9999999989356638,0.9999999989356638,4.343024735557225e-81,1.0643896344603643e-09,0.0
2025-10-08,0,bull,0.999999999813781,0.999999999813781,8.202948116869267e-90,1.8621453736238452e-10,0.0
2025-10-09,0,bull,0.9999999997035047,0.9999999997035047,2.98829310915809e-92,2.965289953314438e-10,0.0
2025-10-10,0,bull,0.9999999996623501,0.9999999996623501,5.0557409595839476e-95,3.377225231057576e-10,0.0
2025-10-11,0,bull,0.9999999992601261,0.9999999992601261,4.3776262410197485e-92,7.399139616473367e-10,0.0
2025-10-12,0,bull,0.9999999999922693,0.9999999999922693,8.525159819195139e-171,7.640043056293734e-12,0.0
2025-10-13,0,bull,0.9999999999799911,0.9999999999799911,1.1895850011596863e-220,1.9925777911783574e-11,0.0
2025-10-14,0,bull,0.9999997629179515,0.9999997629179515,4.890606835339634e-195,2.3708201530046112e-07,0.0
2025-10-15,2,low-volatility,0.9999308492551404,6.915074495813721e-05,2.598175246205673e-128,0.9999308492551404,0.0
2025-10-16,2,low-volatility,0.9999999998394742,1.605896200288213e-10,4.316161165574276e-46,0.9999999998394742,0.0
2025-10-17,2,low-volatility,0.9999999999438387,5.6076235846712667e-11,2.134515577108822e-39,0.9999999999438387,0.0
2025-10-18,2,low-volatility,0.9999999998376552,1.6229526955233698e-10,9.24188915753987e-40,0.9999999998376552,0.0
2025-10-19,2,low-volatility,0.9999999999104148,8.951603096382856e-11,5.12641121817763e-37,0.9999999999104148,0.0
2025-10-20,2,low-volatility,0.9999999997435225,2.5651369018217115e-10,3.1609033189383067e-62,0.9999999997435225,0.0
2025-10-21,2,low-volatility,0.9999999998590283,1.4096177767072665e-10,2.4787455622953083e-64,0.9999999998590283,0.0
2025-10-22,2,low-volatility,0.9999999997626219,2.37375257595801e-10,1.5658727731500365e-66,0.9999999997626219,0.0
2025-10-23,2,low-volatility,0.9999999998401563,1.5989660544623138e-10,1.5527344944576426e-67,0.9999999998401563,0.0
2025-10-24,2,low-volatility,0.9999999998387921,1.6111792986782573e-10,1.522481780801726e-66,0.9999999998387921,0.0
2025-10-25,2,low-volatility,0.9999999997801297,2.199290562097172e-10,8.614208202536036e-67,0.9999999997801297,0.0
2025-10-26,2,low-volatility,0.9999999998037765,1.9632159415830177e-10,4.668412481025012e-67,0.9999999998037765,0.0
2025-10-27,2,low-volatility,0.9999999998351541,1.6482900692375904e-10,1.5924589607088116e-26,0.9999999998351541,0.0
2025-10-28,2,low-volatility,0.9999999956673946,4.3325434021394736e-09,1.617103072470208e-29,0.9999999956673946,0.0
2025-10-29,2,low-volatility,0.9999999970962108,2.9038970360786274e-09,6.412763047279107e-30,0.9999999970962108,0.0
2025-10-30,2,low-volatility,0.9999999980116172,7.652026717247047e-11,1.911794235804451e-09,0.9999999980116172,0.0
2025-10-31,2,low-volatility,0.9999999871497494,1.2135318888302558e-08,7.150221776193691e-10,0.9999999871497494,0.0
2025-11-01,2,low-volatility,0.9999999883568762,1.1312896119400932e-08,3.302394365784681e-10,0.9999999883568762,0.0
2025-11-02,2,low-volatility,0.9999999407502873,5.777320615322155e-08,1.4765536135480647e-09,0.9999999407502873,0.0
2025-11-03,2,low-volatility,0.9995308392163912,0.00046916077851280147,5.178820047269559e-12,0.9995308392163912,0.0
2025-11-04,0,bull,0.9999993701994463,0.9999993701994463,4.7273030206237156e-91,6.298006013587933e-07,0.0
2025-11-05,0,bull,0.9999999999954525,0.9999999999954525,4.635640093602852e-103,4.6581063035059e-12,0.0
2025-11-06,0,bull,0.9999999999781721,0.9999999999781721,1.1889863680907941e-101,2.1928291671734778e-11,0.0
2025-11-07,0,bull,0.9999999995709459,0.9999999995709459,4.6381280093293e-103,4.2899986583865814e-10,0.0
2025-11-08,0,bull,0.9999999998813109,0.9999999998813109,3.64574348417388e-106,1.1876938719946383e-10,0.0
2025-11-09,0,bull,0.9999999998058229,0.9999999998058229,3.3179063046939726e-106,1.940703586549452e-10,0.0
2025-11-10,0,bull,0.9999999981250767,0.9999999981250767,6.717908295584778e-103,1.874923037365179e-09,0.0
2025-11-11,0,bull,0.9999999980093435,0.9999999980093435,2.4071867993499425e-110,1.990698563772989e-09,0.0
2025-11-12,0,bull,0.9999999942760951,0.9999999942760951,1.380938542153356e-102,5.723914442725044e-09,0.0
2025-11-13,0,bull,0.9999999693097839,0.9999999693097839,1.2014318395983548e-97,3.069013215288882e-08,0.0
2025-11-14,0,bull,0.9999999908184236,0.9999999908184236,5.833919685215134e-100,9.181604045611447e-09,0.0
2025-11-15,0,bull,0.9999999832066352,0.9999999832066352,2.594541511083614e-100,1.67934054599282e-08,0.0
2025-11-16,0,bull,0.9999999997112354,0.9999999997112354,9.774648985581396e-119,2.886551420597805e-10,0.0
2025-11-17,0,bull,0.9999999995775397,0.9999999995775397,2.0572988026548872e-120,4.2240063789331674e-10,0.0
2025-11-18,0,bull,0.9999999990877768,0.9999999990877768,3.599211396422037e-113,9.122570471363948e-10,0.0
2025-11-19,0,bull,0.9999987351690193,0.9999987351690193,9.828777448266699e-174,1.2648310111857544e-06,0.0
2025-11-20,0,bull,0.9999983565985392,0.9999983565985392,1.9968566026758098e-167,1.6434015368278386e-06,0.0
2025-11-21,0,bull,0.9999999632605074,0.9999999632605074,1.3502921704747609e-94,3.6739393727238175e-08,0.0
2025-11-22,0,bull,0.9999999999986358,0.9999999999986358,2.9139105169696554e-94,1.301534293706566e-12,0.0
2025-11-23,0,bull,0.9999999999993179,0.9999999999993179,1.134416674112336e-94,6.068714534991528e-13,0.0
2025-11-24,0,bull,0.9999999999934062,0.9999999999934062,3.09754494806691e-87,6.485544392023088e-12,0.0
2025-11-25,0,bull,0.9999999999822649,0.9999999999822649,3.414595206979199e-84,1.7723344750790298e-11,0.0
2025-11-26,0,bull,0.9999999999970441,0.9999999999970441,1.5699050280183207e-84,2.990784378218947e-12,0.0
2025-11-27,0,bull,0.9999999999993179,0.9999999999993179,2.0632421341021966e-88,6.738313827466603e-13,0.0
2025-11-28,0,bull,0.9999999999972715,0.9999999999972715,7.597262130043421e-85,2.7520109984411404e-12,0.0
2025-11-29,0,bull,0.9999999999993179,0.9999999999993179,3.4783033383926808e-84,7.00525178791383e-13,0.0
2025-11-30,0,bull,0.9999999999990905,0.9999999999990905,5.791585330878562e-81,8.71987873288223e-13,0.0
2025-12-01,0,bull,1.0,1.0,6.513501146022099e-95,4.205096025281903e-14,0.0
2025-12-02,0,bull,0.9999999999924967,0.9999999999924967,1.98190050071847e-83,7.456275270959044e-12,0.0
2025-12-03,0,bull,0.9999999999747615,0.9999999999747615,9.511740500545147e-60,2.520767566727068e-11,0.0
2025-12-04,0,bull,0.9999999979918357,0.9999999979918357,1.6382800687705977e-63,2.0080799488797563e-09,0.0
2025-12-05,0,bull,0.9999999967151325,0.9999999967151325,8.9836420847344e-62,3.284915302723131e-09,0.0
2025-12-06,0,bull,0.9999999973806553,0.9999999973806553,2.1985619980670802e-64,2.619382149160424e-09,0.0
2025-12-07,0,bull,0.999999997957957,0.999999997957957,1.0220033335828281e-66,2.042046162072945e-09,0.0
2025-12-08,0,bull,0.9999999966209998,0.9999999966209998,8.796287800537202e-65,3.379053901245161e-09,0.0
2025-12-09,0,bull,0.9999999904084689,0.9999999904084689,3.746624069007985e-62,9.591600397226334e-09,0.0
2025-12-10,0,bull,0.9999999981771452,0.9999999981771452,6.879429890596479e-62,1.822928306034488e-09,0.0
2025-12-11,0,bull,0.9999999434519411,0.9999999434519411,2.695187024949783e-50,5.654801545001576e-08,0.0
2025-12-12,0,bull,0.9999999822064184,0.9999999822064184,4.392331830162444e-48,1.7793629471770767e-08,0.0
2025-12-13,0,bull,0.999999978444521,0.999999978444521,4.087758125765531e-53,2.1555499560156864e-08,0.0
2025-12-14,0,bull,0.9999999688616303,0.9999999688616303,7.204741765656149e-63,3.113842454054133e-08,0.0
2025-12-15,0,bull,0.9999999167430395,0.9999999167430395,2.0785863291565678e-49,8.325702511938294e-08,0.0
2025-12-16,0,bull,0.9999728030699288,0.9999728030699288,8.063107119275979e-39,2.7196929978221356e-05,0.0
2025-12-17,2,low-volatility,0.9908634057373626,0.009136594262684,5.696864076719369e-27,0.9908634057373626,0.0
2025-12-18,2,low-volatility,0.9994849868767243,0.0005150118513023926,1.272077037726876e-09,0.9994849868767243,0.0
2025-12-19,2,low-volatility,0.9999939921009112,1.672194464638953e-28,6.007899049854551e-06,0.9999939921009112,0.0
2025-12-20,1,high-volatility,0.985088024181116,7.214241543593862e-31,0.985088024181116,0.014911975818959955,0.0
2025-12-21,1,high-volatility,0.9998644472645314,3.097828728641895e-33,0.9998644472645314,0.0001355527354473701,0.0
2025-12-22,1,high-volatility,0.9997777063253334,1.1353591809064931e-35,0.9997777063253334,0.00022229367472585774,0.0
2025-12-23,1,high-volatility,0.9999985881239316,8.817192324559703e-36,0.9999985881239316,1.4118759550096637e-06,0.0
2025-12-24,1,high-volatility,0.9999997022417108,6.126733324586436e-38,0.9999997022417108,2.977583721729158e-07,0.0
2025-12-25,1,high-volatility,0.9999997264667774,5.444244273206636e-39,0.9999997264667774,2.735332781295143e-07,0.0
2025-12-26,1,high-volatility,0.9999998297992223,1.1760113308204617e-39,0.9999998297992223,1.702007521507867e-07,0.0
2025-12-27,1,high-volatility,0.9999998674247851,5.714074027934947e-40,0.9999998674247851,1.3257517487007643e-07,0.0
2025-12-28,1,high-volatility,0.9999998690150363,2.1211756490464343e-40,0.9999998690150363,1.3098498411695166e-07,0.0
2025-12-29,1,high-volatility,0.9999998760415642,9.266298640343546e-40,0.9999998760415642,1.239585413193396e-07,0.0
2025-12-30,1,high-volatility,0.9999997567463492,4.829551210009506e-39,0.9999997567463492,2.432536245293076e-07,0.0
2025-12-31,1,high-volatility,0.9999965000781542,8.951864606054832e-35,0.9999965000781542,3.4999217602571214e-06,0.0
2026-01-01,1,high-volatility,0.9999949167901879,8.500954399970942e-32,0.9999949167901879,5.083209859834312e-06,0.0
2026-01-02,1,high-volatility,0.9999801749652983,3.2083313971342943e-28,0.9999801749652983,1.9825034645357273e-05,0.0
2026-01-03,1,high-volatility,0.9870285356137598,5.447309410165415e-24,0.9870285356137598,0.01297146438631839,0.0
2026-01-04,2,low-volatility,0.9910362508841554,8.205900993433665e-18,0.008963749115919215,0.9910362508841554,0.0
2026-01-05,2,low-volatility,0.999999950988696,1.1657050705995537e-13,4.90112315545868e-08,0.999999950988696,0.0
2026-01-06,2,low-volatility,0.9999999999997726,1.8199747754642648e-13,1.2487576815319025e-20,0.9999999999997726,0.0
2026-01-07,2,low-volatility,0.9999999999990905,8.199151616792261e-13,1.4237870488221476e-19,0.9999999999990905,0.0
2026-01-08,2,low-volatility,0.9986547786032093,0.0013452213967502932,5.584058465639019e-71,0.9986547786032093,0.0
2026-01-09,2,low-volatility,0.9995784586646774,0.0004215413352756017,6.962258382678359e-68,0.9995784586646774,0.0
2026-01-10,2,low-volatility,0.9999557381511882,4.4261848810068485e-05,3.839303850469654e-67,0.9999557381511882,0.0
2026-01-11,2,low-volatility,0.9999967083785637,3.2916213917077233e-06,2.9414552487046806e-88,0.9999967083785637,0.0
2026-01-12,2,low-volatility,0.9999985878410792,1.4121589879719413e-06,3.292165685297392e-90,0.9999985878410792,0.0
2026-01-13,2,low-volatility,0.9999996977117465,3.0228815337696943e-07,6.436944677999368e-95,0.9999996977117465,0.0
2026-01-14,2,low-volatility,0.9999997540392389,2.459606775843543e-07,3.614189875814496e-86,0.9999997540392389,0.0
2026-01-15,2,low-volatility,0.9999759806068381,2.4019393126917235e-05,1.586230528772147e-91,0.9999759806068381,0.0
2026-01-16,2,low-volatility,0.9378519747620139,0.062148025237879344,3.119223452074622e-72,0.9378519747620139,0.0
2026-01-17,0,bull,0.6309433438097803,0.6309433438097803,1.355199234058478e-70,0.36905665619020694,0.0
2026-01-18,0,bull,0.9165838748462719,0.9165838748462719,3.234931762622132e-69,0.08341612515375832,0.0
2026-01-19,0,bull,0.9894239103359326,0.9894239103359326,1.4404537946141983e-69,0.010576089663977538,0.0
2026-01-20,0,bull,0.9990747323705126,0.9990747323705126,2.830265641811878e-70,0.0009252676294529754,0.0
2026-01-21,0,bull,0.9992582247544718,0.9992582247544718,1.9744942106359202e-64,0.0007417752455429181,0.0
2026-01-22,0,bull,0.9999990795099309,0.9999990795099309,4.176165965423058e-77,9.204901426123241e-07,0.0
2026-01-23,0,bull,0.9999990215531183,0.9999990215531183,7.495289946617768e-75,9.784469291767539e-07,0.0
2026-01-24,0,bull,0.9999997621607973,0.9999997621607973,7.725103034236365e-78,2.3783919435825137e-07,0.0
2026-01-25,0,bull,0.9999999174235689,0.9999999174235689,2.2008935105818382e-86,8.257654225783186e-08,0.0
2026-01-26,0,bull,0.9999999999893134,0.9999999999893134,1.7566458825533246e-151,1.078458150241628e-11,0.0
2026-01-27,0,bull,0.9999999999613465,0.9999999999613465,2.9813444778966505e-130,3.8751493402308575e-11,0.0
2026-01-28,0,bull,0.9999999999697593,0.9999999999697593,8.615911135925579e-120,3.026121097646753e-11,0.0
2026-01-29,0,bull,0.9999999998351541,0.9999999998351541,1.0715640933829296e-115,1.6476917827167152e-10,0.0
2026-01-30,0,bull,0.9999999999404281,0.9999999999404281,1.1728759050060472e-122,5.957534424874968e-11,0.0
2026-01-31,0,bull,0.9999999999467946,0.9999999999467946,1.4383493662285553e-121,5.318089706958846e-11,0.0
2026-02-01,0,bull,0.9999999999406555,0.9999999999406555,6.100103658942715e-113,5.930597556557016e-11,0.0
2026-02-02,0,bull,0.9996755615997861,0.9996755615997861,3.6705146507173686e-64,0.0003244384003127111,0.0
