date,state,regime,confidence,prob_high-volatility,prob_bear,prob_bull,prob_low-volatility
2025-03-02,1,bear,1.0,0.0,1.0,0.0,0.0
2025-03-03,1,bear,1.0,0.0,1.0,0.0,5.66172009491772e-285
2025-03-04,1,bear,1.0,0.0,1.0,0.0,2.6293161982906958e-289
2025-03-05,1,bear,1.0,0.0,1.0,0.0,1.4098313609485726e-298
2025-03-06,1,bear,1.0,0.0,1.0,0.0,6.452357862130937e-284
2025-03-07,1,bear,1.0,0.0,1.0,0.0,1.3671267696552473e-292
2025-03-08,1,bear,1.0,0.0,1.0,0.0,3.005552789532364e-293
2025-03-09,1,bear,1.0,0.0,1.0,0.0,2.5645382610912865e-292
2025-03-10,1,bear,1.0,0.0,1.0,0.0,2.6706504528706917e-284
2025-03-11,1,bear,1.0,0.0,1.0,0.0,3.2559500513790653e-290
2025-03-12,1,bear,1.0,0.0,1.0,0.0,1.866503275864265e-298
2025-03-13,1,bear,1.0,0.0,1.0,0.0,2.8045662213018145e-286
2025-03-14,1,bear,1.0,0.0,1.0,0.0,5.796978450717627e-303
2025-03-15,1,bear,1.0,0.0,1.0,0.0,2.7445087206977313e-292
2025-03-16,1,bear,1.0,0.0,1.0,0.0,3.216456304147174e-287
2025-03-17,1,bear,1.0,0.0,1.0,0.0,2.8309135896719483e-307
2025-03-18,1,bear,1.0,0.0,1.0,0.0,2.1981428897241806e-285
2025-03-19,1,bear,1.0,0.0,1.0,0.0,5.592880094520799e-287
2025-03-20,1,bear,1.0,0.0,1.0,0.0,3.8206488196889015e-305
2025-03-21,1,bear,1.0,0.0,1.0,0.0,1.4042813060273886e-293
2025-03-22,1,bear,1.0,1.0537963252375315e-221,1.0,0.0,0.0
2025-03-23,1,bear,1.0,9.940824653310484e-225,1.0,0.0,0.0
2025-03-24,1,bear,1.0,1.7851911508450635e-223,1.0,0.0,0.0
2025-03-25,1,bear,1.0,1.2985008218488144e-221,1.0,0.0,0.0
2025-03-26,1,bear,1.0,2.560465481520242e-221,1.0,0.0,0.0
2025-03-27,1,bear,1.0,2.2986912579493664e-219,1.0,0.0,0.0
2025-03-28,1,bear,1.0,1.8717040110261353e-217,1.0,0.0,0.0
2025-03-29,1,bear,1.0,1.404290663068409e-217,1.0,0.0,0.0
2025-03-30,1,bear,1.0,5.9977586994555056e-220,1.0,0.0,5.214641898308309e-296
2025-03-31,1,bear,1.0,1.906077038473282e-221,1.0,0.0,1.303375419408667e-304
2025-04-01,1,bear,1.0,3.744597025108447e-220,1.0,0.0,2.933138267661095e-288
2025-04-02,1,bear,1.0,8.043947973913127e-221,1.0,0.0,1.0765261891231329e-248
2025-04-03,1,bear,1.0,3.6914943917878886e-220,1.0,0.0,0.0
2025-04-04,1,bear,1.0,2.6810317906367467e-238,1.0,0.0,0.0
2025-04-05,1,bear,1.0,5.438786323192093e-228,1.0,0.0,0.0
2025-04-06,1,bear,1.0,1.0635099626088555e-233,1.0,0.0,0.0
2025-04-07,1,bear,1.0,2.2780446443804167e-234,1.0,0.0,0.0
2025-04-08,1,bear,1.0,6.256826586426354e-275,1.0,0.0,0.0
2025-04-09,2,bull,1.0,0.0,9.472748627775005e-43,1.0,0.0
2025-04-10,2,bull,1.0,0.0,7.961933416034154e-70,1.0,0.0
2025-04-11,2,bull,1.0,0.0,7.318962256538968e-101,1.0,0.0
2025-04-12,2,bull,1.0,0.0,1.3861422697071636e-136,1.0,0.0
2025-04-13,2,bull,1.0,0.0,2.2478319384660015e-175,1.0,0.0
2025-04-14,2,bull,1.0,0.0,9.586587981302972e-189,1.0,0.0
2025-04-15,2,bull,1.0,0.0,7.232702910046839e-191,1.0,0.0
2025-04-16,2,bull,1.0,0.0,6.993498297304672e-197,1.0,0.0
2025-04-17,2,bull,1.0,0.0,3.1017110349827097e-193,1.0,0.0
2025-04-18,2,bull,1.0,0.0,5.183603385532049e-193,1.0,0.0
2025-04-19,2,bull,1.0,0.0,1.9231361032762706e-190,1.0,0.0
2025-04-20,2,bull,1.0,0.0,2.4307233593660625e-189,1.0,0.0
2025-04-21,2,bull,1.0,0.0,1.3258797319385317e-188,1.0,0.0
2025-04-22,2,bull,1.0,0.0,1.9234772907093857e-181,1.0,0.0
2025-04-23,2,bull,1.0,0.0,1.8367258998086115e-175,1.0,0.0
2025-04-24,2,bull,1.0,0.0,4.995439252585186e-173,1.0,0.0
2025-04-25,2,bull,1.0,0.0,4.2014277323707884e-169,1.0,0.0
2025-04-26,2,bull,1.0,0.0,1.1320767894949831e-165,1.0,0.0
2025-04-27,2,bull,1.0,0.0,8.541038743513424e-163,1.0,0.0
2025-04-28,2,bull,1.0,0.0,0.0,1.0,0.0
2025-04-29,0,high-volatility,1.0,1.0,6.839839426e-315,0.0,0.0
2025-04-30,0,high-volatility,1.0,1.0,6.832030641531819e-225,0.0,0.0
2025-05-01,0,high-volatility,1.0,1.0,3.1530032433471736e-229,0.0,0.0
2025-05-02,0,high-volatility,1.0,1.0,1.0162558634301328e-232,0.0,0.0
2025-05-03,0,high-volatility,1.0,1.0,1.482390132819193e-236,0.0,0.0
2025-05-04,0,high-volatility,1.0,1.0,1.984602687291993e-239,0.0,0.0
2025-05-05,0,high-volatility,1.0,1.0,1.026625768165061e-240,0.0,0.0
2025-05-06,0,high-volatility,1.0,1.0,7.336130568645136e-246,0.0,0.0
2025-05-07,0,high-volatility,1.0,1.0,4.646707216327072e-248,0.0,0.0
2025-05-08,0,high-volatility,1.0,1.0,7.898838100931235e-249,0.0,0.0
2025-05-09,0,high-volatility,1.0,1.0,5.71399359600819e-250,0.0,0.0
2025-05-10,0,high-volatility,1.0,1.0,8.117518719525409e-250,0.0,0.0
2025-05-11,0,high-volatility,1.0,1.0,2.312111027482496e-252,0.0,0.0
2025-05-12,0,high-volatility,1.0,1.0,2.0893362164043733e-250,0.0,0.0
2025-05-13,0,high-volatility,1.0,1.0,2.2954252902469516e-249,0.0,7.471219708879791e-292
2025-05-14,0,high-volatility,1.0,1.0,1.48083253225443e-249,0.0,6.351842884979234e-249
2025-05-15,0,high-volatility,1.0,1.0,2.0562675127355374e-241,0.0,6.587689277725509e-220
2025-05-16,0,high-volatility,1.0,1.0,6.718190632347944e-212,0.0,2.4811186879720785e-187
2025-05-17,0,high-volatility,1.0,1.0,7.679039070266778e-187,0.0,9.520546001898598e-173
2025-05-18,0,high-volatility,1.0,1.0,8.463444131050249e-168,0.0,1.604976709794652e-175
2025-05-19,0,high-volatility,1.0,1.0,1.5646573232388205e-154,0.0,6.230532237935159e-167
2025-05-20,0,high-volatility,1.0,1.0,3.1456864328666944e-140,0.0,1.0716188943763376e-148
2025-05-21,0,high-volatility,1.0,1.0,3.668505321849608e-126,0.0,5.1335332903089054e-141
2025-05-22,0,high-volatility,1.0,1.0,5.874132811642034e-115,0.0,1.7110802538853566e-130
2025-05-23,0,high-volatility,1.0,1.0,7.696813561247155e-104,0.0,2.110174872253904e-137
2025-05-24,0,high-volatility,1.0,1.0,9.794471141530398e-95,0.0,3.843754752380272e-135
2025-05-25,0,high-volatility,1.0,1.0,4.736243136162739e-87,0.0,1.013389797155802e-131
2025-05-26,0,high-volatility,1.0,1.0,1.3522461189912311e-80,0.0,5.931171884076895e-123
2025-05-27,0,high-volatility,1.0,1.0,8.733298280919333e-75,0.0,3.741440962367907e-130
2025-05-28,0,high-volatility,1.0,1.0,1.9970900236686176e-69,0.0,1.8343058248125964e-151
2025-05-29,0,high-volatility,1.0,1.0,1.1637285837706777e-63,0.0,6.982279644862381e-145
2025-05-30,0,high-volatility,1.0,1.0,2.3041246496577235e-58,0.0,5.6479301238470964e-157
2025-05-31,0,high-volatility,1.0,1.0,1.3748415756355672e-53,0.0,5.8674304687223585e-154
2025-06-01,3,low-volatility,1.0,1.7176826001730153e-37,1.0718365454193761e-52,0.0,1.0
2025-06-02,3,low-volatility,0.9999999480480724,6.134871728186577e-77,5.1952026569311936e-08,0.0,0.9999999480480724
2025-06-03,3,low-volatility,0.999999953583939,3.390415293732015e-117,4.641597310457426e-08,0.0,0.999999953583939
2025-06-04,3,low-volatility,0.9999998719185978,6.9630181086838975e-158,1.2808137495369827e-07,0.0,0.9999998719185978
2025-06-05,3,low-volatility,0.9999998828391268,2.3635894432365505e-188,1.1716079206061407e-07,0.0,0.9999998828391268
2025-06-06,3,low-volatility,0.999999916138453,1.502063453081264e-212,8.386162678172708e-08,0.0,0.999999916138453
2025-06-07,3,low-volatility,0.9999999635076626,2.3156853444926817e-210,3.649227578650931e-08,0.0,0.9999999635076626
2025-06-08,3,low-volatility,0.9999999381632297,1.6853125956149827e-210,6.18368689717835e-08,0.0,0.9999999381632297
2025-06-09,3,low-volatility,0.9999998505693496,7.621040280150257e-215,1.4943075325223017e-07,0.0,0.9999998505693496
2025-06-10,3,low-volatility,0.999999982814643,4.238374092732429e-210,1.7185459745114292e-08,0.0,0.999999982814643
2025-06-11,3,low-volatility,0.9999999887716058,1.8554613727025388e-209,1.12284082494796e-08,0.0,0.9999999887716058
2025-06-12,3,low-volatility,0.99999999416832,1.6243811119005223e-213,5.831580868143609e-09,0.0,0.99999999416832
2025-06-13,3,low-volatility,0.9999999877536538,3.679663819177721e-212,1.2246350780324173e-08,0.0,0.9999999877536538
2025-06-14,3,low-volatility,0.9999999416609188,1.621671287027515e-210,5.833903439671836e-08,0.0,0.9999999416609188
2025-06-15,3,low-volatility,0.9999028183095877,4.855505056736542e-245,9.718169042798145e-05,0.0,0.9999028183095877
2025-06-16,1,bear,1.0,8.317913784692712e-251,1.0,0.0,1.7511546521930484e-31
2025-06-17,1,bear,1.0,1.3461716276029453e-250,1.0,0.0,1.63463537147259e-27
2025-06-18,1,bear,1.0,1.9479077199154678e-244,1.0,0.0,1.1632192120431482e-25
2025-06-19,1,bear,1.0,1.4682843379582157e-238,1.0,0.0,7.409064710369974e-23
2025-06-20,1,bear,1.0,2.6633187878312692e-235,1.0,0.0,1.4990041616015244e-16
2025-06-21,1,bear,1.0,6.219974153746495e-228,1.0,0.0,1.5212708535034701e-15
2025-06-22,1,bear,0.9999999921935796,4.903305827576338e-218,0.9999999921935796,0.0,7.806419472641053e-09
2025-06-23,1,bear,0.9579025750074109,8.425616184446222e-218,0.9579025750074109,0.0,0.04209742499247629
2025-06-24,3,low-volatility,0.9576916799141358,1.2480330220916828e-197,0.042308320085943325,0.0,0.9576916799141358
2025-06-25,3,low-volatility,0.9999337139946809,8.300618356884329e-194,6.62860052056665e-05,0.0,0.9999337139946809
2025-06-26,3,low-volatility,0.9999996849685927,4.132688190882676e-199,3.150313699985551e-07,0.0,0.9999996849685927
2025-06-27,3,low-volatility,0.9999998102998868,8.945559072646348e-205,1.8970011634127234e-07,0.0,0.9999998102998868
2025-06-28,3,low-volatility,0.9999998242360716,3.4203750483657745e-203,1.757639161025303e-07,0.0,0.9999998242360716
2025-06-29,3,low-volatility,0.9999996492136394,4.4347618239162525e-202,3.507862664500728e-07,0.0,0.9999996492136394
2025-06-30,3,low-volatility,0.9999998563862494,3.234412828519713e-207,1.4361373354160257e-07,0.0,0.9999998563862494
2025-07-01,3,low-volatility,0.9999703332929194,6.189693565895683e-205,2.966670701482315e-05,0.0,0.9999703332929194
2025-07-02,3,low-volatility,0.9999977348048295,5.199447047049632e-211,2.2651952128991843e-06,0.0,0.9999977348048295
2025-07-03,3,low-volatility,0.9999997327993599,3.858776480128909e-220,2.672006230168126e-07,0.0,0.9999997327993599
2025-07-04,3,low-volatility,0.9999998515586522,8.868504876747254e-220,1.4844124810489216e-07,0.0,0.9999998515586522
2025-07-05,3,low-volatility,0.9999955261114372,2.561735991291562e-219,4.473888460348647e-06,0.0,0.9999955261114372
2025-07-06,3,low-volatility,0.9838598772532201,1.0069194758629994e-218,0.016140122746727433,0.0,0.9838598772532201
2025-07-07,1,bear,0.9381849783966079,1.3304235415365107e-214,0.9381849783966079,0.0,0.061815021603392875
2025-07-08,1,bear,0.9992596163404912,1.632926337777647e-219,0.9992596163404912,0.0,0.0007403836595564919
2025-07-09,1,bear,0.9999946164650131,2.9875306127854756e-227,0.9999946164650131,0.0,5.3835349592631355e-06
2025-07-10,1,bear,0.9999999418266742,4.677216675927928e-233,0.9999999418266742,0.0,5.817321331233803e-08
2025-07-11,1,bear,0.999993829705482,1.7551733926377287e-230,0.999993829705482,0.0,6.170294603864507e-06
2025-07-12,1,bear,0.9999999630149439,7.398745373047032e-231,0.9999999630149439,0.0,3.6985021615936015e-08
2025-07-13,1,bear,0.9999785518849905,1.3145083383409549e-260,0.9999785518849905,0.0,2.1448114952526192e-05
2025-07-14,1,bear,1.0,3.0814562e-316,1.0,0.0,3.9799909737494335e-41
2025-07-15,1,bear,1.0,1e-323,1.0,0.0,4.429805391628461e-50
2025-07-16,1,bear,1.0,3.19092055e-316,1.0,0.0,1.5163528601023897e-48
2025-07-17,1,bear,1.0,2.2421267e-317,1.0,0.0,2.5480647045323556e-48
2025-07-18,1,bear,1.0,2.71841935e-315,1.0,0.0,6.427119530861016e-47
2025-07-19,1,bear,1.0,5.03096e-318,1.0,0.0,1.4017234204084465e-50
2025-07-20,1,bear,1.0,0.0,1.0,0.0,2.1428796896278307e-73
2025-07-21,1,bear,1.0,0.0,1.0,0.0,7.823772745803377e-98
2025-07-22,1,bear,1.0,5.13441063e-315,1.0,0.0,5.486661260877758e-63
2025-07-23,1,bear,1.0,0.0,1.0,0.0,2.1688504958904257e-65
2025-07-24,1,bear,1.0,0.0,1.0,0.0,4.666317350141942e-67
2025-07-25,1,bear,1.0,0.0,1.0,0.0,2.3394615296044676e-68
2025-07-26,1,bear,1.0,0.0,1.0,0.0,1.3349580565907119e-68
2025-07-27,1,bear,1.0,0.0,1.0,0.0,7.727882823022366e-99
2025-07-28,1,bear,1.0,0.0,1.0,0.0,8.467975615483533e-90
2025-07-29,1,bear,1.0,0.0,1.0,0.0,5.213477776133292e-86
2025-07-30,1,bear,1.0,0.0,1.0,0.0,1.7370584390361804e-86
2025-07-31,1,bear,1.0,0.0,1.0,0.0,3.4258884291754266e-69
2025-08-01,1,bear,1.0,0.0,1.0,0.0,3.6253158461535734e-75
2025-08-02,1,bear,1.0,0.0,1.0,0.0,1.9205345052908104e-93
2025-08-03,1,bear,1.0,0.0,1.0,0.0,2.1701287843288958e-98
2025-08-04,1,bear,1.0,1.484935189357843e-243,1.0,0.0,8.649721296119526e-25
2025-08-05,1,bear,1.0,9.619960849431215e-234,1.0,0.0,6.049767050171881e-18
2025-08-06,1,bear,1.0,7.210423643219495e-230,1.0,0.0,7.208130237667731e-16
2025-08-07,1,bear,1.0,9.773331388318033e-232,1.0,0.0,9.937867111529937e-14
2025-08-08,1,bear,0.9999999999990905,3.9039879538797717e-230,0.9999999999990905,0.0,8.104725474276108e-13
2025-08-09,1,bear,1.0,3.308414009377044e-233,1.0,0.0,7.797753241348841e-15
2025-08-10,1,bear,1.0,7.165786380178626e-240,1.0,0.0,6.987435784226773e-18
2025-08-11,1,bear,1.0,3.0318952958829876e-248,1.0,0.0,1.458868863214115e-28
2025-08-12,1,bear,1.0,3.667140875961219e-247,1.0,0.0,1.1203604403721282e-25
2025-08-13,1,bear,1.0,2.727780886034851e-243,1.0,0.0,3.1208636166097597e-22
2025-08-14,1,bear,1.0,2.4499195351322777e-239,1.0,0.0,4.28738826688474e-21
2025-08-15,1,bear,1.0,1.3858964609456954e-234,1.0,0.0,2.5760707248063457e-21
2025-08-16,1,bear,1.0,2.4481760236612807e-235,1.0,0.0,8.069224968525507e-22
2025-08-17,1,bear,1.0,6.140205326278416e-231,1.0,0.0,6.176239135728693e-21
2025-08-18,1,bear,1.0,3.2791645457356593e-237,1.0,0.0,2.318200562585901e-19
2025-08-19,1,bear,1.0,6.96983111841139e-226,1.0,0.0,9.995528374740197e-22
2025-08-20,1,bear,1.0,4.579610796559153e-228,1.0,0.0,1.1213429981524323e-23
2025-08-21,1,bear,1.0,7.925107685976382e-212,1.0,0.0,3.34713692195443e-22
2025-08-22,1,bear,1.0,5.6585906464713666e-213,1.0,0.0,1.1077531273729103e-20
2025-08-23,1,bear,1.0,6.2540585795680745e-223,1.0,0.0,4.2803987408533764e-16
2025-08-24,1,bear,1.0,1.6021827012963247e-249,1.0,0.0,9.342233596179206e-27
2025-08-25,1,bear,1.0,8.206312629820085e-243,1.0,0.0,2.4348036827869322e-20
2025-08-26,1,bear,1.0,1.4168500672704722e-259,1.0,0.0,2.296433890980261e-25
2025-08-27,1,bear,1.0,6.1342475531604854e-260,1.0,0.0,5.516661323819889e-27
2025-08-28,1,bear,1.0,7.214029826971473e-256,1.0,0.0,1.538092802105386e-27
2025-08-29,1,bear,1.0,1.0832909498015546e-246,1.0,0.0,2.6556790067225947e-19
2025-08-30,1,bear,1.0,3.201871155463792e-251,1.0,0.0,8.851037099536349e-25
2025-08-31,1,bear,1.0,6.803489677625669e-253,1.0,0.0,2.8893766313547858e-24
2025-09-01,1,bear,1.0,5.0368602989760146e-256,1.0,0.0,3.048596670749478e-26
2025-09-02,1,bear,1.0,7.406549293583314e-254,1.0,0.0,3.9717713079838586e-25
2025-09-03,1,bear,1.0,6.459993607536399e-248,1.0,0.0,6.461832023884802e-26
2025-09-04,1,bear,1.0,8.489445771585922e-243,1.0,0.0,8.429035284303839e-21
2025-09-05,1,bear,1.0,7.380962087222106e-240,1.0,0.0,2.412077203510588e-16
2025-09-06,1,bear,1.0,1.3449100782478447e-242,1.0,0.0,5.771109896452971e-18
2025-09-07,1,bear,1.0,1.5583200094072034e-240,1.0,0.0,1.2699058750030797e-17
2025-09-08,1,bear,1.0,1.3372345679794745e-250,1.0,0.0,1.895808517264836e-18
2025-09-09,1,bear,1.0,8.019456900231487e-264,1.0,0.0,1.326246159527769e-18
2025-09-10,1,bear,1.0,3.6666079213968903e-283,1.0,0.0,3.432778561286369e-24
2025-09-11,1,bear,1.0,7.698512658286043e-305,1.0,0.0,2.9904496977751594e-42
2025-09-12,1,bear,1.0,9.0579027187e-314,1.0,0.0,1.301726701416964e-41
2025-09-13,1,bear,1.0,4.29106e-319,1.0,0.0,3.8831189374993913e-57
2025-09-14,1,bear,1.0,5.340493843419899e-279,1.0,0.0,1.6341597897975134e-85
2025-09-15,1,bear,0.9968302599963523,7.100628781176397e-210,0.9968302599963523,0.0,0.0031697400035874766
2025-09-16,3,low-volatility,0.9982427286448312,3.78832042292575e-207,0.001757271355059063,0.0,0.9982427286448312
2025-09-17,3,low-volatility,0.9999939732653893,4.0450174502005965e-207,6.026734677025752e-06,0.0,0.9999939732653893
2025-09-18,3,low-volatility,0.9999997669486037,7.165898740893007e-211,2.3305141939288154e-07,0.0,0.9999997669486037
2025-09-19,3,low-volatility,0.9999999225287896,2.9506342975514913e-210,7.747129129989371e-08,0.0,0.9999999225287896
2025-09-20,3,low-volatility,0.9999999117567352,1.4251203198600564e-210,8.824322407782537e-08,0.0,0.9999999117567352
2025-09-21,3,low-volatility,0.9999999316851268,2.8298643807364044e-212,6.831495581736569e-08,0.0,0.9999999316851268
2025-09-22,3,low-volatility,0.9999999151191368,3.1938310298515758e-214,8.488078706731609e-08,0.0,0.9999999151191368
2025-09-23,3,low-volatility,0.9999999427232086,5.022783387856579e-211,5.727682284643695e-08,0.0,0.9999999427232086
2025-09-24,3,low-volatility,0.9999997112623039,5.012574047983199e-205,2.887377661804616e-07,0.0,0.9999997112623039
2025-09-25,3,low-volatility,0.9999998210307854,2.5794912176574958e-213,1.7896910991698912e-07,0.0,0.9999998210307854
2025-09-26,3,low-volatility,0.9999988483561802,1.8800617548742637e-217,1.1516438410778362e-06,0.0,0.9999988483561802
2025-09-27,3,low-volatility,0.9999983402372113,7.093337474314109e-217,1.6597627369157185e-06,0.0,0.9999983402372113
2025-09-28,3,low-volatility,0.9999989315259677,5.824099945885891e-219,1.0684739419316378e-06,0.0,0.9999989315259677
2025-09-29,3,low-volatility,0.9999997681670989,2.884017591628364e-215,2.318329046619497e-07,0.0,0.9999997681670989
2025-09-30,3,low-volatility,0.9999993562825946,3.2570366442647833e-213,6.437174152432193e-07,0.0,0.9999993562825946
2025-10-01,3,low-volatility,0.9999993736839458,6.011265736940805e-217,6.263160881963208e-07,0.0,0.9999993736839458
2025-10-02,3,low-volatility,0.999999821199042,7.77538878752155e-216,1.788010165124205e-07,0.0,0.999999821199042
2025-10-03,3,low-volatility,0.9999992536934825,2.003270484110685e-213,7.463065815608064e-07,0.0,0.9999992536934825
2025-10-04,3,low-volatility,0.9991926144426772,3.7558872589376204e-237,0.0008073855574201758,0.0,0.9991926144426772
2025-10-05,1,bear,1.0,5.529828809475999e-252,1.0,0.0,3.226826458421319e-23
2025-10-06,1,bear,1.0,4.061932874929298e-240,1.0,0.0,1.9333343838755902e-15
2025-10-07,1,bear,0.9999999076262653,1.3605285984153546e-231,0.9999999076262653,0.0,9.237364957327281e-08
2025-10-08,1,bear,0.9999630296485326,2.29638172518625e-236,0.9999630296485326,0.0,3.697035148747994e-05
2025-10-09,1,bear,0.9976791170975963,1.5505035484022634e-260,0.9976791170975963,0.0,0.0023208829024276897
2025-10-10,1,bear,1.0,1.1065394378052953e-293,1.0,0.0,3.870927195171287e-36
2025-10-11,1,bear,1.0,1.8460816009626446e-306,1.0,0.0,1.1839686914778457e-52
2025-10-12,1,bear,1.0,4.96521384076787e-309,1.0,0.0,7.606325056223462e-56
2025-10-13,1,bear,1.0,1.4438731109444562e-293,1.0,0.0,1.2127369022234062e-51
2025-10-14,1,bear,1.0,1.0129051929981941e-282,1.0,0.0,5.817708831952372e-48
2025-10-15,1,bear,1.0,4.857114503270697e-289,1.0,0.0,1.2344876053382142e-50
2025-10-16,1,bear,1.0,1.950634439564961e-293,1.0,0.0,4.4942092059484397e-51
2025-10-17,1,bear,1.0,9.096743682193293e-298,1.0,0.0,4.65148773195897e-53
2025-10-18,1,bear,1.0,2.587758270195216e-294,1.0,0.0,7.545277217449602e-51
2025-10-19,1,bear,1.0,3.05135621189303e-293,1.0,0.0,6.838209642703907e-53
2025-10-20,1,bear,1.0,5.081051500108479e-291,1.0,0.0,2.578207390530657e-50
2025-10-21,1,bear,1.0,9.027262747645583e-288,1.0,0.0,5.247384603090432e-43
2025-10-22,1,bear,1.0,2.9021676535461248e-273,1.0,0.0,1.9881117556580646e-49
2025-10-23,1,bear,1.0,1.4269953377648244e-279,1.0,0.0,1.5540811555373793e-51
2025-10-24,1,bear,1.0,9.531695284604334e-276,1.0,0.0,8.988120433436825e-46
2025-10-25,1,bear,1.0,1.1329253149818685e-273,1.0,0.0,3.454579802541779e-39
2025-10-26,1,bear,1.0,2.297690787023922e-277,1.0,0.0,1.1419181795044838e-35
2025-10-27,1,bear,1.0,1.4125456210053796e-302,1.0,0.0,4.446469837702523e-31
2025-10-28,1,bear,1.0,2.752779340219647e-293,1.0,0.0,3.589275093075047e-27
2025-10-29,1,bear,1.0,1.2470023624471201e-274,1.0,0.0,8.581112635965656e-27
2025-10-30,1,bear,0.9999998860864772,6.679480526309748e-206,0.9999998860864772,0.0,1.1391349324597183e-07
2025-10-31,1,bear,0.9999980142219264,1.6712537876324934e-212,0.9999980142219264,0.0,1.98577810390747e-06
2025-11-01,1,bear,0.9999992933583367,2.760908712287099e-208,0.9999992933583367,0.0,7.066415761473834e-07
2025-11-02,1,bear,0.9999995705505639,1.3126890494456768e-219,0.9999995705505639,0.0,4.2944952741330703e-07
2025-11-03,1,bear,0.9999999999740794,7.352275523556126e-251,0.9999999999740794,0.0,2.5992568712754025e-11
2025-11-04,1,bear,1.0,1.0772528223091954e-264,1.0,0.0,2.5513557800726047e-37
2025-11-05,1,bear,1.0,3.877247456496075e-272,1.0,0.0,8.731576925194953e-43
2025-11-06,1,bear,1.0,1.0448253481739805e-242,1.0,0.0,8.529614624451868e-74
2025-11-07,1,bear,1.0,2.0745987095599537e-243,1.0,0.0,2.3669228427416505e-84
2025-11-08,1,bear,1.0,1.762850307547654e-244,1.0,0.0,1.352776013199616e-85
2025-11-09,1,bear,1.0,1.7118774858348278e-247,1.0,0.0,7.796408244492664e-75
2025-11-10,1,bear,1.0,1.876175903279359e-240,1.0,0.0,6.685506684086748e-104
2025-11-11,1,bear,1.0,8.139192997485305e-239,1.0,0.0,3.282111383266129e-85
2025-11-12,1,bear,1.0,1.0580459946295527e-228,1.0,0.0,1.2219034273221863e-123
2025-11-13,1,bear,1.0,1.2601903880787216e-226,1.0,0.0,2.562562453574409e-139
2025-11-14,1,bear,1.0,8.492110363411878e-228,1.0,0.0,6.9738076465022855e-143
2025-11-15,1,bear,1.0,1.1060451247741514e-227,1.0,0.0,4.0080593296162355e-143
2025-11-16,1,bear,1.0,8.97933593451768e-229,1.0,0.0,2.875640762634367e-144
2025-11-17,1,bear,1.0,4.5005326333540214e-235,1.0,0.0,1.6204806851033672e-109
2025-11-18,1,bear,1.0,2.49759341647639e-234,1.0,0.0,7.613137185857685e-119
2025-11-19,1,bear,1.0,2.3948186664910974e-235,1.0,0.0,3.3160237568321456e-116
2025-11-20,1,bear,1.0,1.8376572102501083e-233,1.0,0.0,2.9167917143408274e-148
2025-11-21,1,bear,1.0,2.9581865560307256e-237,1.0,0.0,4.3056711037209183e-160
2025-11-22,1,bear,1.0,2.485838730756709e-236,1.0,0.0,2.4724969496294263e-153
2025-11-23,1,bear,1.0,4.890161271421234e-236,1.0,0.0,2.8516367761838777e-159
2025-11-24,1,bear,1.0,2.0626666747235114e-226,1.0,0.0,1.0790255406849825e-207
2025-11-25,1,bear,1.0,1.0497747960675817e-221,1.0,0.0,3.2373423803067235e-167
2025-11-26,1,bear,1.0,7.56809204523886e-222,1.0,0.0,8.862907714814914e-142
2025-11-27,1,bear,1.0,2.371107335576885e-220,1.0,0.0,2.5709068777895112e-127
2025-11-28,1,bear,1.0,4.026214367686475e-220,1.0,0.0,2.5651419492846425e-127
2025-11-29,1,bear,1.0,3.1014004912711172e-220,1.0,0.0,7.329359499193291e-123
2025-11-30,1,bear,1.0,4.734266087832424e-221,1.0,0.0,1.958764450429085e-77
2025-12-01,1,bear,1.0,3.597118230811203e-221,1.0,0.0,4.471482545801017e-79
2025-12-02,1,bear,1.0,2.6506847404908035e-224,1.0,0.0,1.0403024774630746e-63
2025-12-03,1,bear,1.0,2.949240989279401e-224,1.0,0.0,1.748933068964916e-51
2025-12-04,1,bear,1.0,2.3683653280355857e-221,1.0,0.0,7.441855308530799e-50
2025-12-05,1,bear,1.0,4.280192167251466e-219,1.0,0.0,1.7053597424701342e-46
2025-12-06,1,bear,1.0,5.627090747592697e-214,1.0,0.0,7.07497091859612e-44
2025-12-07,1,bear,1.0,6.434255699216323e-216,1.0,0.0,3.389718900281272e-38
2025-12-08,1,bear,1.0,2.0055488611592202e-212,1.0,0.0,4.4039877896373937e-38
2025-12-09,1,bear,1.0,2.0511552983578734e-233,1.0,0.0,4.280478209395365e-32
2025-12-10,1,bear,1.0,3.424538145835628e-254,1.0,0.0,1.8102365190453394e-40
2025-12-11,1,bear,1.0,1.1802990092517324e-251,1.0,0.0,4.496079391000052e-47
2025-12-12,1,bear,1.0,1.5471587238513227e-227,1.0,0.0,1.670855374316551e-41
2025-12-13,1,bear,1.0,5.75158133581698e-234,1.0,0.0,2.0572004720303766e-45
2025-12-14,1,bear,1.0,0.0,1.0,0.0,1.7649849299130592e-147
2025-12-15,1,bear,1.0,0.0,1.0,0.0,1.6026643242492956e-156
2025-12-16,1,bear,1.0,0.0,1.0,0.0,5.048712987754911e-240
2025-12-17,1,bear,1.0,0.0,1.0,0.0,2.894507765268643e-102
2025-12-18,1,bear,1.0,0.0,1.0,0.0,2.9423713115975714e-81
2025-12-19,1,bear,1.0,3.0607862320922255e-298,1.0,0.0,5.135784735774397e-46
2025-12-20,1,bear,1.0,1.0818135361691584e-293,1.0,0.0,2.4565488597285913e-36
2025-12-21,1,bear,1.0,9.526532719176297e-289,1.0,0.0,3.491476766015544e-36
2025-12-22,1,bear,1.0,2.4362637631599893e-285,1.0,0.0,8.270488981940924e-34
2025-12-23,1,bear,1.0,2.460514818543812e-282,1.0,0.0,2.9776274473687543e-27
2025-12-24,1,bear,1.0,1.3847862581220164e-278,1.0,0.0,5.9552915015029165e-24
2025-12-25,1,bear,1.0,4.667070488698606e-277,1.0,0.0,1.3657467036122773e-18
2025-12-26,1,bear,1.0,7.638275825703859e-248,1.0,0.0,2.6415836778343028e-17
2025-12-27,1,bear,1.0,3.0237435320851583e-251,1.0,0.0,1.4118468101584328e-21
2025-12-28,1,bear,1.0,2.3515537865043738e-259,1.0,0.0,6.821429614514259e-23
2025-12-29,1,bear,1.0,8.079056403130052e-250,1.0,0.0,8.227427051025905e-28
2025-12-30,1,bear,1.0,4.1026877545271644e-247,1.0,0.0,1.5167087233654643e-32
2025-12-31,1,bear,1.0,2.3046513945783838e-248,1.0,0.0,8.085429177295716e-33
2026-01-01,1,bear,1.0,2.2959928168042087e-267,1.0,0.0,6.889596157970033e-32
2026-01-02,1,bear,1.0,1.5760027604067085e-256,1.0,0.0,1.0682326641682558e-29
2026-01-03,1,bear,1.0,2.0803317059282207e-255,1.0,0.0,1.1144893467712276e-32
2026-01-04,1,bear,1.0,1.641179292232238e-250,1.0,0.0,7.289964761853149e-31
2026-01-05,1,bear,1.0,3.1578352981290414e-256,1.0,0.0,2.0292051473634793e-27
2026-01-06,1,bear,1.0,1.3268421271062802e-245,1.0,0.0,9.216024504423535e-28
2026-01-07,1,bear,1.0,1.1851341112393284e-251,1.0,0.0,1.6949771128772785e-19
2026-01-08,1,bear,1.0,3.4974762819547824e-265,1.0,0.0,1.0891220862920883e-37
2026-01-09,1,bear,1.0,1.2981731001337328e-277,1.0,0.0,1.3905231296092874e-40
2026-01-10,1,bear,1.0,1.3131309363127151e-280,1.0,0.0,3.281114225686639e-47
2026-01-11,1,bear,1.0,4.177439122500485e-280,1.0,0.0,3.518709622950561e-47
2026-01-12,1,bear,1.0,3.1614544245573085e-274,1.0,0.0,8.583960831741004e-50
2026-01-13,1,bear,1.0,3.4373537825685225e-272,1.0,0.0,9.55292438634991e-48
2026-01-14,1,bear,1.0,4.108157495272317e-279,1.0,0.0,5.7548887675258885e-74
2026-01-15,1,bear,1.0,4.522852021302869e-285,1.0,0.0,1.2169327195663824e-78
2026-01-16,1,bear,1.0,1.5488577161694472e-278,1.0,0.0,1.4699401845086858e-70
2026-01-17,1,bear,1.0,1.2892203878091181e-279,1.0,0.0,1.1792490067280303e-71
2026-01-18,1,bear,1.0,1.6393149149243018e-292,1.0,0.0,2.012906942254392e-82
2026-01-19,1,bear,1.0,9.220955950308361e-290,1.0,0.0,4.6911001781327815e-77
2026-01-20,1,bear,1.0,1.624204875538961e-296,1.0,0.0,5.2049002617923675e-76
2026-01-21,1,bear,1.0,3.5982769196521375e-280,1.0,0.0,5.835873768575182e-57
2026-01-22,1,bear,1.0,1.4901652761780166e-287,1.0,0.0,1.4283885611593557e-47
2026-01-23,1,bear,1.0,5.0460652047856765e-286,1.0,0.0,3.032953208015795e-44
2026-01-24,1,bear,1.0,6.096119469746112e-279,1.0,0.0,3.6239583864604594e-40
2026-01-25,1,bear,1.0,1.2045074446736149e-303,1.0,0.0,1.9904679097971224e-32
2026-01-26,1,bear,1.0,2.8427931746484243e-307,1.0,0.0,1.8789898158285408e-48
2026-01-27,1,bear,1.0,7.914505131018883e-283,1.0,0.0,1.0064614717361485e-35
2026-01-28,1,bear,1.0,1.1982141940993126e-238,1.0,0.0,3.8645163702725e-27
2026-01-29,1,bear,1.0,9.659859220886752e-247,1.0,0.0,2.9334908875533856e-28
2026-01-30,1,bear,1.0,4.141063852119315e-238,1.0,0.0,9.716521445916136e-43
2026-01-31,1,bear,1.0,1.9296175114299802e-220,1.0,0.0,9.094998055833538e-46
2026-02-01,1,bear,1.0,2.9072974613079693e-194,1.0,0.0,1.2215195157205638e-48
