date,state,regime,confidence,prob_sideways,prob_bear,prob_high-volatility,prob_bull,prob_low-volatility
2025-01-01,4,low-volatility,1.0,0.0,0.0,0.0,0.0,1.0
2025-01-02,4,low-volatility,1.0,5.162187192808837e-32,1.6154579305375392e-65,2.32957851272564e-67,1.2519989100945855e-120,1.0
2025-01-03,4,low-volatility,1.0,3.2515468744904933e-31,3.0485887775885406e-58,1.8856508430123788e-69,2.7869246726419438e-105,1.0
2025-01-04,4,low-volatility,1.0,2.794603246841855e-31,1.85614818977592e-59,1.5485412352321814e-69,4.039685765866801e-104,1.0
2025-01-05,4,low-volatility,1.0,2.739391162585332e-31,1.3975832406310551e-59,5.659926709505077e-73,3.761309483274732e-104,1.0
2025-01-06,4,low-volatility,1.0,1.2002957205383573e-31,5.019482373293833e-63,5.587079246690267e-70,2.6651587781036143e-103,1.0
2025-01-07,4,low-volatility,1.0,2.3474609363476356e-31,2.055258320424045e-60,3.0596990065579916e-71,2.7219629928321388e-104,1.0
2025-01-08,4,low-volatility,1.0,1.8999022764620977e-31,2.3602472850148135e-61,5.461064429197219e-69,9.253891591386641e-104,1.0
2025-01-09,4,low-volatility,1.0,2.9075596643918703e-31,3.3855707061713073e-59,3.76200426926513e-76,1.9872383947446644e-104,1.0
2025-01-10,4,low-volatility,1.0,2.551418628552895e-32,2.5590107623247842e-67,4.507821865503115e-68,2.009046600442361e-102,1.0
2025-01-11,4,low-volatility,1.0,2.843616142478724e-31,2.400009485549009e-59,1.4469614023519355e-69,2.9462638082958397e-105,1.0
2025-01-12,4,low-volatility,1.0,2.7287092921281114e-31,1.3237285858221715e-59,4.4853728753146004e-69,3.886004615435579e-104,1.0
2025-01-13,4,low-volatility,1.0,2.936410023411744e-31,3.9694820721439678e-59,1.9448821048452895e-64,2.7253990201791278e-104,1.0
2025-01-14,4,low-volatility,1.0,2.4022733792150823e-31,1.8211815259897e-54,6.589254672358596e-60,5.622292140045251e-106,1.0
2025-01-15,4,low-volatility,1.0,3.3848697354699324e-31,1.7451292441193452e-56,6.078246600620652e-52,3.267087370737296e-105,1.0
2025-01-16,4,low-volatility,1.0,2.253450006999957e-31,1.3109038116678868e-60,1.2597381332647156e-43,8.636310822258274e-104,1.0
2025-01-17,4,low-volatility,1.0,2.4844200430562535e-31,1.4146242720114297e-54,2.3090313958587925e-35,4.870059744041005e-106,1.0
2025-01-18,4,low-volatility,1.0,2.837638350850341e-31,2.3403042392536765e-59,2.279934835937193e-27,2.8949420633978636e-104,1.0
2025-01-19,4,low-volatility,1.0,2.8957649810212597e-31,4.70311255564142e-53,5.152253016756529e-19,3.023753517189444e-104,1.0
2025-01-20,4,low-volatility,0.9999999998817657,1.089163123687482e-29,1.6457018459723328e-42,1.182102161481442e-10,2.0335655199338336e-107,0.9999999998817657
2025-01-21,1,bear,0.9995746350877691,1.2900200872486362e-06,0.9995746350877691,6.715878246846936e-07,3.0038870220808305e-43,0.0004234033042495615
2025-01-22,1,bear,0.9999891940125918,9.357685600224365e-07,0.9999891940125918,2.242200067006528e-08,3.0744275455955383e-16,9.847796878099859e-06
2025-01-23,1,bear,0.9999997086745649,2.1979767279974076e-07,0.9999997086745649,2.439826281855931e-09,6.754121361449776e-18,6.908792387486122e-08
2025-01-24,1,bear,0.9999998881946857,4.749166367704981e-08,0.9999998881946857,6.430210931331475e-08,1.3973435432851707e-16,1.142881744690339e-11
2025-01-25,1,bear,0.9999999862195637,9.31945232513379e-09,0.9999999862195637,4.460946809318573e-09,3.8529415272530545e-18,7.224826341591261e-14
2025-01-26,1,bear,0.9999998610835615,1.1638601478619189e-07,0.9999998610835615,2.253040377477282e-08,2.9862383116331835e-16,2.6109409322915748e-14
2025-01-27,1,bear,0.9999992441876785,6.485320699028275e-07,0.9999992441876785,1.072798495433881e-07,7.6850243926436e-15,4.2348364126783804e-13
2025-01-28,1,bear,0.9999924356429409,6.689651255468718e-06,0.9999924356429409,8.743716066394646e-07,3.273760400351969e-10,6.810175819065786e-12
2025-01-29,1,bear,0.9995680128073225,0.00035595197145347053,0.9995680128073225,4.128749575345696e-12,7.603521706349185e-05,2.26827653766505e-16
2025-01-30,3,bull,0.9999937603087384,7.693243955410839e-15,6.2396909111216495e-06,2.732967741769981e-13,0.9999937603087384,1.4183350133248312e-19
2025-01-31,3,bull,0.9999999779579414,3.618004770316488e-12,2.203844213081732e-08,3.846003737995912e-21,0.9999999779579414,6.608340948676425e-14
2025-02-01,3,bull,0.9999999999347438,1.0838993712564547e-13,6.49694278098144e-11,1.0434392632407777e-20,0.9999999999347438,8.400734655086187e-14
2025-02-02,3,bull,0.9999999999993179,1.4451961135879895e-15,6.996653518706848e-13,6.622519676410319e-23,0.9999999999993179,1.576967283423004e-14
2025-02-03,3,bull,1.0,1.1755619227055727e-17,1.6438893584348256e-14,2.270077695072601e-30,1.0,2.3747498731314463e-20
2025-02-04,3,bull,1.0,1.0371865060075991e-20,1.3650363093396664e-20,3.1457930622164055e-28,1.0,2.0072184470045334e-18
2025-02-05,3,bull,1.0,4.88593252470496e-21,2.002335344286129e-18,4.371816475481955e-31,1.0,3.724250229072413e-18
2025-02-06,3,bull,1.0,1.318115938146686e-20,3.711085196608048e-18,4.994347905123851e-32,1.0,2.0754589280854733e-19
2025-02-07,3,bull,1.0,6.293482257908691e-20,1.4461680573802586e-19,3.7422569233826987e-29,1.0,4.478513348554513e-17
2025-02-08,3,bull,1.0,7.01609977375933e-19,4.4083465503489984e-17,1.1576719710218362e-27,1.0,7.033826775692275e-15
2025-02-09,3,bull,1.0,4.169065355117131e-17,6.992360430946477e-15,4.7662576379141024e-30,1.0,1.5007128051979609e-16
2025-02-10,3,bull,1.0,5.4793231545915983e-17,9.529262212755052e-17,4.353349582512774e-25,1.0,1.1111086344863084e-15
2025-02-11,3,bull,1.0,2.364369725404422e-18,1.1088040574148035e-15,8.044966193442388e-32,1.0,2.3349588161082473e-17
2025-02-12,3,bull,1.0,5.6564613126427966e-18,1.76905260994915e-17,7.967210331163793e-30,1.0,8.009005294556941e-15
2025-02-13,3,bull,1.0,2.6566700515696945e-16,7.743359471100909e-15,3.259811750046645e-35,1.0,1.6705490341368386e-17
2025-02-14,3,bull,1.0,1.5848487811890407e-17,8.543473688688444e-19,4.022071981523971e-26,1.0,2.261626454394529e-16
2025-02-15,3,bull,1.0,1.7112072784696518e-18,2.2445139824142514e-16,6.870078191943424e-29,1.0,5.098664606934729e-15
2025-02-16,3,bull,1.0,3.226502187267446e-17,5.06647258901418e-15,1.4561611288670036e-26,1.0,1.3610399412865456e-14
2025-02-17,3,bull,0.9999999999993179,2.1795045263538075e-17,1.3593055473088895e-14,3.769858018500348e-39,0.9999999999993179,7.609051917120067e-13
2025-02-18,3,bull,0.9999985390158358,6.20410507716366e-16,8.146176957607023e-29,8.76352334881498e-42,0.9999985390158358,1.460984175849675e-06
2025-02-19,4,low-volatility,1.0,3.1017764014165534e-32,6.0924874485399655e-31,9.127775715195003e-41,2.3747375044193366e-38,1.0
2025-02-20,4,low-volatility,1.0,6.195746289833258e-28,5.2777078977159404e-23,7.61019680596605e-49,2.7306204267541303e-63,1.0
2025-02-21,4,low-volatility,1.0,3.105368898494428e-33,1.4349881327127512e-28,4.4315340192787e-50,2.752105890676332e-68,1.0
2025-02-22,4,low-volatility,1.0,3.274300647236892e-33,1.0702281024143755e-29,1.9104401410837788e-57,2.526405430748814e-77,1.0
2025-02-23,4,low-volatility,1.0,7.900588937316908e-34,1.2352712328880906e-31,2.983994220288751e-56,6.478397913411153e-73,1.0
2025-02-24,4,low-volatility,1.0,2.280236523553787e-33,1.8133005877738076e-34,4.317171923372446e-40,1.7286417407432584e-52,1.0
2025-02-25,4,low-volatility,1.0,1.1869796753813168e-29,2.348513999859578e-30,1.7148703568800795e-35,1.6350459445890183e-45,1.0
2025-02-26,4,low-volatility,1.0,2.355177649585034e-34,2.9926337116774216e-29,5.625495429660042e-40,7.325533123242073e-58,1.0
2025-02-27,4,low-volatility,1.0,1.4334325722085858e-34,1.7927364586633125e-31,1.1721563538628967e-35,6.218498890896643e-55,1.0
2025-02-28,4,low-volatility,1.0,1.2734929353206615e-36,1.0008358216095728e-27,7.272227173986903e-28,4.184253293804216e-46,1.0
2025-03-01,4,low-volatility,1.0,3.727911116645992e-31,2.9914676432473823e-23,9.328206747509497e-29,1.3473181124477854e-34,1.0
2025-03-02,4,low-volatility,1.0,5.296066598212396e-29,2.1745851615322512e-24,1.610674692113929e-26,6.820026676331263e-26,1.0
2025-03-03,4,low-volatility,1.0,8.140639853875227e-28,1.6188424926748848e-23,1.905590862602543e-24,1.5292394575130083e-24,1.0
2025-03-04,4,low-volatility,1.0,9.185031449640339e-26,7.171987778896636e-22,6.197418850275124e-31,5.713752331129367e-24,1.0
2025-03-05,4,low-volatility,1.0,2.273957569849112e-41,9.779851918153971e-28,9.710322823093896e-33,2.4708916437815893e-46,1.0
2025-03-06,4,low-volatility,1.0,8.733577841723808e-46,6.220249867525726e-35,6.158273306713621e-32,2.3369246345265335e-50,1.0
2025-03-07,4,low-volatility,1.0,1.335810262720486e-44,4.537404632170524e-35,7.263277877951205e-30,2.2730492369392385e-54,1.0
2025-03-08,4,low-volatility,1.0,1.8361212694506847e-42,9.416551578196962e-34,8.618814456159641e-28,1.785502611560619e-51,1.0
2025-03-09,4,low-volatility,1.0,2.331681258919182e-43,2.2557569667356193e-34,6.595552043779443e-26,1.285734009947074e-49,1.0
2025-03-10,4,low-volatility,1.0,1.0761324158006482e-40,3.103491592561695e-29,2.8903456476168773e-24,6.339960396242968e-47,1.0
2025-03-11,4,low-volatility,1.0,1.2220558928413875e-38,5.489421765019964e-25,1.1025249175371716e-23,1.340891107013443e-42,1.0
2025-03-12,4,low-volatility,1.0,4.769529665040005e-35,2.5704024151427474e-24,5.373186826185479e-23,2.3796107463469503e-36,1.0
2025-03-13,4,low-volatility,1.0,1.719897788236715e-33,8.121820653044295e-24,1.4886455540660325e-21,1.2356294327417187e-36,1.0
2025-03-14,4,low-volatility,1.0,5.778501088699887e-41,2.1030792978646256e-25,1.2876737073420363e-19,2.407850655335391e-49,1.0
2025-03-15,4,low-volatility,1.0,1.8980844213138717e-43,2.123720560444919e-22,2.9420983799654955e-17,1.5600412156351486e-59,1.0
2025-03-16,4,low-volatility,1.0,3.2308600459057756e-32,2.735692749487584e-19,2.6015130947062828e-14,1.003496223492737e-42,1.0
2025-03-17,4,low-volatility,0.9999999999886313,2.2304360221289938e-38,2.9887470264723956e-16,1.1276409856346626e-11,6.265952886361783e-61,0.9999999999886313
2025-03-18,4,low-volatility,0.9999999936101176,1.38441658623816e-35,4.18489464574565e-14,6.389806123109779e-09,2.2282827839801692e-54,0.9999999936101176
2025-03-19,4,low-volatility,0.9999925326921174,8.455287890089081e-32,1.2909058735634301e-07,7.33821722120534e-06,1.0414382252897218e-53,0.9999925326921174
2025-03-20,4,low-volatility,0.9837395106087032,2.8420375322520433e-27,0.0008499816832156996,0.015410507708126773,4.975676651470775e-37,0.9837395106087032
2025-03-21,1,bear,0.8110322775023778,3.499378911484967e-24,0.8110322775023778,0.005660661239280788,1.2166769012204362e-33,0.18330706125841692
2025-03-22,1,bear,0.994038064633012,1.2512829330462495e-23,0.994038064633012,0.00044828742308332804,5.3343158056182655e-30,0.005513647944002179
2025-03-23,1,bear,0.9998105056615108,5.423309397986469e-24,0.9998105056615108,1.0833534118173553e-05,3.1287841254777996e-29,0.00017866080442672985
2025-03-24,1,bear,0.9999725105605568,5.867958498856037e-19,0.9999725105605568,2.6356468344026036e-05,2.3913799827225192e-21,1.1329711894340074e-06
2025-03-25,1,bear,0.999981969519901,1.539977695394452e-13,0.999981969519901,1.7911907855694082e-05,6.858056656380095e-10,1.1788623244957156e-07
2025-03-26,1,bear,0.9999869252167005,1.1902022641128325e-11,0.9999869252167005,1.3068493275506012e-05,4.756313576903326e-10,5.80245014210559e-09
2025-03-27,1,bear,0.9999721159403675,2.363334335947258e-13,0.9999721159403675,2.7882691449285044e-05,3.6598160137013225e-10,1.00198883228434e-09
2025-03-28,1,bear,0.999976467467785,9.907443544945543e-17,0.999976467467785,2.3532156966888768e-05,5.792216969570144e-14,3.752481067099639e-10
2025-03-29,1,bear,0.9999810910149495,5.856062281317308e-15,0.9999810910149495,1.8908984456581446e-05,1.330440913425501e-14,5.423158407344054e-13
2025-03-30,1,bear,0.9999777706906676,2.355856845934124e-12,0.9999777706906676,2.222930699611241e-05,5.601819452670952e-16,1.465890154546754e-14
2025-03-31,1,bear,0.9999862268735242,3.1816891116396534e-10,0.9999862268735242,1.3772808278622035e-05,2.7466254707118733e-18,6.544079148952657e-16
2025-04-01,1,bear,0.9999728450360571,4.611477941064913e-11,0.9999728450360571,2.7154917772914684e-05,9.17847312732274e-17,1.317068028939533e-14
2025-04-02,1,bear,0.9999898508909861,2.7760453289610803e-10,0.9999898508909861,1.0148831465185934e-05,1.698789167415259e-16,5.067956909421606e-16
2025-04-03,1,bear,0.9982259452630577,6.688790400276512e-25,0.9982259452630577,0.0017740547368934188,2.8930486634224715e-32,3.5229108283626275e-14
2025-04-04,2,high-volatility,1.0,9.898042055810584e-113,1.7370333113180604e-22,1.0,9.014729437041897e-83,6.68875768150639e-25
2025-04-05,2,high-volatility,1.0,7.880672598982877e-130,9.34170080296818e-25,1.0,7.526382409638182e-106,7.0872001393111965e-40
2025-04-06,2,high-volatility,1.0,1.082618301589013e-160,1.1959134816061013e-17,1.0,1.6356763096025382e-134,9.001008787389557e-54
2025-04-07,2,high-volatility,1.0,1.9659351472522298e-275,1.92424383936532e-68,1.0,1.0619746753919201e-230,4.731272705188923e-71
2025-04-08,2,high-volatility,1.0,1.8395314364779213e-308,3.9527280920812085e-69,1.0,0.0,2.0532031406322425e-110
2025-04-09,2,high-volatility,1.0,4.960110346027534e-289,3.0811380186691843e-148,1.0,0.0,1.342188487144778e-140
2025-04-10,2,high-volatility,1.0,1.0946251479195163e-279,8.394497294915885e-86,1.0,0.0,3.94103191847894e-137
2025-04-11,2,high-volatility,1.0,4.169191532269767e-291,2.0703979593466464e-102,1.0,0.0,2.3565602412741365e-144
2025-04-12,2,high-volatility,1.0,1.3088944814841005e-288,1.2784977637220642e-70,1.0,0.0,3.716203790438926e-144
2025-04-13,2,high-volatility,1.0,2.0197057069010417e-289,1.2153628677505307e-66,1.0,0.0,7.45195418667448e-147
2025-04-14,2,high-volatility,1.0,1.3299598475767919e-284,1.0907366683711209e-66,1.0,0.0,4.4383722956187385e-144
2025-04-15,2,high-volatility,1.0,1.4222567085768096e-287,5.073231113502868e-58,1.0,0.0,5.61526473505323e-146
2025-04-16,2,high-volatility,1.0,1.6332551423006748e-288,1.1229073777797911e-60,1.0,0.0,1.0398574133595655e-142
2025-04-17,2,high-volatility,1.0,2.229565540907961e-293,5.629982260319085e-63,1.0,0.0,3.9702417453879905e-147
2025-04-18,2,high-volatility,1.0,7.885675425809007e-291,5.033002318796757e-65,1.0,0.0,9.567151628220374e-148
2025-04-19,2,high-volatility,1.0,6.357980650999485e-287,4.1639526121113425e-63,1.0,0.0,1.4346135125948862e-145
2025-04-20,2,high-volatility,1.0,4.084014932849363e-281,1.616804760274195e-64,1.0,0.0,5.1735935779450244e-138
2025-04-21,2,high-volatility,1.0,7.97267710042308e-266,1.733900322028574e-66,1.0,0.0,7.046429285177507e-133
2025-04-22,2,high-volatility,1.0,1.109232972494894e-258,6.215082639826918e-79,1.0,0.0,2.4685543158077655e-125
2025-04-23,2,high-volatility,1.0,2.1152005033697163e-246,2.3361600175629625e-72,1.0,4.0973374668962856e-301,5.706329399861408e-119
2025-04-24,2,high-volatility,1.0,4.396160293080684e-191,2.5883399354030303e-47,1.0,1.1888820606360091e-231,5.686616440814379e-109
2025-04-25,2,high-volatility,1.0,1.3755006688004733e-192,2.1645203332298303e-49,1.0,5.9904965339172966e-201,1.1314748320522368e-80
2025-04-26,2,high-volatility,1.0,7.538314008112276e-195,4.428578432943352e-67,1.0,2.9795966120755377e-207,2.540350876868309e-81
2025-04-27,2,high-volatility,1.0,1.851009237226777e-91,8.423116998791088e-45,1.0,2.2804056488905698e-138,3.0397784275361543e-100
2025-04-28,2,high-volatility,1.0,8.041200572283144e-64,2.50675589672079e-28,1.0,7.581324574758087e-110,5.866639492406785e-77
2025-04-29,1,bear,0.9999999888077582,2.1558768889105157e-30,0.9999999888077582,1.1192344283491248e-08,4.382491355935281e-133,2.0271841226477226e-61
2025-04-30,0,sideways,0.9999991491182737,0.9999991491182737,8.508818372080259e-07,9.659316423719138e-38,3.5948142194475505e-169,6.036172699071734e-43
2025-05-01,0,sideways,1.0,1.0,2.161745276898866e-34,5.277408079790044e-51,2.2654823961025883e-270,4.826171881663736e-49
2025-05-02,0,sideways,1.0,1.0,6.886036516651008e-39,1.8996607631794434e-57,3.254222578284171e-275,2.65672288962331e-54
2025-05-03,0,sideways,1.0,1.0,1.4926237655799173e-50,8.086318767204011e-67,3.633155082350237e-295,1.375059177148246e-63
2025-05-04,0,sideways,1.0,1.0,6.1904185620549865e-62,1.086463407001665e-77,3.334904e-318,2.9178062228626246e-70
2025-05-05,0,sideways,1.0,1.0,2.3374249417277703e-64,2.1860878262501108e-90,0.0,4.510538205206725e-77
2025-05-06,0,sideways,1.0,1.0,7.021085441348636e-65,5.820744018020517e-104,0.0,4.671775681906705e-80
2025-05-07,0,sideways,1.0,1.0,7.066810617709522e-65,8.225801299202294e-115,0.0,1.8623326129313264e-84
2025-05-08,0,sideways,1.0,1.0,1.9678778253357503e-60,2.891902241391464e-117,0.0,1.2905156863723665e-81
2025-05-09,0,sideways,1.0,1.0,7.078329324682603e-56,1.0997197242958528e-112,0.0,2.897479700871316e-78
2025-05-10,0,sideways,1.0,1.0,4.46796258725954e-52,8.176953539099727e-108,0.0,4.4810204064256475e-72
2025-05-11,0,sideways,1.0,1.0,8.614156598558184e-48,9.700240460522615e-103,3.995205138113861e-306,1.8446571435712803e-64
2025-05-12,0,sideways,1.0,1.0,1.225482962726285e-43,7.204859595499981e-91,5.832885601889455e-237,9.999023490280976e-51
2025-05-13,0,sideways,1.0,1.0,2.3867002565287224e-26,5.302349440835094e-85,7.855979359773896e-168,8.827877919267951e-38
2025-05-14,0,sideways,1.0,1.0,1.731139214251512e-22,8.843495508497738e-50,6.391680238270947e-116,5.1293977906629356e-27
2025-05-15,0,sideways,0.999999750141373,0.999999750141373,2.498586249838196e-07,5.483076604230809e-38,5.511901324466229e-66,3.5305539707151527e-15
2025-05-16,1,bear,0.9989841346033707,0.001013233280430692,0.9989841346033707,1.1990071483392407e-22,1.4322633562806983e-23,2.6321162737921793e-06
2025-05-17,1,bear,0.9999999958063199,5.137589606606942e-10,0.9999999958063199,3.424323603547827e-16,1.600331955410352e-17,3.6800237103660473e-09
2025-05-18,1,bear,0.9999999999993179,4.5193911719124386e-13,0.9999999999993179,2.9063572160030235e-15,1.1397024025529966e-16,2.2989505471293387e-13
2025-05-19,1,bear,0.9999999999995453,5.135848332623431e-13,0.9999999999995453,2.8448247579415883e-16,1.0466405252073325e-19,1.583898194262963e-16
2025-05-20,1,bear,0.9999999999997726,1.3354497088722664e-13,0.9999999999997726,1.8460821448875626e-17,4.902379460219246e-25,3.8740237629127416e-18
2025-05-21,1,bear,1.0,6.815717834478195e-14,1.0,1.843371571713274e-18,1.111732807113299e-24,5.611056998207427e-19
2025-05-22,1,bear,0.9999999999649845,3.499962182545285e-11,0.9999999999649845,6.419679912488965e-21,6.448459611149101e-16,3.444105935723716e-18
2025-05-23,1,bear,0.9999999998553903,1.4460251999607744e-10,0.9999999998553903,7.84632086103328e-21,3.5287947297168887e-15,2.8587369465279527e-15
2025-05-24,1,bear,0.9999999998674411,1.3256580056168414e-10,0.9999999998674411,1.3477776399255673e-20,1.410504697925063e-14,1.1052315806777564e-14
2025-05-25,1,bear,0.9999999997605755,2.3924988797283473e-10,0.9999999997605755,2.6789038210644014e-20,6.165014101662177e-14,1.936878109543004e-14
2025-05-26,1,bear,0.9999999999497504,4.7946564984434795e-11,0.9999999999497504,2.937994463324415e-20,2.1658399794733653e-12,6.537434475154708e-14
2025-05-27,1,bear,0.9999997533668952,5.542364262121777e-16,0.9999997533668952,2.3039307025322843e-14,2.4663309572087695e-07,9.947071809361401e-16
2025-05-28,1,bear,0.9999946800169794,2.4060621153683927e-19,0.9999946800169794,6.6569248215452315e-12,5.319976092945897e-06,3.64462959377765e-13
2025-05-29,1,bear,0.9999910396985693,4.29956902701809e-16,0.9999910396985693,6.831873191787673e-12,8.959965616089494e-06,3.290146862117056e-10
2025-05-30,1,bear,0.9999772099122683,1.7251004577516204e-13,0.9999772099122683,7.761350099423402e-12,2.2790070757005124e-05,9.002430845140644e-12
2025-05-31,1,bear,0.9998798894677833,5.559698747038911e-11,0.9998798894677833,5.8529112473381685e-18,0.00012010934045151854,1.1361741169906441e-09
2025-06-01,0,sideways,0.9998569250656739,0.9998569250656739,2.2964472735452515e-05,5.147526825189966e-28,8.865509394845267e-17,0.0001201104616458424
2025-06-02,0,sideways,0.8288833365232114,0.8288833365232114,1.5661919071961395e-17,6.2847743325811464e-49,2.356871152322078e-17,0.17111666347681287
2025-06-03,4,low-volatility,0.9970006720611858,0.0029993279387701814,4.058457907249824e-40,4.958230081103892e-44,8.830650254010762e-24,0.9970006720611858
2025-06-04,4,low-volatility,0.9999999999997726,1.1931111588143628e-13,3.1231825497304975e-41,1.8972215712188423e-46,8.586059952862998e-17,0.9999999999997726
2025-06-05,4,low-volatility,1.0,9.014678864620335e-14,2.369581529535068e-41,1.3580876159825588e-44,1.8197245862038778e-26,1.0
2025-06-06,4,low-volatility,0.9999999999995453,5.431537119852465e-13,1.587925790355369e-39,1.8613377514625002e-43,2.3210350225608868e-27,0.9999999999995453
2025-06-07,4,low-volatility,0.9999999999986358,1.3671274239918613e-12,4.874557432220283e-38,3.3576445842970173e-43,6.943509958424608e-27,0.9999999999986358
2025-06-08,4,low-volatility,0.9999999999986358,1.360136362487545e-12,1.6733985728507658e-37,2.511396003093975e-40,6.634204683951314e-26,0.9999999999986358
2025-06-09,4,low-volatility,1.0,6.6681319625731935e-15,6.432697115124941e-38,3.381167906551391e-36,9.060950390075552e-24,1.0
2025-06-10,4,low-volatility,1.0,1.3492334766510754e-15,4.746727613560664e-41,6.7975829354557e-32,2.113083810615707e-25,1.0
2025-06-11,4,low-volatility,1.0,3.583466192418567e-15,2.8460980765508285e-42,8.69892476267022e-28,1.0486535843470378e-27,1.0
2025-06-12,4,low-volatility,1.0,2.1322143676382526e-15,4.9750657392460785e-37,6.704063389579977e-24,4.52704828884743e-26,1.0
2025-06-13,4,low-volatility,0.999999993933443,6.066579361287303e-09,1.8658979374649913e-25,6.741553680049519e-21,1.5897237780604598e-24,0.999999993933443
2025-06-14,4,low-volatility,0.99999947337815,5.266219545715711e-07,4.86571403657612e-20,6.490082977993289e-20,3.0259746400047505e-18,0.99999947337815
2025-06-15,4,low-volatility,0.9999993350406776,6.649594264908593e-07,1.9754581567466477e-19,1.6178382044999222e-18,6.341865284038658e-16,0.9999993350406776
2025-06-16,4,low-volatility,0.9999997087116268,2.912880463599342e-07,5.88488076105542e-18,5.4242710575688465e-17,3.629549138165581e-13,0.9999997087116268
2025-06-17,4,low-volatility,0.9999947442826721,5.255716831372928e-06,3.9934915024850413e-13,6.1537960916667375e-15,2.0446776713090617e-13,0.9999947442826721
2025-06-18,4,low-volatility,0.9979827910389295,0.0020172077253519196,1.233949142146846e-09,1.6570003606649805e-12,6.794397964135105e-15,0.9979827910389295
2025-06-19,4,low-volatility,0.889627360335167,0.11037263764688908,1.9981169735337868e-09,1.9765405094153575e-11,1.4597536822305115e-16,0.889627360335167
2025-06-20,4,low-volatility,0.6068506648563324,0.39314928693933116,4.813318716230517e-08,7.118599673188485e-11,2.4385404624448356e-17,0.6068506648563324
2025-06-21,0,sideways,0.9193002587441924,0.9193002587441924,1.0673435429228232e-07,6.943651645569174e-12,1.902297117716065e-18,0.08069963451447895
2025-06-22,0,sideways,0.994840485280261,0.994840485280261,2.4048669867829922e-08,2.780344981925403e-11,2.747314953757588e-22,0.005159490643267367
2025-06-23,0,sideways,0.9999992962850885,0.9999992962850885,6.807321209287725e-07,1.08374850099032e-12,2.0326981264746795e-11,2.296148414617231e-08
2025-06-24,3,bull,0.9999969325596546,5.825899379208359e-15,3.067379113745505e-06,5.373830207583824e-13,0.9999969325596546,6.073224755916705e-11
2025-06-25,3,bull,0.9999998859566469,3.0649604365624807e-19,1.1404282656121161e-07,2.0856648634741623e-17,0.9999998859566469,5.718768712093023e-13
2025-06-26,3,bull,0.9999999940255293,1.0969665025744664e-19,5.973068390061846e-09,1.2208515502489578e-18,0.9999999940255293,1.3783068767573226e-12
2025-06-27,3,bull,0.9999999995100097,8.141869859634203e-21,4.892100086823876e-10,8.105658065413918e-20,0.9999999995100097,8.438672999902141e-13
2025-06-28,3,bull,0.9999999999524789,4.929411781926256e-22,4.7277764201315307e-11,5.024625059148984e-21,0.9999999999524789,3.367514156499172e-13
2025-06-29,3,bull,0.9999999999965894,1.525377076714887e-25,3.37814438419392e-12,1.0369820242689281e-22,0.9999999999965894,8.153504833540326e-15
2025-06-30,3,bull,1.0,1.1751372165611163e-27,1.0244093949166305e-13,2.6087721415434987e-24,1.0,2.912364860735497e-15
2025-07-01,3,bull,1.0,3.17532488787238e-28,4.735230213093347e-15,1.6441039920220846e-25,1.0,6.392043993648568e-16
2025-07-02,3,bull,1.0,1.862050075911469e-32,6.596544179361085e-16,4.408571766581391e-29,1.0,5.640992623226398e-20
2025-07-03,3,bull,1.0,7.409751988927262e-61,6.792203668054467e-20,6.0969151214663075e-37,1.0,3.0240729863081386e-27
2025-07-04,3,bull,1.0,1.0537824486231733e-64,9.048462874047391e-25,8.99470195270586e-42,1.0,2.784748502658212e-26
2025-07-05,3,bull,1.0,4.7334844044346465e-64,2.786461965422694e-26,5.733614648808775e-44,1.0,8.641884383760896e-29
2025-07-06,3,bull,1.0,3.4073623287710715e-85,8.64272334483203e-29,3.473935974106026e-53,1.0,2.730581085185934e-33
2025-07-07,3,bull,1.0,2.172878461881249e-76,2.7440337527795384e-33,1.1604679783398231e-46,1.0,1.2822269741684874e-27
2025-07-08,3,bull,1.0,8.394948465959724e-70,1.2822269742215486e-27,4.100103320792475e-43,1.0,1.0923266879333286e-24
2025-07-09,3,bull,1.0,9.94048671606273e-61,1.0923267739254561e-24,6.325808811756689e-40,1.0,5.021822305851298e-25
2025-07-10,3,bull,1.0,9.32514380268453e-60,5.022543954915993e-25,6.666885488860963e-39,1.0,8.64148226380167e-24
2025-07-11,3,bull,1.0,1.867915500470914e-58,8.641551710482928e-24,8.571209153200753e-38,1.0,1.548065326429387e-23
2025-07-12,3,bull,1.0,2.6688788753587505e-58,1.5481940193579093e-23,2.458473471847925e-47,1.0,1.4437443519600014e-29
2025-07-13,3,bull,1.0,1.1913241404959973e-56,1.878860541732601e-33,2.887214913314434e-47,1.0,2.3646273817680897e-15
2025-07-14,4,low-volatility,0.9999999998840394,9.354408981192745e-33,1.1342075841372468e-34,2.75284373931854e-47,1.1603982984548072e-10,0.9999999998840394
2025-07-15,4,low-volatility,1.0,1.6479919816479667e-23,1.010012760982521e-25,1.516320421991578e-32,3.256882862967956e-17,1.0
2025-07-16,4,low-volatility,1.0,1.5264000656530708e-21,1.2158276453424016e-24,6.620880655951881e-32,2.998541487747682e-23,1.0
2025-07-17,4,low-volatility,1.0,4.2621727619976216e-18,8.003508638680266e-25,7.637713460696783e-35,1.2158998821078008e-24,1.0
2025-07-18,4,low-volatility,1.0,1.7692434941145986e-18,6.813770260969903e-29,3.38451912153612e-35,9.217245771594202e-25,1.0
2025-07-19,4,low-volatility,1.0,5.797373251654756e-18,2.917477952061519e-29,2.0203446439462683e-34,2.5338383683379206e-26,1.0
2025-07-20,4,low-volatility,1.0,2.0693464575479356e-18,1.6827787217629618e-28,3.1952774340387833e-35,1.5255442337063578e-25,1.0
2025-07-21,4,low-volatility,1.0,2.314296262415492e-18,3.128359250356968e-29,6.5200757081069e-38,5.427432461179028e-26,1.0
2025-07-22,4,low-volatility,1.0,1.6972584559898573e-18,5.707118939611666e-32,5.0480586320017e-44,3.019685986133066e-26,1.0
2025-07-23,4,low-volatility,1.0,2.076317250096369e-20,4.856923627790659e-38,1.3559913071681662e-42,9.298095583228193e-28,1.0
2025-07-24,4,low-volatility,1.0,1.3906076883563644e-20,3.962437894503066e-37,4.186075319250862e-39,5.863486055191266e-29,1.0
2025-07-25,4,low-volatility,1.0,4.494983589832713e-18,2.863718378020536e-33,2.0723405878500234e-50,1.9178306949869689e-29,1.0
2025-07-26,4,low-volatility,1.0,3.2927779632187644e-23,2.5934472299457333e-43,1.6907058259357626e-48,3.285737845920957e-27,1.0
2025-07-27,4,low-volatility,1.0,4.4444083265101925e-23,7.297447729533088e-43,8.9801896428432e-49,1.7310125830174116e-35,1.0
2025-07-28,4,low-volatility,1.0,3.3953760365787545e-26,6.634889624320449e-43,5.914527882139224e-51,7.799824888872627e-34,1.0
2025-07-29,4,low-volatility,1.0,1.67806736627753e-38,1.325184113426259e-44,2.0403824659285308e-57,1.023552454884311e-36,1.0
2025-07-30,4,low-volatility,1.0,4.844896172031627e-25,1.055947421108606e-47,8.631959140696928e-56,1.270679443622188e-44,1.0
2025-07-31,4,low-volatility,1.0,4.127316084731536e-25,3.8130094134955135e-46,1.0198812302809589e-58,2.671100379258922e-40,1.0
2025-08-01,4,low-volatility,1.0,1.506296496733157e-20,1.3040010933937036e-43,1.8193582295907615e-56,7.447868801211977e-46,1.0
2025-08-02,4,low-volatility,1.0,3.8053480874519684e-19,1.9015270465167526e-37,1.654263981454367e-54,2.598170865499377e-41,1.0
2025-08-03,4,low-volatility,1.0,6.508326301409869e-19,1.3348400757824734e-35,4.396970687856526e-61,1.6889347475070762e-37,1.0
2025-08-04,4,low-volatility,1.0,1.0297444541022735e-24,6.582644559364749e-44,4.3794471414859245e-74,3.6666132588781966e-41,1.0
2025-08-05,4,low-volatility,1.0,4.1294886380438944e-32,1.2034733006506938e-54,4.9716455145575905e-86,6.546862333813242e-53,1.0
2025-08-06,4,low-volatility,1.0,5.066975576878068e-36,7.084154275681506e-62,4.319326208949429e-83,3.948984610178907e-62,1.0
2025-08-07,4,low-volatility,1.0,1.5880457762112464e-34,1.3484232896400005e-59,8.726744341846271e-82,1.7266917752936738e-64,1.0
2025-08-08,4,low-volatility,1.0,3.1643031592064435e-33,5.200332960451206e-58,1.7122856413481454e-79,2.6663984950314585e-62,1.0
2025-08-09,4,low-volatility,1.0,7.72159177127815e-33,4.0665689594971823e-57,1.1611695733546001e-79,3.909538896549704e-61,1.0
2025-08-10,4,low-volatility,1.0,3.761931934781437e-33,3.7921649669318584e-56,4.8034967066696207e-79,3.494622868494371e-60,1.0
2025-08-11,4,low-volatility,1.0,2.4017224037133995e-26,1.5021718193317653e-55,2.8144945649089328e-58,1.7518638791787876e-60,1.0
2025-08-12,4,low-volatility,1.0,2.9787974164280937e-25,3.903956675242638e-40,1.2774851812946874e-48,1.0334075470535188e-40,1.0
2025-08-13,4,low-volatility,1.0,3.487269952250851e-48,3.5582541158627048e-37,4.754639869441014e-43,4.6464920897767405e-45,1.0
2025-08-14,4,low-volatility,1.0,1.383368174000404e-18,2.536002766595256e-21,8.738325291350888e-22,3.5582540923297707e-37,1.0
2025-08-15,4,low-volatility,1.0,3.9405008701775125e-14,1.7398647038788511e-16,2.1678409648231315e-22,3.488954141117792e-21,1.0
2025-08-16,4,low-volatility,1.0,2.6320416476053076e-14,9.029444075818988e-18,1.660127698657867e-23,2.276972210351094e-16,1.0
2025-08-17,4,low-volatility,0.9999999999997726,2.8277223965798517e-13,9.56809783063952e-19,5.3529366117898776e-24,6.3462210234245e-17,0.9999999999997726
2025-08-18,4,low-volatility,0.9999999999997726,3.1557614626018145e-13,2.5948448950425525e-19,2.3181302395429137e-24,1.4370232649641184e-16,0.9999999999997726
2025-08-19,4,low-volatility,0.9999999998938165,1.0621421601127383e-10,1.003529835203931e-19,7.63500314250512e-24,1.6549925237454027e-16,0.9999999998938165
2025-08-20,4,low-volatility,0.9999999694446164,3.055533904903321e-08,4.2751328170134044e-18,1.3266973757605441e-30,2.708582277514005e-15,0.9999999694446164
2025-08-21,4,low-volatility,0.9999999168221655,8.317774034720537e-08,6.162575491980838e-22,1.783524232870377e-30,4.688968572818335e-15,0.9999999168221655
2025-08-22,4,low-volatility,0.9999999999988631,1.2262954375136537e-12,6.534919168374376e-20,2.922270216711693e-30,2.2589009482348988e-15,0.9999999999988631
2025-08-23,4,low-volatility,1.0,7.535926744852157e-14,3.46980744207938e-20,5.328348061333052e-28,1.163903305275622e-19,1.0
2025-08-24,4,low-volatility,1.0,9.601529158498731e-14,2.024481744746989e-17,5.657868108317723e-25,1.1486156001823382e-19,1.0
2025-08-25,4,low-volatility,1.0,6.07293328474851e-14,3.1680347972686415e-15,4.7386790822819306e-21,2.0502169159958555e-17,1.0
2025-08-26,4,low-volatility,0.9999999999843112,4.711438409326705e-15,1.5626340044167353e-11,1.1489222183974778e-21,3.1542958796196483e-15,0.9999999999843112
2025-08-27,4,low-volatility,0.9999999980057055,1.97802511493325e-09,5.76309330940682e-13,2.5170978301680417e-16,1.562664333586753e-11,0.9999999980057055
2025-08-28,4,low-volatility,0.9999999242945734,7.54455404362371e-08,2.588419148528835e-10,4.3846902667541305e-23,9.436118449265054e-13,0.9999999242945734
2025-08-29,4,low-volatility,0.9999999989374828,7.9816846711288e-10,4.811238292382563e-12,1.443691400411582e-22,2.5951492674591764e-10,0.9999999989374828
2025-08-30,4,low-volatility,0.9999999993822257,5.932284391637689e-10,1.9521765820562278e-11,5.899238316788449e-23,5.0875491504950005e-12,0.9999999993822257
2025-08-31,4,low-volatility,0.9999999998165094,1.5528656276001609e-10,8.726372396291832e-12,1.6559561510902366e-18,1.958693161533995e-11,0.9999999998165094
2025-09-01,4,low-volatility,0.9999999300537208,4.7683103822618844e-08,2.2258878055527832e-08,8.212905076014268e-30,4.381871978789259e-12,0.9999999300537208
2025-09-02,4,low-volatility,0.9999999520648555,2.596225241135094e-08,5.225372955554051e-14,1.4512896376562067e-26,2.1972827633746566e-08,0.9999999520648555
2025-09-03,4,low-volatility,0.9999999554165707,4.456512673792881e-08,8.438100986927692e-16,2.030873909598389e-19,1.822163666193672e-11,0.9999999554165707
2025-09-04,4,low-volatility,0.9999998734526878,1.262233563206885e-07,2.838562731100219e-11,5.19748764597212e-12,2.903687944585572e-10,0.9999998734526878
2025-09-05,4,low-volatility,0.9999975148345086,1.7752273979179073e-06,7.002703873162308e-07,4.310911346364798e-18,9.66762381368242e-09,0.9999975148345086
2025-09-06,4,low-volatility,0.9999988702770239,1.928028738232077e-07,1.847290019196058e-07,3.4167371060231953e-19,7.521910937404754e-07,0.9999988702770239
2025-09-07,4,low-volatility,0.9999989180897897,5.396537677055233e-07,1.4467574657160894e-08,2.905213102358882e-21,5.277888351982118e-07,0.9999989180897897
2025-09-08,4,low-volatility,0.9999999505885183,1.7230765476821973e-08,2.3733061245098593e-11,7.886244769396691e-25,3.215705774883978e-08,0.9999999505885183
2025-09-09,4,low-volatility,0.9999999998437943,1.1162905848025474e-10,1.2227271372744858e-13,1.0244721318557027e-26,4.4512087925208546e-11,0.9999999998437943
2025-09-10,4,low-volatility,0.9999999999097327,9.0160108730271e-11,7.186765419124456e-16,1.3107705861270027e-33,1.2945116558640068e-13,0.9999999999097327
2025-09-11,4,low-volatility,0.9999999999990905,9.21703188757915e-13,9.670002887248262e-22,1.604199653095877e-39,7.062876090846733e-16,0.9999999999990905
2025-09-12,4,low-volatility,1.0,2.3527925806636298e-14,5.653590099534081e-23,1.5244576470555664e-39,2.58239823704205e-21,1.0
2025-09-13,4,low-volatility,1.0,3.57006025371401e-14,4.860077552327556e-23,1.6067524117967652e-40,2.099366992458329e-22,1.0
2025-09-14,4,low-volatility,1.0,3.354355951335919e-14,3.9359691394468826e-24,1.254865571310598e-38,1.6356905761572337e-22,1.0
2025-09-15,4,low-volatility,1.0,9.58560680157521e-14,5.366966491942417e-22,3.297858399410399e-55,6.849284351654764e-24,1.0
2025-09-16,4,low-volatility,0.9999999999961346,3.849052722713265e-12,7.090194680814136e-33,2.7837609166046685e-42,1.4712089874092765e-22,0.9999999999961346
2025-09-17,4,low-volatility,1.0,1.0156391025302608e-13,2.997149276841247e-29,2.938585561662025e-37,5.708842887303935e-26,1.0
2025-09-18,4,low-volatility,0.9999999999840838,1.5924152101164862e-11,4.9889683630878096e-20,8.764607991882866e-39,3.5676398024217696e-23,0.9999999999840838
2025-09-19,4,low-volatility,0.9999999989588559,1.041214173742368e-09,7.165567051318878e-17,1.4772562831418946e-29,2.1695085375623082e-17,0.9999999989588559
2025-09-20,4,low-volatility,0.9999999943659077,5.634192079383192e-09,3.459582074099103e-15,7.093262334339533e-29,8.06861171865238e-15,0.9999999943659077
2025-09-21,4,low-volatility,0.9999999857102466,1.428955568207211e-08,2.9648687398164583e-15,1.969010083876324e-26,1.3225675194279275e-13,0.9999999857102466
2025-09-22,4,low-volatility,0.9999999918129561,8.186388112440268e-09,4.920826369217784e-13,4.9789517749443136e-24,1.0888680187846683e-13,0.9999999918129561
2025-09-23,4,low-volatility,0.9999999338833754,6.539417070192888e-08,7.019580985296429e-10,1.6419663565169714e-27,2.0462171526162872e-11,0.9999999338833754
2025-09-24,4,low-volatility,0.9999986943977884,1.3053408780270859e-06,2.120725822646891e-12,9.644007941586623e-28,2.593210105721325e-10,0.9999986943977884
2025-09-25,4,low-volatility,0.9999991809146366,8.19079523978189e-07,4.187786129132271e-15,3.3621157648123496e-28,5.926520688435787e-12,0.9999991809146366
2025-09-26,4,low-volatility,0.9999986009509721,1.399047178556867e-06,1.1557438179186082e-14,4.799222370428139e-26,1.844242110272377e-12,0.9999986009509721
2025-09-27,4,low-volatility,0.9999940037153163,5.996172287347565e-06,6.0360823184596125e-12,1.0177208331192583e-23,1.0640832783455285e-10,0.9999940037153163
2025-09-28,4,low-volatility,0.9999617417788099,3.825806825733288e-05,1.2805918758327549e-11,6.824836371174637e-25,1.401014338076251e-10,0.9999617417788099
2025-09-29,4,low-volatility,0.9999995624171836,4.292018494911535e-07,1.384238195625915e-11,1.3496327804232285e-27,8.367171713707071e-09,0.9999995624171836
2025-09-30,4,low-volatility,0.9999999936703716,6.306673274199537e-09,3.0398381911852797e-15,5.592772622323147e-31,2.3003795548157313e-11,0.9999999936703716
2025-10-01,4,low-volatility,0.9999999989329353,1.0670685486288241e-09,3.2954436285965936e-20,4.5964621489373117e-32,5.385739192422658e-15,0.9999999989329353
2025-10-02,4,low-volatility,0.9999999999893134,1.0729188309367327e-11,1.3489242260074922e-20,1.5166030129920975e-28,3.772591504905795e-18,0.9999999999893134
2025-10-03,4,low-volatility,0.9999999998701696,1.2975528625118764e-10,1.900128439147835e-17,3.0870253278683744e-26,2.2448002142428947e-18,0.9999999998701696
2025-10-04,4,low-volatility,0.9999999987944648,1.205440732257922e-09,5.522228276362611e-15,3.457998384890123e-24,3.4355361087789266e-16,0.9999999987944648
2025-10-05,4,low-volatility,0.9999999977774223,2.222494423623764e-09,6.797457970537221e-14,4.8715686431731195e-23,1.8098983958471575e-14,0.9999999977774223
2025-10-06,4,low-volatility,0.9999999927922545,7.207506494839522e-09,1.5285691705347544e-13,7.388506431999563e-26,7.793370327427243e-14,0.9999999927922545
2025-10-07,4,low-volatility,0.9999999995900453,4.0966945385448694e-10,2.4932048199404933e-18,1.8909357146177346e-17,2.0639641949451517e-13,0.9999999995900453
2025-10-08,4,low-volatility,0.9999999988447144,1.1551885050083106e-09,8.234536892793168e-14,3.595179450359797e-14,1.701322244137219e-15,0.9999999988447144
2025-10-09,4,low-volatility,0.9999990306585156,2.086367570201342e-12,7.999188514702428e-07,1.694204832677053e-07,1.9456800038006495e-19,0.9999990306585156
2025-10-10,2,high-volatility,0.9999998091982616,5.382157853017059e-60,8.428773286378763e-15,0.9999998091982616,4.841316389800807e-50,1.9080181057424621e-07
2025-10-11,2,high-volatility,0.9999991758451173,1.1700726758567988e-60,8.241547822209107e-07,0.9999991758451173,3.7652621775634746e-60,8.143485315409061e-15
2025-10-12,2,high-volatility,0.9999999207880168,3.597965608193206e-59,7.921198864075551e-08,0.9999999207880168,8.82464502328685e-57,1.1235048775351607e-22
2025-10-13,2,high-volatility,0.9999999216204318,1.9942557094563523e-51,7.837967793778124e-08,0.9999999216204318,2.4145423664471994e-44,1.7656604949159973e-29
2025-10-14,2,high-volatility,0.9999989462902343,6.297364942791975e-47,1.0537098414702208e-06,0.9999989462902343,3.569473619544044e-47,1.9360558620293245e-29
2025-10-15,2,high-volatility,0.9999996533479735,1.8136501659391487e-47,3.466519136100905e-07,0.9999996533479735,1.7391984120175317e-48,1.4040409270428353e-29
2025-10-16,2,high-volatility,0.9999999387418957,2.9052096925015797e-48,6.12580516820059e-08,0.9999999387418957,2.214950672633479e-52,2.086393112499359e-30
2025-10-17,2,high-volatility,0.9999999864030542,1.9394996244258357e-50,1.3597044130010081e-08,0.9999999864030542,2.696540951737521e-58,4.0901478118451255e-32
2025-10-18,2,high-volatility,0.9999999853373538,1.4500950412741732e-52,1.4662669755877044e-08,0.9999999853373538,1.338038023006107e-61,3.353472742443145e-33
2025-10-19,2,high-volatility,0.9999999994704467,5.963479622808629e-51,5.295130028115067e-10,0.9999999994704467,5.247670635201277e-63,1.0546338487439016e-33
2025-10-20,2,high-volatility,0.99999999974807,6.769098643633739e-51,2.5184128199629e-10,0.99999999974807,1.0138730193345983e-58,8.206655641552088e-35
2025-10-21,2,high-volatility,0.9999999956273768,7.343538955204558e-48,4.372662131658218e-09,0.9999999956273768,2.4690368373037887e-58,3.1524484781272097e-34
2025-10-22,2,high-volatility,0.9999999785188722,1.0995313658164477e-43,2.1481073902804755e-08,0.9999999785188722,8.80519309590581e-59,8.959424599927362e-33
2025-10-23,2,high-volatility,0.9999999736319299,2.8175265404338194e-46,2.6368033782214365e-08,0.9999999736319299,1.044796527758165e-50,7.683544975828034e-32
2025-10-24,2,high-volatility,0.9999999935630512,1.5751870926710478e-47,6.4370119751121385e-09,0.9999999935630512,5.153712547000271e-44,9.799422903468768e-31
2025-10-25,2,high-volatility,0.9999999855911028,1.037742856827344e-47,1.4408815097451638e-08,0.9999999855911028,5.493514401592935e-41,1.7095346088835235e-30
2025-10-26,2,high-volatility,0.9999998957782791,6.03245379048758e-46,1.042216506171419e-07,0.9999998957782791,9.485639526354393e-37,2.182117006909665e-29
2025-10-27,2,high-volatility,0.999998502602905,1.5163558327234538e-45,1.4973971497104031e-06,0.999998502602905,8.403514832330998e-27,1.8181233659140946e-27
2025-10-28,2,high-volatility,0.9769299832991023,9.518583329152852e-42,0.023070016700788645,0.9769299832991023,8.831156784956927e-28,4.269939078979556e-24
2025-10-29,1,bear,0.9999973959124673,2.8222883913067255e-36,0.9999973959124673,2.6040876210937094e-06,4.614855976807756e-22,1.3699053508402634e-22
2025-10-30,1,bear,0.9999999999943157,1.6326524346509079e-16,0.9999999999943157,5.588621706951973e-12,1.4631532373054108e-15,4.601670241467621e-22
2025-10-31,1,bear,0.9999999998865405,4.0358703492738676e-13,0.9999999998865405,1.1301068243640551e-10,6.606155251816393e-20,1.4631531217135397e-15
2025-11-01,1,bear,0.9999999987710453,1.228844096212787e-09,0.9999999987710453,3.187150140177973e-22,1.1189431571326111e-22,7.069513450713487e-20
2025-11-02,0,sideways,0.9999999999972715,0.9999999999972715,2.808816692725226e-12,4.593059122092431e-27,3.36980652989419e-58,1.5018610830582947e-17
2025-11-03,0,sideways,0.9999999999026841,0.9999999999026841,7.616630897777369e-22,7.168938434373858e-32,1.746835035668315e-77,9.734506259697027e-11
2025-11-04,0,sideways,0.9999999999997726,0.9999999999997726,3.0119052681792703e-21,1.2514440987265736e-33,6.41784316349454e-91,1.983421722343372e-13
2025-11-05,0,sideways,1.0,1.0,6.7556392380128135e-18,3.471189576365237e-42,1.076539062407569e-94,3.6996787303856427e-14
2025-11-06,0,sideways,1.0,1.0,3.5226772938523784e-23,1.3789846824110277e-42,4.064654555039163e-91,1.208011948211885e-14
2025-11-07,0,sideways,1.0,1.0,2.2483292051954886e-23,4.714921813134576e-43,2.338902203005055e-92,4.819258943726467e-15
2025-11-08,0,sideways,1.0,1.0,5.219944901940579e-23,4.849019270307559e-46,2.973331600169327e-94,2.4738169521149805e-15
2025-11-09,0,sideways,1.0,1.0,2.120642482101667e-25,2.7514858451311088e-47,1.0945105648791285e-92,3.558818997795884e-15
2025-11-10,0,sideways,1.0,1.0,9.192405808041484e-27,1.3542501374255337e-48,1.7148877146332808e-82,3.1198592473639784e-14
2025-11-11,0,sideways,1.0,1.0,6.727555255790406e-29,5.800293076784005e-45,1.0527558360237902e-79,9.253248105427122e-14
2025-11-12,0,sideways,1.0,1.0,1.1176561715286345e-26,9.071777362900564e-44,2.268399806097647e-81,1.0750900727439203e-13
2025-11-13,0,sideways,0.9999999999988631,0.9999999999988631,1.5917977027922164e-24,1.415966796575644e-38,3.4485629453380595e-76,1.2140026841217156e-12
2025-11-14,0,sideways,0.9999999999943157,0.9999999999943157,1.4207788879101822e-19,5.259116197721141e-32,1.3942769554931856e-69,5.667317005344083e-12
2025-11-15,0,sideways,0.999999999898364,0.999999999898364,9.078440952229124e-15,1.147148335118472e-36,2.2237669823077153e-61,1.0158606655549457e-10
2025-11-16,0,sideways,0.9999999925551037,0.9999999925551037,1.1796234066430767e-19,1.5493407004865535e-29,3.1603326605277887e-56,7.44494093128297e-09
2025-11-17,0,sideways,0.9999996705808459,0.9999996705808459,4.708362563424905e-15,3.4641431274643205e-23,5.304244236533347e-44,3.2941903801498163e-07
2025-11-18,0,sideways,0.9999925684124831,0.9999925684124831,7.47963832745901e-11,1.3043002929836978e-21,7.718025604488357e-34,7.431512677307383e-06
2025-11-19,0,sideways,0.9999971590056587,0.9999971590056587,1.2023948344829912e-09,1.090556927599575e-19,1.044032900893442e-37,2.8397920310752727e-06
2025-11-20,0,sideways,0.9999984675469396,0.9999984675469396,2.2036578787415157e-09,6.485945018165369e-20,1.1466204238157885e-43,1.5302495032105636e-06
2025-11-21,0,sideways,0.999998432852499,0.999998432852499,3.0360169086870305e-07,4.883327915364071e-21,2.678765020807115e-41,1.2635457381522044e-06
2025-11-22,0,sideways,0.9999620267174137,0.9999620267174137,1.4827583337965493e-06,1.444283487767289e-23,1.314070420887433e-37,3.649052423301157e-05
2025-11-23,0,sideways,0.9924885215970557,0.9924885215970557,1.1027503690680619e-09,1.9577281072711843e-26,5.399041421746505e-35,0.0075114773001623905
2025-11-24,4,low-volatility,0.9976928033333999,0.0023071966587668085,7.811813849624383e-12,8.355747611535722e-38,7.4407850644961495e-31,0.9976928033333999
2025-11-25,4,low-volatility,0.9999995699164189,4.300835019970076e-07,1.4659201492899893e-17,5.56150593135606e-35,1.068540256533183e-31,0.9999995699164189
2025-11-26,4,low-volatility,0.9999999967133135,3.286611302584441e-09,1.646179624944496e-17,1.7953023117014094e-37,3.4614682213011036e-36,0.9999999967133135
2025-11-27,4,low-volatility,0.9999999886222213,1.1377728898319075e-08,9.411541381403833e-18,7.53849098141035e-37,6.690801063359383e-38,0.9999999886222213
2025-11-28,4,low-volatility,0.9999999941601345,5.839945347763812e-09,1.7695218432040637e-18,6.460803342275582e-37,3.439892907816395e-35,0.9999999941601345
2025-11-29,4,low-volatility,0.9999999953297447,4.670192292698303e-09,8.3969720153694e-20,7.72047818622392e-42,1.8412510628901574e-34,0.9999999953297447
2025-11-30,4,low-volatility,0.9999999997730811,2.268266524860055e-10,3.439856170367189e-25,3.1166324463273134e-43,7.592123329452023e-41,0.9999999997730811
2025-12-01,4,low-volatility,0.9999999998717612,1.2827247680917648e-10,4.9684558653674955e-25,4.708942071606933e-41,5.80366349486529e-41,0.9999999998717612
2025-12-02,4,low-volatility,0.999999996109409,3.8905638485313e-09,5.735088706186144e-24,3.616796034702129e-43,2.072704131465041e-40,0.999999996109409
2025-12-03,4,low-volatility,0.9999999991825916,8.175181840324556e-10,5.3416438131272015e-27,2.5915885253171365e-53,3.6119135722188187e-42,0.9999999991825916
2025-12-04,4,low-volatility,0.9999999999997726,2.045315483653741e-13,3.297551421213818e-33,4.597706735163069e-54,2.2806028691312725e-49,0.9999999999997726
2025-12-05,4,low-volatility,1.0,4.799512063739645e-16,2.43653284488073e-27,1.9180384718070888e-52,2.494829046551088e-36,1.0
2025-12-06,4,low-volatility,1.0,2.7221018409616038e-17,7.972495959963011e-30,1.8890892443332895e-49,5.458123065544157e-37,1.0
2025-12-07,4,low-volatility,1.0,2.020080520638066e-18,2.199173716426229e-25,2.3119227063831663e-37,1.976390360378135e-39,1.0
2025-12-08,4,low-volatility,0.9999999999997726,1.7067004048077718e-14,1.3699238068068236e-13,1.045365554893668e-33,1.0472371283888004e-39,0.9999999999997726
2025-12-09,4,low-volatility,0.8918300340176288,0.10816996595095396,3.146306874121495e-11,1.0794366034584412e-14,4.1257984138224434e-49,0.8918300340176288
2025-12-10,0,sideways,0.9960603249243531,0.9960603249243531,2.3694047132066456e-05,1.6965341723666778e-11,1.352280138100585e-22,0.003915981011640456
2025-12-11,0,sideways,0.99995914527665,0.99995914527665,8.300709576948046e-08,1.6035758644573715e-14,1.0379706263170693e-22,4.0771716279909795e-05
2025-12-12,0,sideways,0.9999959674057118,0.9999959674057118,5.642536322255232e-08,1.9702113203109387e-16,4.148557811824008e-23,3.976169011510611e-06
2025-12-13,0,sideways,0.99999600922502,0.99999600922502,7.101492482554117e-08,9.118996734997092e-19,3.767126092041126e-22,3.919760054565388e-06
2025-12-14,0,sideways,0.9999883398052093,0.9999883398052093,8.137773413037086e-09,4.361667259476447e-19,2.092563576244296e-25,1.1652057015778717e-05
2025-12-15,0,sideways,0.9999943338881621,0.9999943338881621,1.339704471951607e-07,3.74413716548913e-17,1.408523699955073e-26,5.532141445737581e-06
2025-12-16,0,sideways,0.9999979651281832,0.9999979651281832,2.7866700558676956e-07,6.347851309641376e-16,2.9772690422931628e-30,1.7562048011695954e-06
2025-12-17,0,sideways,0.9999973971411914,0.9999973971411914,1.2349250910807734e-06,2.1025664128330196e-16,9.675224408891685e-31,1.3679336430667392e-06
2025-12-18,0,sideways,0.9999970949683207,0.9999970949683207,1.472360242610187e-06,3.201742680577313e-17,9.047173488302834e-25,1.4326713466976471e-06
2025-12-19,0,sideways,0.9999948700799154,0.9999948700799154,2.058737497302454e-07,5.586310016226137e-17,5.272063293087012e-20,4.92404629952666e-06
2025-12-20,0,sideways,0.9999898010495919,0.9999898010495919,7.537261685053976e-08,7.192269439538117e-17,9.158259036646078e-19,1.0123577854261236e-05
2025-12-21,0,sideways,0.9999793912988887,0.9999793912988887,6.368619304001133e-08,4.678780507821673e-16,5.477841333604697e-19,2.0545014964663684e-05
2025-12-22,0,sideways,0.9999942201692333,0.9999942201692333,1.9590015189124012e-07,1.6334953104670343e-15,1.9365653269302985e-21,5.583930694946494e-06
2025-12-23,0,sideways,0.9999969187649361,0.9999969187649361,5.5647027769077e-07,3.456561813997998e-16,8.040726897457213e-24,2.5247646985984e-06
2025-12-24,0,sideways,0.9999960526818685,0.9999960526818685,1.3046419794719046e-06,2.591725075295744e-18,3.676542006643029e-21,2.6426761215891286e-06
2025-12-25,0,sideways,0.9999973002688939,0.9999973002688939,5.2469330017900485e-09,2.3558639411233484e-17,1.5880738765348875e-25,2.6944842327590565e-06
2025-12-26,0,sideways,0.9999945706465093,0.9999945706465093,8.042361066461123e-08,2.937214193746383e-17,1.1110159138105368e-18,5.348929829359702e-06
2025-12-27,0,sideways,0.9999867566313431,0.9999867566313431,3.3145686497328616e-08,3.8473360785055375e-16,1.3901325123445096e-17,1.321022308254352e-05
2025-12-28,0,sideways,0.9999824852924556,0.9999824852924556,1.3692565426603336e-07,4.776859929816613e-19,6.081637375809271e-14,1.7377781935543963e-05
2025-12-29,0,sideways,0.9993804455241224,0.9993804455241224,3.162277617092077e-10,3.7083520946086854e-23,6.4146040678875175e-28,0.0006195541597191619
2025-12-30,0,sideways,0.9999586950766228,0.9999586950766228,3.296548665364483e-12,3.4075121298207793e-18,3.701073832423792e-32,4.130492008876787e-05
2025-12-31,0,sideways,0.9999937562892517,0.9999937562892517,2.2116509769553645e-11,3.4025471981371947e-18,1.104850368457652e-35,6.2436885428588586e-06
2026-01-01,0,sideways,0.9999999913723059,0.9999999913723059,1.1997175815616205e-09,6.266182426639429e-15,1.31686526811552e-26,7.427882653251743e-09
2026-01-02,3,bull,0.9999611287159403,8.89226435813975e-16,3.887099985903463e-05,1.4519649391819706e-16,0.9999611287159403,2.8413326222977967e-10
2026-01-03,3,bull,0.999992992437907,4.927945432553407e-20,7.007515685639241e-06,1.366655710120858e-18,0.999992992437907,4.631771240557106e-11
2026-01-04,3,bull,0.9999996715458195,9.247567698965557e-21,3.284534970794912e-07,6.268229415760908e-20,0.9999996715458195,6.420873970113948e-13
2026-01-05,3,bull,0.9999999979370386,4.7220380149782825e-21,2.061255375486745e-09,6.72088688035436e-20,0.9999999979370386,1.6219893944447001e-12
2026-01-06,3,bull,0.9999999999827196,2.0390492322768883e-22,9.62385974355921e-12,4.285264720534696e-21,0.9999999999827196,7.587666711157169e-12
2026-01-07,3,bull,0.9999999999922693,2.8136640944486255e-24,7.668773326977126e-12,1.7834399540094446e-22,0.9999999999922693,5.652715490625091e-14
2026-01-08,3,bull,1.0,1.2790447697671282e-28,7.644576143566078e-14,1.6342960135759748e-24,1.0,8.352946827910252e-15
2026-01-09,3,bull,1.0,4.6963932193799065e-29,8.482171073370755e-15,5.0330649781697355e-25,1.0,1.894190722161858e-14
2026-01-10,3,bull,1.0,7.824826951402512e-29,1.8958351206535626e-14,1.7022784925915567e-24,1.0,2.822677728680023e-14
2026-01-11,3,bull,1.0,1.7872437348366546e-29,2.8304724098438877e-14,4.2022004932792005e-24,1.0,4.051156857978327e-14
2026-01-12,3,bull,0.9999999968690645,6.8959604856824e-27,3.922748643181933e-14,4.5419144288269464e-18,0.9999999968690645,3.1308878812877583e-09
2026-01-13,3,bull,0.9999999968185875,9.167075593895169e-22,3.1307797384178954e-09,1.749483969371734e-16,0.9999999968185875,5.0520316156148654e-11
2026-01-14,3,bull,0.9999999998447038,5.344184668774533e-23,1.4189200696897826e-10,2.3835809778021492e-18,0.9999999998447038,1.33643427893931e-11
2026-01-15,3,bull,0.9999999999552074,9.526251997582112e-26,1.700046006206919e-11,1.641007134860611e-18,0.9999999999552074,2.778692817021724e-11
2026-01-16,3,bull,0.9999999999527063,5.467287251997897e-21,2.8952190585262022e-11,7.002044653182819e-18,0.9999999999527063,1.8411696712847887e-11
2026-01-17,3,bull,0.9999999999770353,4.603865361566363e-21,2.2660403534843868e-11,2.8264835493786236e-20,0.9999999999770353,3.2304618064879776e-13
2026-01-18,3,bull,0.9999999999995453,1.9150201167250054e-30,4.4446809769182024e-13,5.6425173854883365e-24,0.9999999999995453,1.5146219406920635e-16
2026-01-19,3,bull,1.0,2.53623381779484e-35,1.1943621311526598e-15,5.227484482667834e-27,1.0,6.42398530719817e-17
2026-01-20,3,bull,1.0,2.8220162594088985e-32,7.605044904847756e-17,1.6308110630013837e-27,1.0,1.4782950683857787e-16
2026-01-21,3,bull,1.0,7.549826724812295e-28,1.4867989859336126e-16,8.640339146113555e-23,1.0,4.9330939069037987e-14
2026-01-22,3,bull,0.9999999997505711,1.216688430453175e-22,4.9308275105908295e-14,1.2082390646262177e-21,0.9999999997505711,2.4928835338897274e-10
2026-01-23,3,bull,0.9999999996680344,4.578433172859397e-19,2.492317134808071e-10,2.3846617790626495e-18,0.9999999996680344,8.284723084398685e-11
2026-01-24,3,bull,0.9999999998142357,5.9827718043054345e-19,8.791873566519119e-11,1.0002324711501374e-18,0.9999999998142357,9.792313294093296e-11
2026-01-25,3,bull,0.9999999998558451,2.2306624457163153e-21,9.933192200342694e-11,8.1512671222779135e-19,0.9999999998558451,4.487033449779163e-11
2026-01-26,3,bull,0.9999999999445208,3.2605042284236806e-21,4.684344998243243e-11,4.341233606549984e-20,0.9999999999445208,8.723765585579071e-12
2026-01-27,3,bull,0.9999999997905888,1.5525790153823346e-18,8.78002394580352e-12,4.527752716541811e-19,0.9999999997905888,2.006470557272775e-10
2026-01-28,3,bull,0.9999999980313987,1.8014716405027455e-18,1.651054458147143e-10,1.917266027372387e-17,0.9999999980313987,1.8035253302754277e-09
2026-01-29,3,bull,0.9999999015328789,5.362415557031587e-19,1.2453385137737545e-10,7.105751242960652e-17,0.9999999015328789,9.83426679117606e-08
2026-01-30,3,bull,0.9999847431394928,4.255227341943747e-13,3.7436493720781366e-10,1.3428061317052085e-13,0.9999847431394928,1.5256485560145266e-05
2026-01-31,3,bull,0.9981904617298414,2.602064975032329e-10,8.854542853382197e-08,4.61482862532241e-13,0.9981904617298414,0.001809449464054459
2026-02-01,4,low-volatility,0.9999976597262148,2.0685819875345104e-06,1.5489081371502096e-13,1.0155613807518318e-08,2.6153605600770454e-07,0.9999976597262148
