date,state,regime,confidence,prob_low-volatility,prob_bull,prob_high-volatility,prob_bear
2025-03-02,3,bear,1.0,0.0,0.0,0.0,1.0
2025-03-03,3,bear,1.0,0.0,0.0,0.0,1.0
2025-03-04,3,bear,1.0,0.0,0.0,0.0,1.0
2025-03-05,3,bear,1.0,0.0,0.0,0.0,1.0
2025-03-06,3,bear,1.0,0.0,0.0,0.0,1.0
2025-03-07,3,bear,1.0,0.0,0.0,0.0,1.0
2025-03-08,3,bear,1.0,0.0,0.0,0.0,1.0
2025-03-09,3,bear,1.0,0.0,0.0,0.0,1.0
2025-03-10,3,bear,1.0,0.0,0.0,0.0,1.0
2025-03-11,3,bear,1.0,0.0,0.0,0.0,1.0
2025-03-12,3,bear,1.0,0.0,0.0,0.0,1.0
2025-03-13,3,bear,1.0,0.0,0.0,0.0,1.0
2025-03-14,3,bear,1.0,0.0,0.0,0.0,1.0
2025-03-15,3,bear,1.0,0.0,0.0,0.0,1.0
2025-03-16,3,bear,1.0,0.0,0.0,0.0,1.0
2025-03-17,3,bear,1.0,0.0,0.0,0.0,1.0
2025-03-18,3,bear,1.0,0.0,0.0,0.0,1.0
2025-03-19,3,bear,1.0,0.0,0.0,0.0,1.0
2025-03-20,3,bear,1.0,0.0,0.0,0.0,1.0
2025-03-21,3,bear,1.0,0.0,0.0,0.0,1.0
2025-03-22,3,bear,1.0,0.0,0.0,0.0,1.0
2025-03-23,3,bear,1.0,0.0,0.0,0.0,1.0
2025-03-24,3,bear,1.0,0.0,0.0,0.0,1.0
2025-03-25,3,bear,1.0,0.0,0.0,0.0,1.0
2025-03-26,3,bear,1.0,0.0,0.0,0.0,1.0
2025-03-27,3,bear,1.0,0.0,0.0,0.0,1.0
2025-03-28,3,bear,1.0,0.0,0.0,0.0,1.0
2025-03-29,3,bear,1.0,0.0,0.0,0.0,1.0
2025-03-30,3,bear,1.0,0.0,0.0,0.0,1.0
2025-03-31,3,bear,1.0,0.0,0.0,0.0,1.0
2025-04-01,3,bear,1.0,0.0,0.0,0.0,1.0
2025-04-02,3,bear,1.0,0.0,0.0,0.0,1.0
2025-04-03,3,bear,1.0,0.0,0.0,0.0,1.0
2025-04-04,3,bear,1.0,0.0,0.0,0.0,1.0
2025-04-05,3,bear,1.0,0.0,0.0,0.0,1.0
2025-04-06,3,bear,1.0,0.0,0.0,0.0,1.0
2025-04-07,3,bear,1.0,0.0,0.0,0.0,1.0
2025-04-08,3,bear,1.0,0.0,0.0,0.0,1.0
2025-04-09,1,bull,0.9999949832881256,0.0,0.9999949832881256,0.0,5.016711853582907e-06
2025-04-10,1,bull,1.0,0.0,1.0,2.4399511273784874e-150,0.0
2025-04-11,1,bull,1.0,0.0,1.0,7.99005358283301e-155,0.0
2025-04-12,1,bull,1.0,0.0,1.0,6.290591168009605e-153,0.0
2025-04-13,1,bull,1.0,0.0,1.0,1.1684525113641787e-153,0.0
2025-04-14,1,bull,1.0,0.0,1.0,1.3071099459083504e-153,0.0
2025-04-15,1,bull,1.0,0.0,1.0,2.2483458675093175e-153,0.0
2025-04-16,1,bull,1.0,0.0,1.0,6.97862873633004e-154,0.0
2025-04-17,1,bull,1.0,0.0,1.0,1.4875047183704504e-153,0.0
2025-04-18,1,bull,1.0,0.0,1.0,4.2918718636645784e-154,0.0
2025-04-19,1,bull,1.0,0.0,1.0,6.05902043837547e-154,0.0
2025-04-20,1,bull,1.0,0.0,1.0,1.2742480810283841e-165,0.0
2025-04-21,1,bull,1.0,0.0,1.0,8.21484055160898e-173,0.0
2025-04-22,1,bull,1.0,0.0,1.0,3.830649614755133e-173,0.0
2025-04-23,1,bull,1.0,7.934129087620004e-302,1.0,4.709561908168602e-165,0.0
2025-04-24,1,bull,1.0,2.5500823257127522e-247,1.0,1.3719413341872421e-162,0.0
2025-04-25,1,bull,1.0,6.077506651936933e-206,1.0,1.5996987980723218e-132,0.0
2025-04-26,1,bull,1.0,2.240044684646308e-163,1.0,1.0506106705039688e-99,0.0
2025-04-27,1,bull,1.0,7.001742144056829e-122,1.0,1.3704525375867623e-66,0.0
2025-04-28,1,bull,1.0,6.273626009350753e-79,1.0,1.0144605334733166e-33,0.0
2025-04-29,2,high-volatility,1.0,5.745739388869633e-62,0.0,1.0,0.0
2025-04-30,2,high-volatility,1.0,3.2361337048990416e-52,0.0,1.0,0.0
2025-05-01,2,high-volatility,1.0,2.9691194427545944e-74,0.0,1.0,0.0
2025-05-02,2,high-volatility,1.0,6.711860990997788e-95,0.0,1.0,0.0
2025-05-03,2,high-volatility,1.0,1.7252643544349663e-110,0.0,1.0,0.0
2025-05-04,2,high-volatility,1.0,3.1345650994829984e-121,0.0,1.0,0.0
2025-05-05,2,high-volatility,1.0,2.613820330641302e-129,0.0,1.0,0.0
2025-05-06,2,high-volatility,1.0,2.17540835988966e-133,0.0,1.0,0.0
2025-05-07,2,high-volatility,1.0,1.6241856900322781e-134,0.0,1.0,0.0
2025-05-08,2,high-volatility,1.0,1.811593944481814e-136,0.0,1.0,0.0
2025-05-09,2,high-volatility,1.0,8.005006013060767e-132,0.0,1.0,0.0
2025-05-10,2,high-volatility,1.0,6.997130018160073e-123,0.0,1.0,0.0
2025-05-11,2,high-volatility,1.0,1.8914924757050024e-110,0.0,1.0,0.0
2025-05-12,2,high-volatility,1.0,3.0304419062428096e-100,0.0,1.0,0.0
2025-05-13,2,high-volatility,1.0,5.456841767228381e-82,0.0,1.0,0.0
2025-05-14,2,high-volatility,1.0,8.470622565334196e-72,0.0,1.0,0.0
2025-05-15,2,high-volatility,1.0,1.128027393737914e-58,0.0,1.0,0.0
2025-05-16,2,high-volatility,1.0,4.215250968229975e-44,0.0,1.0,0.0
2025-05-17,2,high-volatility,1.0,3.2711628882993305e-28,0.0,1.0,0.0
2025-05-18,2,high-volatility,0.9999999989913704,1.0086048146862186e-09,0.0,0.9999999989913704,0.0
2025-05-19,2,high-volatility,0.9999999968558768,3.1440752666940536e-09,0.0,0.9999999968558768,0.0
2025-05-20,2,high-volatility,1.0,7.767661573296279e-19,0.0,1.0,0.0
2025-05-21,2,high-volatility,1.0,1.2293251317219718e-53,0.0,1.0,0.0
2025-05-22,2,high-volatility,1.0,3.7442572364073916e-44,0.0,1.0,0.0
2025-05-23,2,high-volatility,1.0,6.254104257619925e-53,0.0,1.0,0.0
2025-05-24,2,high-volatility,1.0,7.899127086664983e-60,0.0,1.0,0.0
2025-05-25,2,high-volatility,1.0,1.6375930874045458e-66,0.0,1.0,0.0
2025-05-26,2,high-volatility,1.0,1.3743349374974396e-72,0.0,1.0,0.0
2025-05-27,2,high-volatility,1.0,1.4860607229965137e-83,0.0,1.0,0.0
2025-05-28,2,high-volatility,1.0,4.325376129085218e-89,0.0,1.0,0.0
2025-05-29,2,high-volatility,1.0,2.8703282594761335e-94,0.0,1.0,0.0
2025-05-30,2,high-volatility,1.0,3.009194451058308e-98,0.0,1.0,0.0
2025-05-31,2,high-volatility,1.0,2.896896850364443e-95,0.0,1.0,0.0
2025-06-01,2,high-volatility,1.0,7.119530799219137e-89,0.0,1.0,0.0
2025-06-02,2,high-volatility,1.0,1.3424145215811849e-83,0.0,1.0,0.0
2025-06-03,2,high-volatility,1.0,3.745611998316054e-76,0.0,1.0,0.0
2025-06-04,2,high-volatility,1.0,1.3903298864278245e-67,0.0,1.0,0.0
2025-06-05,2,high-volatility,1.0,1.2519546056081489e-56,0.0,1.0,0.0
2025-06-06,2,high-volatility,1.0,1.5710753410251305e-46,0.0,1.0,0.0
2025-06-07,2,high-volatility,1.0,2.299391220525789e-35,0.0,1.0,0.0
2025-06-08,2,high-volatility,1.0,1.237378361637536e-22,0.0,1.0,0.0
2025-06-09,2,high-volatility,0.9999999954453642,4.554656384282069e-09,0.0,0.9999999954453642,0.0
2025-06-10,2,high-volatility,1.0,4.749047802589325e-18,0.0,1.0,0.0
2025-06-11,2,high-volatility,1.0,7.305277443408459e-35,0.0,1.0,0.0
2025-06-12,2,high-volatility,1.0,4.523597025580035e-50,0.0,1.0,0.0
2025-06-13,2,high-volatility,1.0,6.80582023110797e-62,0.0,1.0,0.0
2025-06-14,2,high-volatility,1.0,6.847830394705304e-71,0.0,1.0,0.0
2025-06-15,2,high-volatility,1.0,7.106928572680731e-79,0.0,1.0,0.0
2025-06-16,2,high-volatility,1.0,1.0838689045602835e-86,0.0,1.0,0.0
2025-06-17,2,high-volatility,1.0,1.1905329732030077e-91,0.0,1.0,0.0
2025-06-18,2,high-volatility,1.0,1.1047515593406003e-93,0.0,1.0,0.0
2025-06-19,2,high-volatility,1.0,1.0974278570460511e-93,0.0,1.0,0.0
2025-06-20,2,high-volatility,1.0,2.730698218832513e-91,0.0,1.0,0.0
2025-06-21,2,high-volatility,1.0,5.1710342970929956e-89,0.0,1.0,0.0
2025-06-22,2,high-volatility,1.0,7.422298964042363e-84,0.0,1.0,0.0
2025-06-23,2,high-volatility,1.0,4.339048309286427e-78,0.0,1.0,0.0
2025-06-24,2,high-volatility,1.0,1.0023131315219332e-69,0.0,1.0,0.0
2025-06-25,2,high-volatility,1.0,8.841568556273708e-57,0.0,1.0,0.0
2025-06-26,2,high-volatility,1.0,2.1619477647658747e-43,0.0,1.0,0.0
2025-06-27,2,high-volatility,1.0,2.2851284638622438e-27,0.0,1.0,0.0
2025-06-28,2,high-volatility,0.9999977892016996,2.210798290241982e-06,0.0,0.9999977892016996,0.0
2025-06-29,0,low-volatility,0.999608484858486,0.999608484858486,0.0,0.00039151514154126265,0.0
2025-06-30,0,low-volatility,0.9999998799413633,0.9999998799413633,0.0,1.2005859757355798e-07,0.0
2025-07-01,0,low-volatility,0.9999999841234058,0.9999999841234058,0.0,1.5876584439129124e-08,0.0
2025-07-02,0,low-volatility,0.9999999852551582,0.9999999852551582,0.0,1.4744878034035216e-08,0.0
2025-07-03,0,low-volatility,0.9999998961658375,0.9999998961658375,0.0,1.0383417916301619e-07,0.0
2025-07-04,0,low-volatility,0.9999999238941684,0.9999999238941684,0.0,7.610585144253453e-08,0.0
2025-07-05,0,low-volatility,0.9999999131137012,0.9999999131137012,0.0,8.688624565489973e-08,0.0
2025-07-06,0,low-volatility,0.9999998472028554,0.9999998472028554,0.0,1.5279709765481173e-07,0.0
2025-07-07,0,low-volatility,0.9999997465227218,0.9999997465227218,0.0,2.534772312849328e-07,0.0
2025-07-08,0,low-volatility,0.9999997829958382,0.9999997829958382,0.0,2.1700417856326813e-07,0.0
2025-07-09,0,low-volatility,0.9999998321274147,0.9999998321274147,0.0,1.6787252934838327e-07,0.0
2025-07-10,0,low-volatility,0.9999998644052631,0.9999998644052631,0.0,1.3559475991774055e-07,0.0
2025-07-11,0,low-volatility,0.9999999266326567,0.9999999266326567,0.0,7.336729479372684e-08,0.0
2025-07-12,0,low-volatility,0.999999982857844,0.999999982857844,0.0,1.7142166569003646e-08,0.0
2025-07-13,0,low-volatility,0.9999998886590964,0.9999998886590964,0.0,1.113409080650417e-07,0.0
2025-07-14,0,low-volatility,0.9999974219406603,0.9999974219406603,0.0,2.5780592858730516e-06,0.0
2025-07-15,0,low-volatility,0.9999984046517276,0.9999984046517276,0.0,1.5953482644688443e-06,0.0
2025-07-16,0,low-volatility,0.9999999653101673,0.9999999653101673,0.0,3.468982523440616e-08,0.0
2025-07-17,0,low-volatility,0.99999993531924,0.99999993531924,0.0,6.468071301000853e-08,0.0
2025-07-18,0,low-volatility,0.9999998264788852,0.9999998264788852,0.0,1.7352112314938237e-07,0.0
2025-07-19,0,low-volatility,0.9999999034946587,0.9999999034946587,0.0,9.650533231581129e-08,0.0
2025-07-20,0,low-volatility,0.9999998712987773,0.9999998712987773,0.0,1.2870124404593525e-07,0.0
2025-07-21,0,low-volatility,0.9999999390836384,0.9999999390836384,0.0,6.091636737530527e-08,0.0
2025-07-22,0,low-volatility,0.9999999128730261,0.9999999128730261,0.0,8.712701761472731e-08,0.0
2025-07-23,0,low-volatility,0.9999991508335792,0.9999991508335792,0.0,8.491664112826816e-07,0.0
2025-07-24,0,low-volatility,0.999998535039076,0.999998535039076,0.0,1.4649609573385977e-06,0.0
2025-07-25,0,low-volatility,0.9999992746342417,0.9999992746342417,0.0,7.253657353913732e-07,0.0
2025-07-26,0,low-volatility,0.9999993559283467,0.9999993559283467,0.0,6.440716459591134e-07,0.0
2025-07-27,0,low-volatility,0.999999461913748,0.999999461913748,0.0,5.380862536142271e-07,0.0
2025-07-28,0,low-volatility,0.9999994115297026,0.9999994115297026,0.0,5.884703316640079e-07,0.0
2025-07-29,0,low-volatility,0.9999981705739992,0.9999981705739992,0.0,1.8294259489631706e-06,0.0
2025-07-30,0,low-volatility,0.999999388460838,0.999999388460838,0.0,6.115391662210476e-07,0.0
2025-07-31,0,low-volatility,0.9999998653668263,0.9999998653668263,0.0,1.3463315364947925e-07,0.0
2025-08-01,0,low-volatility,0.999998557499015,0.999998557499015,0.0,1.442501021067132e-06,0.0
2025-08-02,0,low-volatility,0.9999999137509159,0.9999999137509159,0.0,8.624906323208021e-08,0.0
2025-08-03,0,low-volatility,0.9999999317407197,0.9999999317407197,0.0,6.825925193309324e-08,0.0
2025-08-04,0,low-volatility,0.9999999408563571,0.9999999408563571,0.0,5.914361891375612e-08,0.0
2025-08-05,0,low-volatility,0.9999999672770633,0.9999999672770633,0.0,3.272288699486213e-08,0.0
2025-08-06,0,low-volatility,0.9999999733696544,0.9999999733696544,0.0,2.6630342395573142e-08,0.0
2025-08-07,0,low-volatility,0.9999998625004404,0.9999998625004404,0.0,1.3749955642604115e-07,0.0
2025-08-08,0,low-volatility,0.9999998813147001,0.9999998813147001,0.0,1.1868524940769865e-07,0.0
2025-08-09,0,low-volatility,0.9999999256220945,0.9999999256220945,0.0,7.437785234956172e-08,0.0
2025-08-10,0,low-volatility,0.9999999001070187,0.9999999001070187,0.0,9.989297501498557e-08,0.0
2025-08-11,0,low-volatility,0.9999998225248576,0.9999998225248576,0.0,1.7747514452974228e-07,0.0
2025-08-12,0,low-volatility,0.9999994005506301,0.9999994005506301,0.0,5.99449425356426e-07,0.0
2025-08-13,0,low-volatility,0.9999995658931572,0.9999995658931572,0.0,4.3410684130334996e-07,0.0
2025-08-14,0,low-volatility,0.9999996603719986,0.9999996603719986,0.0,3.3962797179320017e-07,0.0
2025-08-15,0,low-volatility,0.9999996697624146,0.9999996697624146,0.0,3.30237552363185e-07,0.0
2025-08-16,0,low-volatility,0.9999996593772392,0.9999996593772392,0.0,3.406227327090349e-07,0.0
2025-08-17,0,low-volatility,0.9999996768929644,0.9999996768929644,0.0,3.2310705932396137e-07,0.0
2025-08-18,0,low-volatility,0.9999998512526074,0.9999998512526074,0.0,1.4874734719558207e-07,0.0
2025-08-19,0,low-volatility,0.9999999215887132,0.9999999215887132,0.0,7.841127038421135e-08,0.0
2025-08-20,0,low-volatility,0.9999999145644588,0.9999999145644588,0.0,8.543559077938505e-08,0.0
2025-08-21,0,low-volatility,0.9999998809120214,0.9999998809120214,0.0,1.1908796713477188e-07,0.0
2025-08-22,0,low-volatility,0.9999990549643971,0.9999990549643971,0.0,9.450355637984999e-07,0.0
2025-08-23,0,low-volatility,0.9999996083527861,0.9999996083527861,0.0,3.9164725226091016e-07,0.0
2025-08-24,0,low-volatility,0.9999996291616758,0.9999996291616758,0.0,3.7083831182076986e-07,0.0
2025-08-25,0,low-volatility,0.9999995766621382,0.9999995766621382,0.0,4.233378583011663e-07,0.0
2025-08-26,0,low-volatility,0.9999988671811074,0.9999988671811074,0.0,1.1328189232156016e-06,0.0
2025-08-27,0,low-volatility,0.9999968125018409,0.9999968125018409,0.0,3.18749817826984e-06,0.0
2025-08-28,0,low-volatility,0.9999973691250763,0.9999973691250763,0.0,2.6308749195564603e-06,0.0
2025-08-29,0,low-volatility,0.9999981540485108,0.9999981540485108,0.0,1.8459514698435633e-06,0.0
2025-08-30,0,low-volatility,0.9999990936864392,0.9999990936864392,0.0,9.063135296590997e-07,0.0
2025-08-31,0,low-volatility,0.9999914666869081,0.9999914666869081,0.0,8.53331306981567e-06,0.0
2025-09-01,0,low-volatility,0.9999992798358655,0.9999992798358655,0.0,7.201641391974501e-07,0.0
2025-09-02,0,low-volatility,0.9999997533590508,0.9999997533590508,0.0,2.4664094031872633e-07,0.0
2025-09-03,0,low-volatility,0.9999978227570919,0.9999978227570919,0.0,2.1772428578788755e-06,0.0
2025-09-04,0,low-volatility,0.9999999594949721,0.9999999594949721,0.0,4.050506904839768e-08,0.0
2025-09-05,0,low-volatility,0.9999999865216296,0.9999999865216296,0.0,1.3478361746239424e-08,0.0
2025-09-06,0,low-volatility,0.9999999970946192,0.9999999970946192,0.0,2.9053351089153943e-09,0.0
2025-09-07,0,low-volatility,0.9999999972257001,0.9999999972257001,0.0,2.774346375375558e-09,0.0
2025-09-08,0,low-volatility,0.9999999970086719,0.9999999970086719,0.0,2.9913026288883753e-09,0.0
2025-09-09,0,low-volatility,0.9999999934769903,0.9999999934769903,0.0,6.523023003836239e-09,0.0
2025-09-10,0,low-volatility,0.9999999953904535,0.9999999953904535,0.0,4.609591141383679e-09,0.0
2025-09-11,0,low-volatility,0.9999999981373549,0.9999999981373549,0.0,1.8625886551701816e-09,0.0
2025-09-12,0,low-volatility,0.9999999963671371,0.9999999963671371,0.0,3.632839642470692e-09,0.0
2025-09-13,0,low-volatility,0.9999999979623908,0.9999999979623908,0.0,2.037613224121443e-09,0.0
2025-09-14,0,low-volatility,0.9999999986215471,0.9999999986215471,0.0,1.3784610148358054e-09,0.0
2025-09-15,0,low-volatility,0.9999999943097464,0.9999999943097464,0.0,5.690243909225261e-09,0.0
2025-09-16,0,low-volatility,0.9999999924881422,0.9999999924881422,0.0,7.511820251990724e-09,0.0
2025-09-17,0,low-volatility,0.9999999953766974,0.9999999953766974,0.0,4.623304986311193e-09,0.0
2025-09-18,0,low-volatility,0.9999999865848395,0.9999999865848395,0.0,1.3415129719665694e-08,0.0
2025-09-19,0,low-volatility,0.999999983103976,0.999999983103976,0.0,1.6895978352557517e-08,0.0
2025-09-20,0,low-volatility,0.9999999812896478,0.9999999812896478,0.0,1.8710349720892677e-08,0.0
2025-09-21,0,low-volatility,0.9999999831428569,0.9999999831428569,0.0,1.6857138610607438e-08,0.0
2025-09-22,0,low-volatility,0.9999999947859806,0.9999999947859806,0.0,5.214035951196572e-09,0.0
2025-09-23,0,low-volatility,0.9999999911594841,0.9999999911594841,0.0,8.840483013545091e-09,0.0
2025-09-24,0,low-volatility,0.9999999034053009,0.9999999034053009,0.0,9.659473181823605e-08,0.0
2025-09-25,0,low-volatility,0.9999998137174262,0.9999998137174262,0.0,1.8628256102823883e-07,0.0
2025-09-26,0,low-volatility,0.9999999014808103,0.9999999014808103,0.0,9.851915698645186e-08,0.0
2025-09-27,0,low-volatility,0.9999998644781364,0.9999998644781364,0.0,1.3552189124175807e-07,0.0
2025-09-28,0,low-volatility,0.9999998568560033,0.9999998568560033,0.0,1.431440412494187e-07,0.0
2025-09-29,0,low-volatility,0.9999998287625123,0.9999998287625123,0.0,1.712374460492048e-07,0.0
2025-09-30,0,low-volatility,0.9999996018610429,0.9999996018610429,0.0,3.9813891723296734e-07,0.0
2025-10-01,0,low-volatility,0.9999984382561395,0.9999984382561395,0.0,1.5617438290098572e-06,0.0
2025-10-02,0,low-volatility,0.9999981260571581,0.9999981260571581,0.0,1.8739428795907326e-06,0.0
2025-10-03,0,low-volatility,0.9999980313703014,0.9999980313703014,0.0,1.968629684977962e-06,0.0
2025-10-04,0,low-volatility,0.9999979812093812,0.9999979812093812,0.0,2.0187905840113716e-06,0.0
2025-10-05,0,low-volatility,0.9999976061494866,0.9999976061494866,0.0,2.393850562502522e-06,0.0
2025-10-06,0,low-volatility,0.9999972738254072,0.9999972738254072,0.0,2.726174630018012e-06,0.0
2025-10-07,0,low-volatility,0.9999996082895762,0.9999996082895762,0.0,3.9171047768270066e-07,0.0
2025-10-08,0,low-volatility,0.9999988545330064,0.9999988545330064,0.0,1.1454669984354933e-06,0.0
2025-10-09,0,low-volatility,0.9999996392053359,0.9999996392053359,0.0,3.607946658369134e-07,0.0
2025-10-10,0,low-volatility,1.0,1.0,0.0,3.400952898910988e-18,0.0
2025-10-11,0,low-volatility,1.0,1.0,0.0,6.503105463176817e-15,0.0
2025-10-12,0,low-volatility,0.9999999999836291,0.9999999999836291,0.0,1.637761454290031e-11,0.0
2025-10-13,2,high-volatility,0.38067582392838945,0.6193241760716233,0.0,0.38067582392838945,0.0
2025-10-14,2,high-volatility,0.48863627722862596,0.5113637227713308,0.0,0.48863627722862596,0.0
2025-10-15,2,high-volatility,0.8143903470145474,0.18560965298540977,0.0,0.8143903470145474,0.0
2025-10-16,2,high-volatility,0.9910136736244554,0.008986326375498099,0.0,0.9910136736244554,0.0
2025-10-17,2,high-volatility,0.9999717296943834,2.8270305609815844e-05,0.0,0.9999717296943834,0.0
2025-10-18,2,high-volatility,0.9999999249066632,7.509331719175863e-08,0.0,0.9999999249066632,0.0
2025-10-19,2,high-volatility,0.9999999902253194,9.774730644382076e-09,0.0,0.9999999902253194,0.0
2025-10-20,2,high-volatility,0.9999999999952252,4.731250201678837e-12,0.0,0.9999999999952252,0.0
2025-10-21,2,high-volatility,0.9999999999992042,8.08967477693185e-13,0.0,0.9999999999992042,0.0
2025-10-22,2,high-volatility,0.9999999999998863,1.4264005953831897e-13,0.0,0.9999999999998863,0.0
2025-10-23,2,high-volatility,0.9999999999998863,8.68031677803344e-14,0.0,0.9999999999998863,0.0
2025-10-24,2,high-volatility,1.0,3.1417699310474497e-15,0.0,1.0,0.0
2025-10-25,2,high-volatility,1.0,8.791375011247437e-15,0.0,1.0,0.0
2025-10-26,2,high-volatility,0.9999999999998863,1.5698122666205016e-13,0.0,0.9999999999998863,0.0
2025-10-27,2,high-volatility,0.9999999999893134,1.073865037199773e-11,0.0,0.9999999999893134,0.0
2025-10-28,2,high-volatility,0.9999992277314076,7.72268556432116e-07,0.0,0.9999992277314076,0.0
2025-10-29,2,high-volatility,0.976378638144486,0.02362136185555697,0.0,0.976378638144486,0.0
2025-10-30,0,low-volatility,0.7085104306161072,0.7085104306161072,0.0,0.291489569383941,0.0
2025-10-31,0,low-volatility,0.9844491705795565,0.9844491705795565,0.0,0.015550829420450458,0.0
2025-11-01,0,low-volatility,0.9997496144593933,0.9997496144593933,0.0,0.00025038554057727516,0.0
2025-11-02,0,low-volatility,0.9999982964692167,0.9999982964692167,0.0,1.7035307347962766e-06,0.0
2025-11-03,0,low-volatility,0.9999990830403588,0.9999990830403588,0.0,9.169596316394227e-07,0.0
2025-11-04,0,low-volatility,0.999998810731338,0.999998810731338,0.0,1.1892686430393083e-06,0.0
2025-11-05,0,low-volatility,0.9999982693198232,0.9999982693198232,0.0,1.7306801239306978e-06,0.0
2025-11-06,0,low-volatility,0.9999974947663308,0.9999974947663308,0.0,2.5052336849274553e-06,0.0
2025-11-07,0,low-volatility,0.9999990917584259,0.9999990917584259,0.0,9.082415578856996e-07,0.0
2025-11-08,0,low-volatility,0.9999987623720854,0.9999987623720854,0.0,1.2376279103272525e-06,0.0
2025-11-09,0,low-volatility,0.9999996329657498,0.9999996329657498,0.0,3.670342177245886e-07,0.0
2025-11-10,0,low-volatility,0.9999984091288219,0.9999984091288219,0.0,1.5908711288813354e-06,0.0
2025-11-11,0,low-volatility,0.9999986128477147,0.9999986128477147,0.0,1.3871523091546722e-06,0.0
2025-11-12,0,low-volatility,0.9999993760029284,0.9999993760029284,0.0,6.23997104049869e-07,0.0
2025-11-13,0,low-volatility,0.9999968932830198,0.9999968932830198,0.0,3.1067170071650065e-06,0.0
2025-11-14,0,low-volatility,0.9999999440868821,0.9999999440868821,0.0,5.591312004536062e-08,0.0
2025-11-15,0,low-volatility,0.9999999648600812,0.9999999648600812,0.0,3.5139959693565016e-08,0.0
2025-11-16,0,low-volatility,0.9999999814410787,0.9999999814410787,0.0,1.855887241351691e-08,0.0
2025-11-17,0,low-volatility,0.9999997694744972,0.9999997694744972,0.0,2.3052549036852258e-07,0.0
2025-11-18,0,low-volatility,0.9999999566073265,0.9999999566073265,0.0,4.339263531922829e-08,0.0
2025-11-19,0,low-volatility,0.9999998840519378,0.9999998840519378,0.0,1.1594801730890881e-07,0.0
2025-11-20,0,low-volatility,0.9999999127811672,0.9999999127811672,0.0,8.721880273803887e-08,0.0
2025-11-21,0,low-volatility,0.9999998755372494,0.9999998755372494,0.0,1.244627584465458e-07,0.0
2025-11-22,0,low-volatility,0.9999998904086229,0.9999998904086229,0.0,1.0959133343928902e-07,0.0
2025-11-23,0,low-volatility,0.9999999099050042,0.9999999099050042,0.0,9.009494845423376e-08,0.0
2025-11-24,0,low-volatility,0.9999999117259261,0.9999999117259261,0.0,8.827402945801008e-08,0.0
2025-11-25,0,low-volatility,0.9999999533586117,0.9999999533586117,0.0,4.6641387314391745e-08,0.0
2025-11-26,0,low-volatility,0.9999999949016001,0.9999999949016001,0.0,5.098349259472907e-09,0.0
2025-11-27,0,low-volatility,0.9999992423800591,0.9999992423800591,0.0,7.576199123440432e-07,0.0
2025-11-28,0,low-volatility,0.9999678166801056,0.9999678166801056,0.0,3.218331994594637e-05,0.0
2025-11-29,0,low-volatility,0.9999908753316256,0.9999908753316256,0.0,9.124668340277197e-06,0.0
2025-11-30,0,low-volatility,0.9999957602890454,0.9999957602890454,0.0,4.239710904456533e-06,0.0
2025-12-01,0,low-volatility,0.9999962621120004,0.9999962621120004,0.0,3.7378879907523017e-06,0.0
2025-12-02,0,low-volatility,0.999999088710712,0.999999088710712,0.0,9.11289322750683e-07,0.0
2025-12-03,0,low-volatility,0.9999998172419449,0.9999998172419449,0.0,1.8275807108215597e-07,0.0
2025-12-04,0,low-volatility,0.9999998709129242,0.9999998709129242,0.0,1.2908702874264958e-07,0.0
2025-12-05,0,low-volatility,0.9999999102531132,0.9999999102531132,0.0,8.974691314691804e-08,0.0
2025-12-06,0,low-volatility,0.9999999080212134,0.9999999080212134,0.0,9.197873069171347e-08,0.0
2025-12-07,0,low-volatility,0.9999999643076769,0.9999999643076769,0.0,3.569228305155472e-08,0.0
2025-12-08,0,low-volatility,0.999999968643579,0.999999968643579,0.0,3.1356477161481474e-08,0.0
2025-12-09,0,low-volatility,0.9999999373923194,0.9999999373923194,0.0,6.260769404576599e-08,0.0
2025-12-10,0,low-volatility,0.9999999093273614,0.9999999093273614,0.0,9.067261627288264e-08,0.0
2025-12-11,0,low-volatility,0.9999995073288878,0.9999995073288878,0.0,4.926711040935593e-07,0.0
2025-12-12,0,low-volatility,0.9999976239359774,0.9999976239359774,0.0,2.3760640540132347e-06,0.0
2025-12-13,0,low-volatility,0.9999994908732946,0.9999994908732946,0.0,5.091267378272588e-07,0.0
2025-12-14,0,low-volatility,0.9999994399520779,0.9999994399520779,0.0,5.600479640680369e-07,0.0
2025-12-15,0,low-volatility,0.9999991099805906,0.9999991099805906,0.0,8.900193709589252e-07,0.0
2025-12-16,0,low-volatility,0.9999986127613129,0.9999986127613129,0.0,1.3872386339866544e-06,0.0
2025-12-17,0,low-volatility,0.9999989982418825,0.9999989982418825,0.0,1.0017580969157988e-06,0.0
2025-12-18,0,low-volatility,0.9999997641685063,0.9999997641685063,0.0,2.3583144989514066e-07,0.0
2025-12-19,0,low-volatility,0.9999997653500534,0.9999997653500534,0.0,2.3464993763383132e-07,0.0
2025-12-20,0,low-volatility,0.9999997683078432,0.9999997683078432,0.0,2.3169211572184733e-07,0.0
2025-12-21,0,low-volatility,0.9999998146069119,0.9999998146069119,0.0,1.8539311238359775e-07,0.0
2025-12-22,0,low-volatility,0.9999997943954424,0.9999997943954424,0.0,2.0560458304432615e-07,0.0
2025-12-23,0,low-volatility,0.9999997471309463,0.9999997471309463,0.0,2.5286902008807904e-07,0.0
2025-12-24,0,low-volatility,0.9999997495106386,0.9999997495106386,0.0,2.5048934167021403e-07,0.0
2025-12-25,0,low-volatility,0.9999937284165967,0.9999937284165967,0.0,6.271583433693898e-06,0.0
2025-12-26,0,low-volatility,0.9999969596569434,0.9999969596569434,0.0,3.0403430867824418e-06,0.0
2025-12-27,0,low-volatility,0.9999991222963885,0.9999991222963885,0.0,8.777036272590354e-07,0.0
2025-12-28,0,low-volatility,0.9999993733443634,0.9999993733443634,0.0,6.266555799009869e-07,0.0
2025-12-29,0,low-volatility,0.9999989749880593,0.9999989749880593,0.0,1.0250119848230882e-06,0.0
2025-12-30,0,low-volatility,0.9999998539195865,0.9999998539195865,0.0,1.4608038139513018e-07,0.0
2025-12-31,0,low-volatility,0.9999994732011397,0.9999994732011397,0.0,5.267988735448767e-07,0.0
2026-01-01,0,low-volatility,0.999999672126759,0.999999672126759,0.0,3.2787325272455307e-07,0.0
2026-01-02,0,low-volatility,0.9999995812436022,0.9999995812436022,0.0,4.1875635504266106e-07,0.0
2026-01-03,0,low-volatility,0.9999994096361358,0.9999994096361358,0.0,5.90363854177677e-07,0.0
2026-01-04,0,low-volatility,0.9999985743266893,0.9999985743266893,0.0,1.4256733003971493e-06,0.0
2026-01-05,0,low-volatility,0.9999980279285529,0.9999980279285529,0.0,1.9720713986029095e-06,0.0
2026-01-06,0,low-volatility,0.9999976974795932,0.9999976974795932,0.0,2.302520444634779e-06,0.0
2026-01-07,0,low-volatility,0.9999981977765953,0.9999981977765953,0.0,1.8022234056635948e-06,0.0
2026-01-08,0,low-volatility,0.999999030551309,0.999999030551309,0.0,9.694487059501691e-07,0.0
2026-01-09,0,low-volatility,0.9999992053400066,0.9999992053400066,0.0,7.946599728243092e-07,0.0
2026-01-10,0,low-volatility,0.999999271478752,0.999999271478752,0.0,7.2852129127344e-07,0.0
2026-01-11,0,low-volatility,0.9999991737179247,0.9999991737179247,0.0,8.262821258825977e-07,0.0
2026-01-12,0,low-volatility,0.9999992426379006,0.9999992426379006,0.0,7.573620635771311e-07,0.0
2026-01-13,0,low-volatility,0.9999988393075142,0.9999988393075142,0.0,1.1606924387316817e-06,0.0
2026-01-14,0,low-volatility,0.9999999459022334,0.9999999459022334,0.0,5.409771991774058e-08,0.0
2026-01-15,0,low-volatility,0.99999992677738,0.99999992677738,0.0,7.322267582265556e-08,0.0
2026-01-16,0,low-volatility,0.9999999670668563,0.9999999670668563,0.0,3.29331658228712e-08,0.0
2026-01-17,0,low-volatility,0.9999999603484192,0.9999999603484192,0.0,3.9651550031867397e-08,0.0
2026-01-18,0,low-volatility,0.9999999651261083,0.9999999651261083,0.0,3.487393026571238e-08,0.0
2026-01-19,0,low-volatility,0.9999999495998976,0.9999999495998976,0.0,5.040015657221622e-08,0.0
2026-01-20,0,low-volatility,0.9999999797820467,0.9999999797820467,0.0,2.0217931859150386e-08,0.0
2026-01-21,0,low-volatility,0.9999999630916825,0.9999999630916825,0.0,3.69082660759209e-08,0.0
2026-01-22,0,low-volatility,0.9999999546840864,0.9999999546840864,0.0,4.531588945269629e-08,0.0
2026-01-23,0,low-volatility,0.999999886425605,0.999999886425605,0.0,1.1357438816418157e-07,0.0
2026-01-24,0,low-volatility,0.9999997782804503,0.9999997782804503,0.0,2.217195189966729e-07,0.0
2026-01-25,0,low-volatility,0.9999999525746273,0.9999999525746273,0.0,4.74253746150311e-08,0.0
2026-01-26,0,low-volatility,0.9999999750341434,0.9999999750341434,0.0,2.496583865743602e-08,0.0
2026-01-27,0,low-volatility,0.9999999697114395,0.9999999697114395,0.0,3.028856727977293e-08,0.0
2026-01-28,0,low-volatility,0.9999999818934385,0.9999999818934385,0.0,1.8106527724803187e-08,0.0
2026-01-29,0,low-volatility,0.9999999801350443,0.9999999801350443,0.0,1.9864999422010647e-08,0.0
2026-01-30,0,low-volatility,0.9999999580620633,0.9999999580620633,0.0,4.1937973767516534e-08,0.0
2026-01-31,0,low-volatility,0.9999999330600553,0.9999999330600553,0.0,6.693999680034054e-08,0.0
2026-02-01,0,low-volatility,0.9999975885979864,0.9999975885979864,0.0,2.411402019457763e-06,0.0
