date,state,regime,confidence,prob_sideways,prob_bull,prob_bear,prob_high-volatility,prob_low-volatility
2025-03-02,4,low-volatility,1.0,0.0,0.0,0.0,0.0,1.0
2025-03-03,4,low-volatility,1.0,1.95469038505516e-21,4.94439543907023e-66,2.0841422499218343e-138,2.4264955279554644e-42,1.0
2025-03-04,4,low-volatility,1.0,2.0034808133740648e-24,1.0123734025938921e-46,4.308758070563041e-132,1.075796339683291e-38,1.0
2025-03-05,4,low-volatility,1.0,3.3186422831641834e-20,2.544239211441091e-55,1.0210112779266203e-141,4.802024595525064e-45,1.0
2025-03-06,4,low-volatility,1.0,8.635270285195127e-24,3.643852782910925e-46,2.5035190602082026e-133,2.2008274707413442e-39,1.0
2025-03-07,4,low-volatility,1.0,3.255752963066625e-21,8.311811472960161e-53,7.692812476083067e-136,1.0998635503803753e-42,1.0
2025-03-08,4,low-volatility,1.0,1.6300775983056872e-21,7.967226086194444e-50,1.6038781913548903e-135,3.1803648219895404e-42,1.0
2025-03-09,4,low-volatility,1.0,1.197427095277771e-21,5.950561441892066e-50,1.292316676355787e-137,4.97920282699973e-42,1.0
2025-03-10,4,low-volatility,1.0,6.4629156832280786e-24,1.794441195639038e-47,1.4367123046996795e-133,3.0308213030534155e-39,1.0
2025-03-11,4,low-volatility,1.0,1.6614653512145832e-21,1.5424764154372519e-52,1.497694114568883e-134,3.092022691226279e-42,1.0
2025-03-12,4,low-volatility,1.0,1.1475300351895717e-20,2.3655069475219192e-51,2.9336171244909155e-138,1.1421289667063267e-43,1.0
2025-03-13,4,low-volatility,1.0,9.706861614437948e-23,8.636830685800474e-48,5.766308854981343e-133,1.3357202560083947e-40,1.0
2025-03-14,4,low-volatility,1.0,2.7879504364580054e-20,2.231614802752289e-53,9.292841990730168e-139,1.0989010339505631e-44,1.0
2025-03-15,4,low-volatility,1.0,1.4383652369297812e-21,8.032471884055155e-49,1.9860380525666924e-135,3.820793333885545e-42,1.0
2025-03-16,4,low-volatility,1.0,1.2550781143445777e-21,4.942841037158825e-50,9.012956639742171e-135,4.654267633050714e-42,1.0
2025-03-17,4,low-volatility,1.0,4.7809008697911896e-21,6.996828509247617e-51,1.7375040735355456e-136,5.838086100092514e-43,1.0
2025-03-18,4,low-volatility,1.0,7.349106320106003e-22,3.234557896168041e-49,6.32905854985796e-135,9.872381880031609e-42,1.0
2025-03-19,4,low-volatility,1.0,1.7898081631179515e-21,1.5903191566635966e-50,5.228214378011046e-136,2.7687189627841413e-42,1.0
2025-03-20,4,low-volatility,1.0,4.438476603096121e-22,2.251134457775129e-49,1.4054075345890102e-136,1.9487802467191126e-41,1.0
2025-03-21,4,low-volatility,1.0,2.3633380454803764e-23,1.0217395898546025e-48,2.2326884432482536e-113,2.2784122263268805e-55,1.0
2025-03-22,2,bear,0.9999999990704964,9.293971411192194e-10,2.415639676069793e-25,0.9999999990704964,5.352373158135574e-57,2.6547335465107077e-14
2025-03-23,2,bear,0.9999992716975991,4.384696848160731e-07,2.8983263032092877e-07,0.9999992716975991,1.9713546123294515e-75,5.716252034190275e-23
2025-03-24,2,bear,0.9961094184526816,0.0038903120281613,2.695190927583632e-07,0.9961094184526816,1.2125739178156431e-59,5.28155511876973e-20
2025-03-25,0,sideways,0.9999999788692551,0.9999999788692551,2.1123659129269577e-08,3.5689246335069055e-14,1.812116547109355e-39,7.1193743368116555e-12
2025-03-26,0,sideways,0.9999999917479272,0.9999999917479272,1.6321247528819814e-10,4.848121570022103e-20,3.406215565237525e-35,8.08877052944138e-09
2025-03-27,0,sideways,0.9999999971028046,0.9999999971028046,5.7436171988746445e-11,9.490927508571778e-21,4.787749742033867e-34,2.839808515552573e-09
2025-03-28,0,sideways,0.9999961405662259,0.9999961405662259,1.8149394526104032e-06,4.7569087049766353e-29,9.034642351246675e-35,2.0444942985118454e-06
2025-03-29,0,sideways,0.9999999447725274,0.9999999447725274,2.228852205614404e-08,1.8330340745465638e-29,1.8891132334718602e-35,3.293901015098392e-08
2025-03-30,0,sideways,0.9999998874236616,0.9999998874236616,1.549292904632835e-09,5.496702128321037e-33,8.47307564614921e-34,1.1102696990627656e-07
2025-03-31,0,sideways,0.9999998837445286,0.9999998837445286,4.521627360211915e-09,1.713386687480675e-28,6.720957983473679e-32,1.1173395597423598e-07
2025-04-01,0,sideways,0.9999993417184108,0.9999993417184108,2.2969851065993702e-09,1.2198419062766628e-39,4.457583375387563e-66,6.559845294308356e-07
2025-04-02,0,sideways,0.999999394031376,0.999999394031376,6.059685868902677e-07,7.629040719332893e-55,3.140579825628586e-99,5.6788762626352625e-18
2025-04-03,1,bull,0.9999999999956799,4.226377145820675e-12,0.9999999999956799,9.209993319704815e-43,5.5433041393299175e-59,9.254023874621769e-27
2025-04-04,1,bull,1.0,5.169698233675597e-16,1.0,3.205049304257245e-116,6.179931682374216e-283,2.6710897852306596e-43
2025-04-05,1,bull,0.9999999999470219,5.298696044762161e-11,0.9999999999470219,1.939592193787339e-77,2.7272396494034578e-216,6.0707192880015095e-30
2025-04-06,1,bull,0.9999999998335625,1.663837703513288e-10,0.9999999998335625,1.5328419333925327e-79,4.0218765219885404e-202,6.880481137159196e-30
2025-04-07,1,bull,0.9999999997796749,2.2038076535285332e-10,0.9999999997796749,5.774053579560109e-79,2.3254199794228156e-225,2.544580282752442e-30
2025-04-08,1,bull,0.9999999999160991,8.400383459379046e-11,0.9999999999160991,4.117824293069692e-79,1.52464763502424e-212,9.971099952999301e-56
2025-04-09,1,bull,1.0,1.612415175601414e-59,1.0,9.211479196717455e-56,0.0,9.004414962405048e-39
2025-04-10,1,bull,0.9984114650601554,2.313121757702364e-82,0.9984114650601554,0.001588534939879658,6.44106473949439e-239,1.1480737928808312e-23
2025-04-11,2,bear,0.9988553470188397,6.987160409947012e-97,0.0011446529811861472,0.9988553470188397,6.488795547106655e-236,3.8929849463864046e-27
2025-04-12,2,bear,0.9999999362169112,1.12267719902404e-110,6.378306106766372e-08,0.9999999362169112,1.938382787627815e-235,3.645821062429346e-32
2025-04-13,2,bear,0.9999999944163847,2.0879046755714698e-113,5.583629772516687e-09,0.9999999944163847,4.670820224761527e-238,8.162007036005647e-36
2025-04-14,2,bear,0.9999999990275228,5.911596760195165e-124,9.72578465250022e-10,0.9999999990275228,7.91678575396497e-246,1.2407121054399448e-38
2025-04-15,2,bear,0.9999999998324256,3.996499241366749e-123,1.6746788452193686e-10,0.9999999998324256,8.493030087232297e-247,1.0863795558495445e-37
2025-04-16,2,bear,0.999999264843652,3.6916163093069398e-118,7.351564192659568e-07,0.999999264843652,9.363923682256881e-241,1.0701618457461868e-34
2025-04-17,2,bear,0.9999999986794137,3.4483932958745254e-129,1.3206305077627267e-09,0.9999999986794137,1.9729431776370558e-225,6.278178871185617e-36
2025-04-18,2,bear,0.9999999938922883,1.0703627836718454e-121,6.107663531193547e-09,0.9999999938922883,1.3827248836306837e-223,2.8530449749821447e-36
2025-04-19,2,bear,0.9999999748222311,4.6935315848396026e-119,2.5177727922078688e-08,0.9999999748222311,6.790572378862242e-241,1.80773733394646e-36
2025-04-20,2,bear,0.9999999664585181,2.8651844955711054e-117,3.354155759146238e-08,0.9999999664585181,2.8345555870701117e-256,1.3357207472515816e-49
2025-04-21,2,bear,0.9997775143902939,8.375371924006846e-103,0.0002224856096522863,0.9997775143902939,5.072620656501509e-273,1.3048179157381525e-52
2025-04-22,1,bull,0.9915607125384469,2.2193803793732405e-94,0.9915607125384469,0.0084392874614767,4.098841400723058e-288,3.048702657053623e-48
2025-04-23,1,bull,0.9999999223482549,2.695116753227101e-77,0.9999999223482549,7.765169981558097e-08,5.024501493740021e-188,1.0752013561736804e-42
2025-04-24,1,bull,0.9999999989822754,6.57497327535456e-57,0.9999999989822754,1.0176217325407966e-09,2.930346102046465e-189,8.303934867772095e-45
2025-04-25,1,bull,0.9999999999993179,2.3655609482994907e-53,0.9999999999993179,7.017470813500916e-13,1.1065569307906396e-180,1.1496337470983319e-40
2025-04-26,1,bull,1.0,2.18153802933628e-48,1.0,3.407991894257794e-14,1.1022419210334148e-184,5.7081149834313975e-40
2025-04-27,1,bull,1.0,6.219649515339687e-45,1.0,7.33011493673207e-15,2.8849728592383405e-160,3.09447725532216e-50
2025-04-28,1,bull,1.0,2.2452449333859535e-45,1.0,1.8208406304475306e-38,2.5811493314655974e-135,8.842247046583781e-28
2025-04-29,4,low-volatility,0.9999999999561169,1.8965114627583045e-17,4.3872424811599415e-11,2.964270145469631e-49,4.3504692955180466e-40,0.9999999999561169
2025-04-30,3,high-volatility,0.9999976060277284,9.605481005260094e-29,3.7231097308358463e-28,1.0693737222487432e-56,0.9999976060277284,2.3939723140333744e-06
2025-05-01,3,high-volatility,0.9999999998256044,3.525355334293485e-41,7.346344215361037e-47,1.7475605481483168e-68,0.9999999998256044,1.7434885462521637e-10
2025-05-02,3,high-volatility,0.9999999588619639,1.7058418856233736e-47,6.8662623403394925e-65,4.127030136667386e-79,0.9999999588619639,4.1137929419386395e-08
2025-05-03,3,high-volatility,0.9999995765000209,8.691767675672404e-50,2.752469035727408e-75,2.5967989630990369e-79,0.9999995765000209,4.234999839698801e-07
2025-05-04,3,high-volatility,0.9999999795666101,7.224000596083905e-49,3.7831234872197895e-74,2.0915079445733743e-77,0.9999999795666101,2.0433436015718564e-08
2025-05-05,3,high-volatility,0.9998743716696349,2.5515600976353962e-46,9.173818504467467e-73,1.3662829246789202e-78,0.9998743716696349,0.00012562833033717794
2025-05-06,4,low-volatility,1.0,9.39293398816358e-34,7.180247830235857e-78,6.229998480654095e-106,1.5460988347311192e-65,1.0
2025-05-07,4,low-volatility,1.0,2.390165586751451e-29,8.972970548766203e-76,8.103848260699666e-112,1.4222164559802322e-84,1.0
2025-05-08,4,low-volatility,1.0,3.2358562765818333e-29,9.591526776451924e-72,1.4736972855223019e-112,2.885631254358941e-91,1.0
2025-05-09,4,low-volatility,1.0,5.009267099917583e-28,1.2196645755863128e-67,8.831514067876516e-103,1.0843980913213224e-83,1.0
2025-05-10,4,low-volatility,1.0,2.8503086973825766e-26,1.3663561787973096e-63,7.788481418955992e-87,8.379414152430016e-69,1.0
2025-05-11,4,low-volatility,1.0,3.62199449440903e-17,5.9103294934962525e-62,5.296853786330323e-117,3.7078924690712707e-184,1.0
2025-05-12,4,low-volatility,1.0,1.6596273445148404e-27,3.691871844859729e-34,1.288386563985335e-15,1.9349812296314618e-144,1.0
2025-05-13,4,low-volatility,0.9999999993785877,1.9891484774041207e-30,1.2811837398249957e-15,6.214427032028829e-10,8.908092798140026e-44,0.9999999993785877
2025-05-14,2,bear,0.9348822995977277,7.388790642611613e-26,4.367063847543524e-16,0.9348822995977277,1.716864043477633e-59,0.06511770040236649
2025-05-15,2,bear,0.9999192218655559,3.7846895802743266e-24,1.3628106055526888e-07,0.9999192218655559,3.710353823569599e-73,8.064185338388693e-05
2025-05-16,2,bear,0.9999987286650035,1.1359571707116769e-20,2.909398269968763e-07,0.9999987286650035,1.9527028166173483e-73,9.803950751814425e-07
2025-05-17,2,bear,0.9999924967764405,1.382113305754445e-15,7.489702510534626e-06,0.9999924967764405,4.0246337884558444e-76,1.3521054679118727e-08
2025-05-18,2,bear,0.9993649594369026,4.237796118121845e-10,0.000635027285470243,0.9993649594369026,9.45978470141554e-82,1.2853937502172681e-08
2025-05-19,2,bear,0.9961966259441996,1.318529334554906e-11,0.003803364898558584,0.9961966259441996,1.2947568235057974e-89,9.144006007893652e-09
2025-05-20,2,bear,0.9979122752383913,2.512980137968873e-12,0.0020877048772632548,0.9979122752383913,7.285941762719447e-97,1.988179223495684e-08
2025-05-21,2,bear,0.9960614529756135,1.1444768563046826e-15,0.003938547023945577,0.9960614529756135,2.631210292554768e-100,4.3387986963038976e-13
2025-05-22,2,bear,0.9994409667438006,9.624910507975142e-18,0.0005590332562206613,0.9994409667438006,1.3130951001752759e-112,2.7690417056887828e-14
2025-05-23,2,bear,0.9998635768395974,8.4101294366699e-19,0.00013642316045548678,0.9998635768395974,5.001254246996545e-117,8.290890077481736e-17
2025-05-24,2,bear,0.9999574625240044,8.568489676356974e-20,4.2537476010231086e-05,0.9999574625240044,1.1279613780968664e-121,1.5214395899692421e-18
2025-05-25,2,bear,0.9999729271218672,1.4895342256791522e-18,2.7072878063683402e-05,0.9999729271218672,3.912870753257285e-126,1.0213073410840098e-19
2025-05-26,2,bear,0.9981376273559192,9.03805230977998e-15,0.0018623726441847055,0.9981376273559192,5.707032272461718e-119,1.5965807250247116e-24
2025-05-27,1,bull,0.9999745262034598,4.1945609021942883e-20,0.9999745262034598,2.547379664030327e-05,2.7544765522980364e-123,2.6978099534471223e-16
2025-05-28,1,bull,0.9999993830278611,1.690077406651289e-18,0.9999993830278611,6.169720904790652e-07,3.338355582851443e-114,1.290909407026421e-16
2025-05-29,1,bull,0.9999991294302314,2.5165267692545818e-18,0.9999991294302314,8.705696783835608e-07,1.3274664274677882e-122,1.9306195360525153e-17
2025-05-30,1,bull,0.9999995596245813,2.954512902380077e-17,0.9999995596245813,4.403753352308418e-07,3.443334217814722e-123,3.472225662442561e-23
2025-05-31,1,bull,0.9999999999445208,7.937914283977003e-16,0.9999999999445208,5.548044484078531e-11,4.3214380425579464e-107,3.85885122295845e-18
2025-06-01,1,bull,0.9999812632827363,2.0855491332262345e-06,0.9999812632827363,1.5372571166659445e-05,6.465492105059806e-119,1.2785970582731303e-06
2025-06-02,2,bear,0.9967337608996458,5.791641364116828e-10,0.003266238520652208,0.9967337608996458,9.741563737203465e-101,6.149405657740745e-13
2025-06-03,2,bear,0.9999987601498516,9.462844116857032e-12,1.2398407596761022e-06,0.9999987601498516,8.924003281170762e-119,1.9330250466990897e-18
2025-06-04,2,bear,0.9999999637016124,8.382639103581525e-13,3.6297459842672e-08,0.9999999637016124,5.164837319227697e-131,2.4960002768012546e-24
2025-06-05,2,bear,0.9999999988303898,4.509217811954941e-14,1.1695696977272667e-09,0.9999999988303898,1.960716366685934e-139,3.911870909488866e-29
2025-06-06,2,bear,0.9999947311271279,1.7610501362388874e-13,5.268872767521036e-06,0.9999947311271279,5.757613198110999e-123,1.050623411476396e-23
2025-06-07,2,bear,0.9999986796967354,4.497603391636584e-13,1.3203027667946486e-06,0.9999986796967354,3.1321015253229863e-118,7.670455084920634e-20
2025-06-08,2,bear,0.9999996414424647,3.901379581222331e-13,3.585571261590679e-07,0.9999996414424647,5.679117392687682e-113,2.7503345578391518e-21
2025-06-09,2,bear,0.9999980479293252,2.2358240595313472e-13,1.9520704853841954e-06,0.9999980479293252,3.244313177560233e-110,1.139381233977871e-20
2025-06-10,2,bear,0.9999993992298172,6.223743931580849e-14,6.007701796858813e-07,0.9999993992298172,3.365933364156147e-135,1.5709200272323484e-24
2025-06-11,2,bear,0.9999998165099155,1.9112132126526856e-14,1.834901337196273e-07,0.9999998165099155,7.445267946365387e-144,2.798738342039744e-26
2025-06-12,2,bear,0.9999999844346804,6.049847569825501e-15,1.556522812263072e-08,0.9999999844346804,3.5427908076129616e-148,1.9385844370033944e-28
2025-06-13,2,bear,0.9999999998167368,2.735183342776732e-15,1.831813220631909e-10,0.9999999998167368,8.301678140726405e-152,1.2774706151996477e-30
2025-06-14,2,bear,0.9999999999106421,1.5371428546566827e-15,8.927770608007618e-11,0.9999999999106421,5.746407375852119e-157,9.858341514745081e-33
2025-06-15,2,bear,0.9999993726594005,2.945080160353516e-09,6.243954564973232e-07,0.9999993726594005,4.849491811576142e-128,1.3783187731210508e-35
2025-06-16,0,sideways,0.9999999905287495,0.9999999905287495,3.4048896612788775e-17,2.1808277131545176e-44,3.279191176155528e-95,9.471175306962821e-09
2025-06-17,0,sideways,0.9999999623064475,0.9999999623064475,2.3001830875616162e-17,1.0331952011612112e-30,7.657995065045556e-46,3.769364096867665e-08
2025-06-18,0,sideways,0.9999999641433994,0.9999999641433994,2.3901123929218632e-14,2.753844920804868e-23,4.9650004957056116e-33,3.58566493181026e-08
2025-06-19,0,sideways,0.9999999921024028,0.9999999921024028,1.4263761394742862e-13,1.3156408641775484e-20,2.5208766541315294e-32,7.897440063954917e-09
2025-06-20,0,sideways,0.999999988006266,0.999999988006266,1.4471942789202092e-14,2.206568638616149e-25,9.987322050270089e-36,1.1993797358247021e-08
2025-06-21,0,sideways,0.9999999947744982,0.9999999947744982,1.908920882321528e-15,6.358509184089171e-27,8.55627119915816e-37,5.225492732668068e-09
2025-06-22,0,sideways,0.9999999960084551,0.9999999960084551,1.652920087249793e-15,1.3716906606798504e-26,5.023063437969426e-38,3.991546991685364e-09
2025-06-23,0,sideways,0.9999999929498244,0.9999999929498244,4.9486866251158704e-15,6.530604020801398e-26,1.7077945470447686e-33,7.050231875339256e-09
2025-06-24,0,sideways,0.9999999245451392,0.9999999245451392,1.0780547462873314e-13,2.8616522185785844e-25,2.8330872906656976e-25,7.545485906947671e-08
2025-06-25,0,sideways,0.9999934009946995,0.9999934009946995,1.5357873882251752e-13,2.1495024898798685e-31,2.3689894939443658e-25,6.599005141239893e-06
2025-06-26,0,sideways,0.9998982701047618,0.9998982701047618,1.1061193782209335e-10,4.758139638644806e-30,6.281792067867626e-54,0.00010172978472846216
2025-06-27,0,sideways,0.9999999649221543,0.9999999649221543,1.800920805015326e-08,5.9170177879197095e-50,7.903731486044206e-232,1.7068653231549996e-08
2025-06-28,0,sideways,0.9999975673101775,0.9999975673101775,2.165809979718555e-06,8.227154474122046e-26,1.0367509453746668e-114,2.668798146415874e-07
2025-06-29,0,sideways,0.9999987533304687,0.9999987533304687,1.0180465166601864e-06,1.0834452518512647e-26,2.668868262526452e-126,2.2862310667166442e-07
2025-06-30,0,sideways,0.9999985075892023,0.9999985075892023,1.285733157831532e-06,5.801530099419985e-27,2.540793955385262e-129,2.0667764766856653e-07
2025-07-01,0,sideways,0.9999750766637581,0.9999750766637581,2.473874363318377e-05,1.9783754675539717e-38,1.0577444193592317e-107,1.8459253817474621e-07
2025-07-02,0,sideways,0.999998609552961,0.999998609552961,1.7270744245736952e-07,9.851711574267678e-35,4.2537060637330525e-94,1.2177394963130144e-06
2025-07-03,0,sideways,0.9999981842880175,0.9999981842880175,1.3551398704018442e-07,4.901234011662282e-36,8.684240648246712e-87,1.6801979380583576e-06
2025-07-04,0,sideways,0.9999983607158149,0.9999983607158149,2.9255782619526176e-07,2.180541974827628e-34,3.494789192923904e-82,1.3467263056517107e-06
2025-07-05,0,sideways,0.9999990202320784,0.9999990202320784,1.8482123424263072e-07,2.979835815648957e-37,8.012666880020254e-91,7.949465956977497e-07
2025-07-06,0,sideways,0.9999998034998236,0.9999998034998236,3.184876904822013e-08,2.1066296639594873e-44,2.137576612623469e-118,1.6465147596807159e-07
2025-07-07,0,sideways,0.9999999279345982,0.9999999279345982,4.665118175440508e-08,1.7269841210790707e-56,2.2570206211449447e-137,2.5414297617192953e-08
2025-07-08,0,sideways,0.9999981634442558,0.9999981634442558,4.209471757489096e-08,1.8924337198408524e-42,2.3976795798059127e-107,1.7944609667359357e-06
2025-07-09,0,sideways,0.9999988834458103,0.9999988834458103,1.1143107553843494e-07,4.954344241882523e-39,1.0249300178675922e-92,1.0051231558438034e-06
2025-07-10,0,sideways,0.999999372492281,0.999999372492281,2.6800420649548863e-08,2.901558128323645e-43,5.2897881770123495e-96,6.007074100037919e-07
2025-07-11,0,sideways,0.9999997677328153,0.9999997677328153,5.8849112393469296e-09,2.9027759990602813e-46,2.7166283157884122e-107,2.2638234311060794e-07
2025-07-12,0,sideways,0.9999998286136962,0.9999998286136962,3.141026972619285e-09,2.2321326622374965e-47,1.1590682626056372e-111,1.6824521850384106e-07
2025-07-13,0,sideways,0.9999998970158739,0.9999998970158739,3.8213235247275615e-09,7.493368087789787e-47,2.0636570652769205e-113,9.916285120901246e-08
2025-07-14,0,sideways,0.9999999093781794,0.9999999093781794,8.688849396147998e-09,1.2908044835011763e-44,3.086559935688977e-113,8.193286881053828e-08
2025-07-15,0,sideways,0.9999998752550787,0.9999998752550787,4.6350722884071415e-08,2.471669644706319e-40,2.4485581548764127e-106,7.839419514394001e-08
2025-07-16,0,sideways,0.9999998411144715,0.9999998411144715,1.5256818378077578e-07,1.912613659160424e-12,9.261562363268525e-30,6.315328121846161e-09
2025-07-17,0,sideways,0.9999951822237657,0.9999951822237657,1.0030914751510418e-07,5.938078183661002e-37,1.499411758246273e-16,4.717467000770427e-06
2025-07-18,0,sideways,0.999982451250893,0.999982451250893,3.954634833964793e-08,2.8723470487770908e-34,2.602262123472385e-12,1.750920022280695e-05
2025-07-19,0,sideways,0.9999975199583617,0.9999975199583617,1.9889970609868548e-09,6.526673132771034e-35,1.7346044872210524e-12,2.47805097516314e-06
2025-07-20,0,sideways,0.9999991885978142,0.9999991885978142,9.649025439730138e-10,4.551595860002424e-32,7.795508858385132e-14,8.104372682433605e-07
2025-07-21,0,sideways,0.9999995087522463,0.9999995087522463,2.1099289659215473e-12,6.822354950036027e-31,3.448654472909102e-32,4.91245546694906e-07
2025-07-22,0,sideways,0.9999999994988684,0.9999999994988684,5.011812169277421e-10,1.5988014687004169e-22,2.0135218786455278e-42,1.4377500850026534e-24
2025-07-23,1,bull,1.0,1.8182930778421723e-16,1.0,9.69042679627123e-26,7.47861364481716e-136,1.1541063759569267e-26
2025-07-24,1,bull,0.9999999479837256,1.0157055763102655e-09,0.9999999479837256,5.1000576048589944e-08,4.779871285104437e-160,2.7486753184708886e-18
2025-07-25,1,bull,0.9999985278897761,3.1450447558668445e-10,0.9999985278897761,1.4717956339380574e-06,4.637319882993521e-155,8.706106655503734e-20
2025-07-26,1,bull,0.9999982687656008,6.518517142902929e-11,0.9999982687656008,1.7311691471067112e-06,1.4781611855663688e-156,1.629255574645085e-19
2025-07-27,1,bull,0.999977930408042,4.32457193666492e-11,0.999977930408042,2.2069548756855544e-05,7.612146682203668e-190,6.969159663449956e-21
2025-07-28,1,bull,0.9985630088471564,7.778060012501968e-14,0.9985630088471564,0.001436991152717301,3.481416694925264e-215,3.434352269812667e-21
2025-07-29,2,bear,0.9877137491774637,2.0036967694101626e-14,0.012286250822577968,0.9877137491774637,7.286546149130269e-191,9.260309897307414e-21
2025-07-30,2,bear,0.999992909822037,1.7975711651930911e-16,7.090177911273126e-06,0.999992909822037,4.5167407478424216e-194,2.4096518677385332e-24
2025-07-31,2,bear,0.9999957538197233,1.8095875846407358e-16,4.2461803491022274e-06,0.9999957538197233,1.0373457124486441e-193,9.634819565264468e-27
2025-08-01,2,bear,0.9999999751748877,7.269062595427808e-17,2.4825108894777462e-08,0.9999999751748877,5.034227967599961e-178,4.166899419138462e-28
2025-08-02,2,bear,0.999999998491603,3.484210042174239e-18,1.5085082498246156e-09,0.999999998491603,1.3165781165972917e-186,1.05908392070399e-31
2025-08-03,2,bear,0.9999999993347046,1.438948331616257e-18,6.653574335156607e-10,0.9999999993347046,2.4357153847922976e-185,1.4392129643646962e-33
2025-08-04,2,bear,0.9999980211847767,6.319964496236517e-18,1.97881517352979e-06,0.9999980211847767,1.6382362770437283e-171,9.62576981215016e-28
2025-08-05,2,bear,0.9999996180800556,3.552637817185515e-17,3.8191984104727754e-07,0.9999996180800556,2.1354256880631252e-162,1.116802722529168e-24
2025-08-06,2,bear,0.9999912352336497,2.500098839973771e-14,8.764766286800118e-06,0.9999912352336497,7.10369212060051e-167,7.686405972233107e-24
2025-08-07,2,bear,0.9952201775380164,2.4694588987486185e-10,0.004779822214997061,0.9952201775380164,4.1521978337172206e-150,1.2254540448272155e-22
2025-08-08,1,bull,0.9942924813921223,3.003768196737255e-10,0.9942924813921223,0.005707518304171928,3.168253448895663e-137,3.268682163013908e-12
2025-08-09,1,bull,0.998348113102515,9.518576267019442e-09,0.998348113102515,0.0016518773459950947,1.9622882711021806e-121,3.2898610946468965e-11
2025-08-10,1,bull,0.999951333956301,1.2566262204166543e-07,0.999951333956301,4.853997728510704e-05,1.5981284492563628e-126,4.0376644972603757e-10
2025-08-11,1,bull,0.9977745200060111,0.0022254645327084233,0.9977745200060111,1.0890223323036704e-09,6.393922545872656e-171,1.4372289054355427e-08
2025-08-12,0,sideways,0.987203351039941,0.987203351039941,0.012521255746030536,1.6100830473727365e-21,2.1249367685884483e-107,0.00027539321406778994
2025-08-13,0,sideways,0.9997977128608362,0.9997977128608362,0.00020010776875659862,7.39875867572042e-18,2.0857992579007676e-80,2.1793703455544057e-06
2025-08-14,0,sideways,0.9999609685467473,0.9999609685467473,3.860897045046259e-05,2.7651343102223255e-22,4.951077624562734e-86,4.2248290501947796e-07
2025-08-15,0,sideways,0.999992003405309,0.999992003405309,3.945756505586446e-06,1.6886840739461205e-18,2.8918632045059634e-70,4.050838112461231e-06
2025-08-16,0,sideways,0.9999920690364251,0.9999920690364251,5.9163403204974186e-06,1.1235880476898834e-17,2.7754807896490555e-63,2.0146232463955055e-06
2025-08-17,0,sideways,0.999986018807216,0.999986018807216,7.347768717442881e-06,4.0929120616717436e-16,5.783132663216056e-56,6.633423990926712e-06
2025-08-18,0,sideways,0.999940768375683,0.999940768375683,2.0397543107835385e-06,1.30431010542599e-12,2.331978030199805e-43,5.719186875206845e-05
2025-08-19,0,sideways,0.999864025522028,0.999864025522028,4.837035426704405e-05,2.309495298664472e-11,8.488417156856605e-39,8.760410067399464e-05
2025-08-20,0,sideways,0.9999428514725384,0.9999428514725384,4.889273105074836e-05,4.206277534229439e-18,4.0347885479370705e-62,8.255796477652555e-06
2025-08-21,0,sideways,0.999997775607626,0.999997775607626,1.2173096777176303e-06,3.1463495665430726e-20,5.413318817365315e-79,1.0070827096411187e-06
2025-08-22,0,sideways,0.9999939505659029,0.9999939505659029,1.1068406633550732e-06,4.336398262712371e-20,9.888935138318678e-72,4.942593513220287e-06
2025-08-23,0,sideways,0.9999959006906813,0.9999959006906813,1.0389072137547903e-06,8.54365315126182e-21,1.1681285500865276e-73,3.0604020118225924e-06
2025-08-24,0,sideways,0.999998454601212,0.999998454601212,5.079330948830093e-07,7.900095185836955e-22,1.653289395248366e-89,1.0374656944994569e-06
2025-08-25,0,sideways,0.9999996088775643,0.9999996088775643,1.9737705694626913e-07,1.0582559383038117e-26,5.198698216687993e-99,1.9374546608086268e-07
2025-08-26,0,sideways,0.9999998817024859,0.9999998817024859,3.814914183473847e-08,1.7241137559669783e-26,5.345802138596905e-109,8.014835419282186e-08
2025-08-27,0,sideways,0.9999998154487627,0.9999998154487627,1.1470947795184318e-07,1.4016657743688878e-20,1.7139533063676283e-91,6.984179313922348e-08
2025-08-28,0,sideways,0.9999950875835717,0.9999950875835717,8.261851407212538e-10,6.788725550638549e-31,1.618056605190479e-70,4.911590132001377e-06
2025-08-29,0,sideways,0.9999979297932496,0.9999979297932496,3.065984463445974e-09,8.069555686098516e-29,2.0829461177103427e-40,2.06714066169176e-06
2025-08-30,0,sideways,0.9999998391781575,0.9999998391781575,9.387655781046758e-11,4.88008763554378e-31,6.396316210112351e-48,1.607279707628355e-07
2025-08-31,0,sideways,0.9999998921064219,0.9999998921064219,5.547434065736483e-10,1.794463894872443e-27,4.0350604696297234e-42,1.0733886343395691e-07
2025-09-01,0,sideways,0.9999928424960345,0.9999928424960345,2.9758398355304275e-12,2.6450324558054505e-44,6.656478919576772e-26,7.157500890780314e-06
2025-09-02,0,sideways,0.999994888160805,0.999994888160805,6.627907494626369e-13,7.72584243989639e-45,1.41354694021154e-21,5.111838610982207e-06
2025-09-03,0,sideways,0.9999806956569712,0.9999806956569712,9.954067321225138e-14,2.4402291920597115e-57,1.70012785126772e-30,1.9304342934818343e-05
2025-09-04,0,sideways,0.999974702002049,0.999974702002049,1.2206072804436841e-10,4.407003626213431e-45,1.6198552448433623e-40,2.5297875915069356e-05
2025-09-05,0,sideways,0.9999733782086694,0.9999733782086694,2.40453718678208e-10,2.893777617117065e-42,3.6609075900008587e-36,2.662155078509655e-05
2025-09-06,0,sideways,0.9999819403274669,0.9999819403274669,9.692896949340853e-11,1.6481054949642086e-41,3.856335164019527e-34,1.8059575685528956e-05
2025-09-07,0,sideways,0.9999696812432017,0.9999696812432017,1.0820811414914289e-11,4.847586893416942e-50,1.106052373875533e-48,3.0318745987692012e-05
2025-09-08,0,sideways,0.999964775240318,0.999964775240318,4.059315776433398e-06,9.878392921144997e-22,3.176329196586065e-57,3.116544385405025e-05
2025-09-09,0,sideways,0.9999961140363682,0.9999961140363682,3.489597082242177e-06,8.725774144940017e-10,1.0413602971165194e-29,3.9549386491828323e-07
2025-09-10,0,sideways,0.999993068386097,0.999993068386097,6.456815372931348e-06,9.848314185106234e-10,7.561083892113119e-25,4.7381371937695885e-07
2025-09-11,0,sideways,0.9998949501789284,0.9998949501789284,5.655788077714933e-05,1.7727665023545237e-11,7.275577343098845e-32,4.849192246606628e-05
2025-09-12,0,sideways,0.9999059067352771,0.9999059067352771,5.6585276344412164e-05,2.136932922737803e-09,2.190843611115555e-28,3.75058515429364e-05
2025-09-13,0,sideways,0.9999232208156174,0.9999232208156174,5.0024754303725e-05,5.823079352610684e-09,2.162668576757795e-27,2.67486071046964e-05
2025-09-14,0,sideways,0.9999347385617442,0.9999347385617442,4.040721118660459e-05,1.1697831057993344e-08,3.615120696693208e-24,2.4842529237614633e-05
2025-09-15,0,sideways,0.999857775050923,0.999857775050923,6.220829926991938e-05,1.033008619797039e-08,1.5103880659054406e-21,8.000631969685946e-05
2025-09-16,0,sideways,0.9985281443747309,0.9985281443747309,0.00099732347548277,2.1509651687829617e-08,1.1185491880973156e-21,0.0004745106400544525
2025-09-17,0,sideways,0.9696776303360989,0.9696776303360989,0.025320537301112472,2.1446135467056475e-06,6.573622296000183e-26,0.004999687749248006
2025-09-18,1,bull,0.5795840097849364,0.36722717334823474,0.5795840097849364,0.019346658926373782,1.154408521612294e-33,0.03384215794042115
2025-09-19,2,bear,0.532363467894294,0.010632565165330492,0.4555711184304097,0.532363467894294,1.720844469465632e-35,0.0014328485098642335
2025-09-20,2,bear,0.9754508851940618,0.0018303275455080412,0.022682580560574615,0.9754508851940618,4.86008005933696e-34,3.620669983392316e-05
2025-09-21,2,bear,0.9973866567065809,0.0007848997765445182,0.0018265738245981347,0.9973866567065809,1.1236405527806627e-34,1.86969228774968e-06
2025-09-22,2,bear,0.9988200844389009,0.0006263906504689452,0.0005496773481110185,0.9988200844389009,4.079938212594436e-31,3.847562420095941e-06
2025-09-23,2,bear,0.998780512004195,0.0008602546271747983,0.0003589651748509534,0.998780512004195,3.773254031061663e-35,2.6819370384091314e-07
2025-09-24,2,bear,0.9960218105089692,0.003685487679138673,0.00029268589704708326,0.9960218105089692,7.873646101738597e-39,1.5914918331289393e-08
2025-09-25,2,bear,0.9830104577098816,0.016686520024984698,0.0003030062494589453,0.9830104577098816,3.869263213916219e-39,1.601562330283001e-08
2025-09-26,2,bear,0.9257571848564834,0.07386080137415506,0.0003820052092136979,0.9257571848564834,1.6650646987841331e-40,8.56016032877696e-09
2025-09-27,2,bear,0.7018374524584179,0.2976299158372931,0.0005326228788858288,0.7018374524584179,9.376022430170682e-40,8.825439035275758e-09
2025-09-28,0,sideways,0.9998272719643315,0.9998272719643315,0.00013005469227102165,4.212147035082489e-05,1.233451297210278e-37,5.518730190586788e-07
2025-09-29,0,sideways,0.9999947138190803,0.9999947138190803,3.0607541377583142e-06,1.2947154446154163e-11,7.25874306263535e-44,2.2254138755845137e-06
2025-09-30,0,sideways,0.9999996358663547,0.9999996358663547,3.3962277916474033e-07,2.056620735865787e-08,2.6445250080527555e-41,3.9447596117286686e-09
2025-10-01,0,sideways,0.9999999920798928,0.9999999920798928,6.8206262130938186e-09,8.85274097518758e-10,1.749109967198323e-44,2.1418031337614508e-10
2025-10-02,0,sideways,0.9999999753467822,0.9999999753467822,2.117626140159907e-08,1.0349197560509216e-10,2.09963764039467e-36,3.373410715285013e-09
2025-10-03,0,sideways,0.9997964713714934,0.9997964713714934,7.480713401725446e-05,3.158866844735154e-12,4.2631900428971436e-44,0.00012872149139451432
2025-10-04,0,sideways,0.9975631724927556,0.9975631724927556,0.0003827789234832318,7.13188872590863e-11,8.729468682056062e-40,0.002054048512400658
2025-10-05,0,sideways,0.9424978235938035,0.9424978235938035,0.005548596600078398,2.923365839447518e-13,9.441294549911449e-40,0.05195357980580314
2025-10-06,4,low-volatility,0.9976213579322211,0.0021286213124159254,0.00025002075533189604,9.278985289517201e-14,4.062030694732471e-91,0.9976213579322211
2025-10-07,4,low-volatility,0.9997120397512052,0.00026929315600863373,1.8661369220503668e-05,5.723522541109474e-09,2.3053892382964995e-53,0.9997120397512052
2025-10-08,4,low-volatility,0.9999501208849755,4.971730198000612e-05,1.6181298984781927e-07,1.0604493810627538e-21,4.943979762471078e-64,0.9999501208849755
2025-10-09,4,low-volatility,1.0,1.0225406222072084e-17,1.2376130664174441e-23,1.2507659184098246e-30,4.399721273595501e-57,1.0
2025-10-10,3,high-volatility,0.9999999999990905,7.24029183086626e-69,8.764866117102389e-28,1.9577457316913775e-53,0.9999999999990905,9.868309244779609e-13
2025-10-11,3,high-volatility,1.0,2.5381815086615875e-88,4.438038991858195e-38,1.6476878720314763e-47,1.0,1.4548724050922683e-19
2025-10-12,3,high-volatility,1.0,7.869791323982566e-97,1.6476878746524635e-47,3.588744057954875e-55,1.0,1.27951799674762e-16
2025-10-13,3,high-volatility,1.0,3.1815479495573423e-106,3.588744056375126e-55,1.031356142862203e-63,1.0,4.8994720551237354e-17
2025-10-14,3,high-volatility,1.0,6.317174293582934e-115,1.031356142862203e-63,1.0422854517008641e-76,1.0,6.3183623235055505e-16
2025-10-15,3,high-volatility,1.0,4.474570436594372e-126,1.0422854357875756e-76,1.059063578112162e-76,1.0,3.5304820091866184e-19
2025-10-16,3,high-volatility,1.0,1.8990749165074888e-129,1.0590635781032523e-76,4.694530010904591e-81,1.0,7.366088843374532e-15
2025-10-17,3,high-volatility,1.0,1.6780674900126414e-129,4.694529971337744e-81,5.723561620358695e-76,1.0,5.660088086696513e-16
2025-10-18,3,high-volatility,1.0,2.5690819099150777e-131,5.723561620354791e-76,5.440583690952955e-80,1.0,2.673612159577121e-15
2025-10-19,3,high-volatility,1.0,1.5160839530013662e-135,5.440583690951718e-80,1.146553237589087e-89,1.0,4.7678175341147015e-15
2025-10-20,3,high-volatility,1.0,1.023947632530296e-136,9.916215818685482e-90,7.675015321382215e-81,1.0,4.2744317031263967e-20
2025-10-21,3,high-volatility,1.0,5.280079347211352e-131,7.536607211438097e-81,8.098629474658857e-74,1.0,5.6215101748707044e-14
2025-10-22,3,high-volatility,0.9999999999952252,1.3403262593776815e-122,8.098629474655175e-74,7.481012080532992e-69,0.9999999999952252,4.673751061414215e-12
2025-10-23,3,high-volatility,1.0,3.689365722523007e-118,7.481012080267638e-69,8.640393871346113e-70,1.0,4.4006734827217886e-15
2025-10-24,3,high-volatility,1.0,3.487332970064549e-113,8.640391905813076e-70,7.880746464627143e-72,1.0,7.004085448148681e-16
2025-10-25,3,high-volatility,1.0,2.5023323741733432e-105,7.880746410885249e-72,3.711392291023314e-72,1.0,3.9142194042835455e-15
2025-10-26,3,high-volatility,1.0,8.909911681156734e-97,3.71139229102247e-72,2.84742797974296e-80,1.0,3.3089887118951505e-16
2025-10-27,3,high-volatility,1.0,1.1943802913339868e-97,2.4717800689439144e-80,2.271379134546069e-76,1.0,1.262277188384044e-21
2025-10-28,3,high-volatility,1.0,1.4778323041477548e-89,4.9350686900174895e-87,1.4763205405423016e-70,1.0,5.091782642466672e-21
2025-10-29,3,high-volatility,1.0,1.1744109374565817e-56,2.1133229808095922e-80,9.262483706799747e-57,1.0,1.1569709249274895e-20
2025-10-30,4,low-volatility,1.0,5.142493129937339e-31,4.248531454545409e-59,2.3097220429253373e-39,1.3906820342625265e-21,1.0
2025-10-31,4,low-volatility,1.0,1.4103531094357262e-15,6.980745093291408e-43,5.009399431019639e-25,2.2453285409354626e-20,1.0
2025-11-01,4,low-volatility,1.0,1.2183910284394938e-19,3.3819552208617915e-25,7.526211921323202e-26,1.0638957517477495e-21,1.0
2025-11-02,4,low-volatility,1.0,5.932186249816322e-23,7.524492300122506e-26,1.6682825250487001e-29,1.4234160266697835e-23,1.0
2025-11-03,4,low-volatility,1.0,6.030144730003283e-26,1.350037563116603e-29,2.409737946862485e-24,5.783910550713174e-20,1.0
2025-11-04,4,low-volatility,0.9999999997069153,2.3426404371589104e-29,2.409737944628104e-24,1.0343443666759228e-26,2.9310978153528737e-10,0.9999999997069153
2025-11-05,4,low-volatility,1.0,5.1346555108143084e-27,1.0343443651018452e-26,3.117912795966458e-29,9.305611144540381e-27,1.0
2025-11-06,4,low-volatility,1.0,1.3840956148439636e-27,3.1179127961202963e-29,3.5820989714951683e-34,1.2474213634177828e-41,1.0
2025-11-07,4,low-volatility,1.0,1.700556092316991e-28,3.582098991674601e-34,3.8219164294081867e-34,6.7601627220404695e-40,1.0
2025-11-08,4,low-volatility,1.0,3.7829135662969e-28,3.821916430902003e-34,9.668267909875845e-41,4.64423150827073e-44,1.0
2025-11-09,4,low-volatility,1.0,3.8595067502266867e-23,5.856626780360814e-41,3.2956725592646314e-62,2.3414422603549473e-61,1.0
2025-11-10,4,low-volatility,1.0,2.0372565397576625e-25,4.395345976045766e-43,8.018085357163832e-47,2.9301726810428633e-39,1.0
2025-11-11,4,low-volatility,1.0,7.383447865568835e-21,1.506551131983566e-44,2.783760806350055e-52,5.074836311909229e-48,1.0
2025-11-12,4,low-volatility,1.0,5.285074472198567e-20,1.900847767352826e-37,5.0617531058634316e-46,9.481615295762467e-45,1.0
2025-11-13,4,low-volatility,1.0,1.7078516533388553e-17,6.705505874827775e-33,7.593999283686255e-49,3.4514969019781836e-66,1.0
2025-11-14,4,low-volatility,1.0,2.253688703249531e-14,1.5221555370094774e-29,2.1540315513955073e-41,1.8426888254484306e-70,1.0
2025-11-15,4,low-volatility,0.9999999618237333,3.817625173986758e-08,4.412960958354226e-25,7.2608106131224e-49,1.3655819610177128e-108,0.9999999618237333
2025-11-16,4,low-volatility,0.9920479074942035,0.007952092505768667,1.1386798539095766e-19,9.290966345277439e-61,1.8430420072337258e-86,0.9920479074942035
2025-11-17,0,sideways,0.8874939503275354,0.8874939503275354,4.553551560620632e-14,7.341033116031508e-57,1.5459451272222858e-91,0.11250604967246894
2025-11-18,0,sideways,0.9999902652933521,0.9999902652933521,1.9814660211983095e-09,3.990097110211776e-55,1.866335646910647e-97,9.73272518067847e-06
2025-11-19,0,sideways,0.9999999784051854,0.9999999784051854,4.0751532820291076e-10,1.1916772551222516e-44,2.8767794676404313e-71,2.1187196762789005e-08
2025-11-20,0,sideways,0.9999999959543402,0.9999999959543402,3.5727240228035954e-14,9.350954145262336e-47,9.164526460467287e-54,4.0456488176840735e-09
2025-11-21,0,sideways,0.9999999980477696,0.9999999980477696,7.032727636046357e-13,3.9348758441705546e-40,2.4507650410224566e-47,1.9515766672727812e-09
2025-11-22,0,sideways,0.999999998046178,0.999999998046178,4.2032504044514335e-13,8.797076213211999e-40,2.944967341871586e-45,1.953450951744894e-09
2025-11-23,0,sideways,0.9999999906985977,0.9999999906985977,2.8769176665025507e-15,1.2148932201383647e-60,5.210819863172096e-80,9.301399524947395e-09
2025-11-24,0,sideways,0.99999942255857,0.99999942255857,2.703335510565259e-07,9.943174090575506e-31,4.118442009942438e-96,3.0710789727056074e-07
2025-11-25,0,sideways,0.9999653068268438,0.9999653068268438,3.466647421478575e-05,1.0049497721053622e-09,5.786419025285825e-42,2.5693964520341412e-08
2025-11-26,1,bull,0.997240690745686,8.387511900564563e-10,0.997240690745686,0.0027593084123236603,2.42277184903717e-50,3.15951737988027e-12
2025-11-27,2,bear,0.9953341068706925,4.010287714484049e-11,0.0046658930848651895,0.9953341068706925,5.693823787033125e-60,4.422648078562397e-12
2025-11-28,2,bear,0.9999830710644853,3.945069158985912e-12,1.6928931531924685e-05,0.9999830710644853,6.331802226511176e-63,1.348238578902483e-15
2025-11-29,2,bear,0.9999937264780209,3.057259507544254e-13,6.273521585774249e-06,0.9999937264780209,5.154586385001574e-69,2.7879238342079836e-19
2025-11-30,2,bear,0.9999995442020593,1.0965183816125888e-12,4.5579673348920213e-07,0.9999995442020593,2.6536977283103417e-83,3.7335633471960062e-22
2025-12-01,2,bear,0.9999999989586286,2.0098877728532483e-13,1.0412500220283792e-09,0.9999999989586286,3.6279612004829035e-91,1.7612238268662658e-26
2025-12-02,2,bear,0.9999999299582238,6.369101738661163e-17,7.004171053198508e-08,0.9999999299582238,3.179054832885614e-92,7.353201671044207e-32
2025-12-03,2,bear,0.999999922739565,1.2617413415537186e-14,7.726037903439172e-08,0.999999922739565,9.285848929028895e-86,2.3812342894969254e-26
2025-12-04,2,bear,0.9999885115610684,1.6858114905917405e-14,1.148843896169403e-05,0.9999885115610684,8.607612632194514e-70,2.333043698634955e-22
2025-12-05,2,bear,0.9999834021359251,1.8315793608431968e-13,1.6597863867886073e-05,0.9999834021359251,7.355806557783321e-62,6.773209049572747e-18
2025-12-06,2,bear,0.999977531784709,5.545756865756044e-13,2.246821474704928e-05,0.999977531784709,1.3268861021923011e-55,8.474296056386358e-17
2025-12-07,2,bear,0.9999802003217356,1.0773496318154158e-13,1.9799678218756073e-05,0.9999802003217356,4.9187336544190245e-61,1.0172949904633783e-17
2025-12-08,2,bear,0.9999987501351905,6.112107115859435e-12,1.2498586444709349e-06,0.9999987501351905,1.750967427246226e-66,2.6267035023120304e-19
2025-12-09,2,bear,0.9999738557048913,5.028941455609374e-13,2.6144294527117348e-05,0.9999738557048913,6.395931451879145e-66,3.0883272074086394e-20
2025-12-10,2,bear,0.9999907004872,1.2099637951138218e-11,9.299500678210122e-06,0.9999907004872,1.0424917284110365e-66,1.5815948539451077e-17
2025-12-11,2,bear,0.9999915847208124,1.1856652310806916e-11,8.41526736533253e-06,0.9999915847208124,1.7305400044798612e-65,3.1101750643106547e-18
2025-12-12,2,bear,0.9999990194301323,5.1646346980293425e-11,9.805183295933896e-07,0.9999990194301323,2.078047856181355e-65,4.885713045302777e-19
2025-12-13,2,bear,0.9999976168995747,2.0972001546448914e-06,2.859002473715425e-07,0.9999976168995747,1.5168289864109097e-60,4.785535443292595e-22
2025-12-14,0,sideways,0.9789109972529271,0.9789109972529271,6.195883820238578e-06,0.021082806863204264,1.074476860992121e-48,1.5625505866974778e-16
2025-12-15,0,sideways,0.9999999995593498,0.9999999995593498,1.2465911975123385e-10,4.799833541188342e-21,1.989126843940075e-60,3.159724492260341e-10
2025-12-16,0,sideways,0.9999995179144915,0.9999995179144915,2.496837041548591e-17,4.3978343004159885e-66,1.5311889804260328e-38,4.820854142712429e-07
2025-12-17,0,sideways,0.9999998989269494,0.9999998989269494,1.0217607360486575e-21,6.428490396326625e-79,3.4755886634996595e-51,1.0107311130483604e-07
2025-12-18,0,sideways,0.999999977052312,0.999999977052312,7.656159683829893e-21,2.827465583523427e-71,4.265451296622465e-40,2.294762751341943e-08
2025-12-19,0,sideways,0.9999991386115725,0.9999991386115725,9.799110211504226e-14,1.1195685031833405e-59,2.0913044886269336e-70,8.613884253877507e-07
2025-12-20,0,sideways,0.9999992793180222,0.9999992793180222,3.6135887183664464e-13,8.552036231125537e-55,2.507967609510734e-56,7.206816394949169e-07
2025-12-21,0,sideways,0.9999988376985063,0.9999988376985063,3.074656275666449e-17,6.281505016395009e-84,4.366482983652559e-108,1.1623014954271237e-06
2025-12-22,0,sideways,0.9999978115921593,0.9999978115921593,3.627066811228895e-18,3.3508224561471465e-80,1.4731323532715815e-97,2.18840789852783e-06
2025-12-23,0,sideways,0.9999951674279499,0.9999951674279499,8.860271476368363e-17,9.591661098640662e-71,9.253652881900467e-82,4.832571940275048e-06
2025-12-24,0,sideways,0.9999913301683802,0.9999913301683802,3.22525509860922e-17,2.1967130615457204e-66,2.0794336496157011e-66,8.669831511524385e-06
2025-12-25,0,sideways,0.9999939905093052,0.9999939905093052,1.4011761506659475e-17,6.168158766682474e-64,3.168913490678219e-65,6.009490680704367e-06
2025-12-26,0,sideways,0.9999953427856545,0.9999953427856545,1.040244093209563e-17,3.86174937996031e-63,2.9828420581617007e-66,4.657214246567682e-06
2025-12-27,0,sideways,0.9999920298052283,0.9999920298052283,1.9563992642410574e-16,1.3715827186910427e-62,4.2362014186559623e-66,7.970194865623903e-06
2025-12-28,0,sideways,0.9999876575259338,0.9999876575259338,9.542520208209623e-17,4.492190296561046e-75,2.8626966343374745e-84,1.2342474159790023e-05
2025-12-29,0,sideways,0.9999896574213901,0.9999896574213901,2.9569214118385803e-18,2.5913542134241604e-76,1.7336176779496557e-86,1.0342578516053769e-05
2025-12-30,0,sideways,0.9999895831710133,0.9999895831710133,2.071846042511109e-17,1.5510157024308047e-71,1.4887727497585422e-77,1.0416828999954568e-05
2025-12-31,0,sideways,0.9999918186741048,0.9999918186741048,3.6286641649783744e-17,1.3715244293070801e-74,2.1968810303663734e-88,8.181325958316188e-06
2026-01-01,0,sideways,0.9999930379393818,0.9999930379393818,9.55810223699979e-19,3.0461741030566763e-66,6.122750017669453e-107,6.962060506891694e-06
2026-01-02,0,sideways,0.9999832918196929,0.9999832918196929,1.7430421387536523e-17,3.90352140203697e-65,1.047872990393268e-107,1.6708180390310884e-05
2026-01-03,0,sideways,0.9999117191312331,0.9999117191312331,2.719564922969781e-13,2.6052126047032735e-59,3.2742040214701053e-102,8.82808685835592e-05
2026-01-04,0,sideways,0.9999229503833903,0.9999229503833903,4.8699120574083864e-12,9.402021423363731e-56,3.850077722334969e-99,7.704961176791405e-05
2026-01-05,0,sideways,0.9999615188442921,0.9999615188442921,1.2703628715218196e-06,9.88709350235456e-21,3.0235477820544203e-62,3.721079276655846e-05
2026-01-06,0,sideways,0.99999857225168,0.99999857225168,1.3382042642552078e-06,2.49765018027258e-10,2.324398230507075e-61,8.929429871885476e-08
2026-01-07,0,sideways,0.9999991594869593,0.9999991594869593,8.217954316845689e-07,1.6185691074176903e-08,4.430363660671855e-69,2.5319027257954743e-09
2026-01-08,0,sideways,0.9999723537097868,0.9999723537097868,2.735038217945812e-05,2.95908035289682e-07,1.1384297489059565e-80,7.056903602018073e-15
2026-01-09,1,bull,0.9999295873263117,7.041250632766205e-05,0.9999295873263117,1.5571238957399216e-10,1.0711088120055423e-90,1.1597200945432564e-11
2026-01-10,1,bull,0.9992723017115994,0.0001292694866386792,0.9992723017115994,0.0005984278622773504,8.171628763476503e-92,9.395195107722818e-10
2026-01-11,1,bull,0.9975661814564604,0.000178123916538823,0.9975661814564604,0.0022556882984888908,8.261186762696924e-87,6.328515312301906e-09
2026-01-12,1,bull,0.9982936074002092,0.0006778747643069576,0.9982936074002092,2.996375243439196e-07,3.566754250857287e-74,0.0010282181979509284
2026-01-13,4,low-volatility,0.9999768313360676,2.086907437291576e-05,2.2989754203359237e-06,6.141073935855691e-10,2.3236575359979228e-85,0.9999768313360676
2026-01-14,4,low-volatility,0.9999546275846954,1.6006875337568554e-14,2.0554859586188358e-07,4.516686667964405e-05,1.3271446261785392e-21,0.9999546275846954
2026-01-15,2,bear,0.9305888539018409,4.2602601654606487e-14,1.6758945475216507e-10,0.9305888539018409,1.655152848031948e-23,0.0694111459305786
2026-01-16,2,bear,0.9986500870795185,1.111830830151618e-16,6.414008525942666e-06,0.9986500870795185,1.0147685713052908e-28,0.0013434989119281823
2026-01-17,2,bear,0.9999869034261747,2.103614394552361e-18,3.072424080914127e-06,0.9999869034261747,6.765529910185219e-30,1.002414966108466e-05
2026-01-18,2,bear,0.9999969558174094,8.414924535808153e-19,2.9134577495395143e-06,0.9999969558174094,4.5880948826863355e-30,1.3072480064399856e-07
2026-01-19,2,bear,0.9999968533254046,1.6608835216234108e-19,3.14477318337129e-06,0.9999968533254046,2.6466197326116644e-33,1.901522165483908e-09
2026-01-20,2,bear,0.9999960911253765,3.712683086711871e-19,3.908141733657568e-06,0.9999960911253765,7.995859923982259e-35,7.329785642261644e-10
2026-01-21,2,bear,0.9998986493719219,5.206351221913542e-20,0.00010135044857024286,0.9998986493719219,1.8834166277104454e-39,1.7961977673461096e-10
2026-01-22,2,bear,0.9999979985486355,1.2840882824701647e-20,1.998237489804368e-06,0.9999979985486355,3.6282859164019153e-37,3.2137873898490016e-09
2026-01-23,2,bear,0.9993072742212651,1.5113902620368038e-23,0.0006927257782130213,0.9993072742212651,3.973351321363872e-43,6.076793925357135e-13
2026-01-24,2,bear,0.999975197918897,2.6492026107202068e-24,2.4802080177358057e-05,0.999975197918897,8.477610824941097e-50,8.314929231835242e-13
2026-01-25,2,bear,0.9999711675646048,5.830853468132821e-21,2.8832435355121197e-05,0.9999711675646048,6.761213507431077e-52,7.002252083724313e-14
2026-01-26,2,bear,0.9999398518939264,1.201577508466773e-19,6.014810602428311e-05,0.9999398518939264,1.2317344317730929e-54,1.676445271875071e-14
2026-01-27,2,bear,0.9999180916518079,1.4875827924724792e-17,8.190834806849638e-05,0.9999180916518079,1.442453536028362e-50,1.3683676785001902e-14
2026-01-28,2,bear,0.9977240994425817,3.865917347790906e-16,0.0022759002689128607,0.9977240994425817,1.7811203839164423e-48,2.8856283105287656e-10
2026-01-29,2,bear,0.9989387993079221,1.0915587224376376e-11,0.0010611954830898097,0.9989387993079221,5.354571239929332e-34,5.198132660600047e-09
2026-01-30,2,bear,0.9986542237808871,2.9954129640079124e-10,0.0013457756860155421,0.9986542237808871,6.16153683935095e-33,2.336586333938182e-10
2026-01-31,2,bear,0.9799885230938721,6.558222851763945e-08,0.020011411176382818,0.9799885230938721,3.452770053138681e-35,1.4757617909215337e-10
2026-02-01,2,bear,0.8116137965272605,2.7750008303439343e-06,0.18838342842644007,0.8116137965272605,9.201206974478884e-49,4.5398822161279745e-11
