time,regime_id,regime,volatility,momentum,price_position
2021-03-10,3,HIGH_VOL,0.3418015286949823,0.10418094585332427,0.6650898763811823
2021-03-11,3,HIGH_VOL,0.3485907949401114,0.12508520790729372,0.8145695356531975
2021-03-12,3,HIGH_VOL,0.3479584213133141,0.1265453296703296,0.7757805101459027
2021-03-15,3,HIGH_VOL,0.3447824553153609,0.09954598957457539,0.7238805962431973
2021-03-16,3,HIGH_VOL,0.34762612144192523,0.07910074937552047,0.6609808095298705
2021-03-17,3,HIGH_VOL,0.3442564603621901,0.05659142950605167,0.6396588479321325
2021-03-18,3,HIGH_VOL,0.4354041411943418,-0.007764744754667041,0.18350515444999474
2021-03-19,3,HIGH_VOL,0.43546827908029573,0.036787040161998075,0.32577319554043954
2021-03-22,3,HIGH_VOL,0.41103748035838417,-0.0022690437601297075,0.3381443295483048
2021-03-23,3,HIGH_VOL,0.4689897604861956,-0.06340197827144489,0.04753028886530241
2021-03-24,3,HIGH_VOL,0.5077383577936361,-0.03226826953495732,0.36626281419733175
2021-03-25,3,HIGH_VOL,0.5283954331219548,-0.07823075712261918,0.12208760473244414
2021-03-26,3,HIGH_VOL,0.5395717126524063,-0.008617886178861833,0.3466915187822071
2021-03-29,3,HIGH_VOL,0.538179106286297,0.015171503957783772,0.4016775392342241
2021-03-30,3,HIGH_VOL,0.5388877196523332,0.013389121338912124,0.3075489279519577
2021-03-31,3,HIGH_VOL,0.5370005301351205,-0.034595300261096695,0.1780055916327996
2021-04-01,3,HIGH_VOL,0.5341520304414172,-0.037286542378191956,0.39142590830249224
2021-04-02,3,HIGH_VOL,0.5164350252493068,-0.07020729308518692,0.39142590830249224
2021-04-05,3,HIGH_VOL,0.5372296182169298,-0.09838585703305147,0.15300546431365497
2021-04-06,3,HIGH_VOL,0.538723981627306,-0.07311357600374957,0.22732240412314456
2021-04-07,3,HIGH_VOL,0.5389087143325995,-0.07247051520794534,0.27540983576457956
2021-04-08,3,HIGH_VOL,0.5287350021834162,-0.09724325961829738,0.256830600812207
2021-04-09,3,HIGH_VOL,0.5287200411330715,-0.09586953208352389,0.22622950794947583
2021-04-12,3,HIGH_VOL,0.5302599260138251,-0.08701636335831164,0.29951100207883746
2021-04-13,3,HIGH_VOL,0.5317937566974549,-0.0712962962962963,0.36217552489224264
2021-04-14,3,HIGH_VOL,0.5627991398660556,-0.02244582043343646,0.7732634328004414
2021-04-15,3,HIGH_VOL,0.4949376800594368,0.05661005661005669,0.982594935154122
2021-04-16,3,HIGH_VOL,0.4897423482497858,0.02848307291666674,0.8878923753544209
2021-04-19,3,HIGH_VOL,0.4898131297020837,0.030376868096166243,0.9237668147626806
2021-04-20,3,HIGH_VOL,0.42916102350615626,0.08500692520775632,0.7588152316518834
2021-04-21,3,HIGH_VOL,0.38821514424388937,0.0027786858450473684,0.5634005755570604
2021-04-22,3,HIGH_VOL,0.35187003344163975,0.04900956284152991,0.5629629621289439
2021-04-23,3,HIGH_VOL,0.3244531453685747,0.019189765458422103,0.6681481471582995
2021-04-26,3,HIGH_VOL,0.3231724423600417,0.005685510071474997,0.6340740731347049
2021-04-27,3,HIGH_VOL,0.32163520040462834,0.039471511147811666,0.7866666655012347
2021-04-28,3,HIGH_VOL,0.310172352188841,0.07944557133198105,0.9028985494160888
2021-04-29,3,HIGH_VOL,0.28822588969417734,0.05793327908868995,0.9413265294115741
2021-04-30,3,HIGH_VOL,0.30161053585841574,0.03466232709519934,0.7589285704605501
2021-05-03,0,BULL,0.24412228965067725,0.09957374254049434,0.8666666654875278
2021-05-04,0,BULL,0.24787089219286754,0.10719703354121024,0.9380421301882996
2021-05-05,0,BULL,0.24860129660764044,0.09804249623556949,0.8592777075226916
2021-05-06,3,HIGH_VOL,0.25622637312892976,0.08573825503355681,0.7447073465196659
2021-05-07,3,HIGH_VOL,0.2541642845133298,0.09406608226567781,0.7683686167268139
2021-05-10,3,HIGH_VOL,0.254480056618263,0.08743718592964811,0.7415730326663297
2021-05-11,3,HIGH_VOL,0.2541388894855655,0.0847457627118644,0.7680250771661044
2021-05-12,2,SIDEWAYS,0.19697653824394426,0.04639746634996045,0.889430892862713
2021-05-13,2,SIDEWAYS,0.2364028530163882,0.0056728647967223544,0.5219512186634936
2021-05-14,3,HIGH_VOL,0.25008214157250475,0.0344991296091155,0.7739837385788884
2021-05-17,3,HIGH_VOL,0.25361583145690525,0.044773766356613454,0.9203252017555674
2021-05-18,3,HIGH_VOL,0.25334571737366307,0.04515717249082485,0.7628705136304678
2021-05-19,3,HIGH_VOL,0.27121716429146797,0.032599837000814924,0.4274570976170722
2021-05-20,3,HIGH_VOL,0.2844170241132964,0.00830213250854639,0.20125786131877715
2021-05-21,3,HIGH_VOL,0.2964735259695486,0.023173479240424788,0.4591194961334602
2021-05-24,3,HIGH_VOL,0.3233414996009005,0.0668712647391374,0.8223443208381972
2021-05-25,3,HIGH_VOL,0.3196194311970396,0.04972990149348577,0.8260073244944913
2021-05-26,3,HIGH_VOL,0.3164159308897454,0.03679924835577819,0.8516483500885556
2021-05-27,3,HIGH_VOL,0.3122033779901775,0.028303337948007767,0.9688644670899915
2021-05-28,3,HIGH_VOL,0.30180431757667775,0.043095312991506596,0.798657716780775
2021-06-01,3,HIGH_VOL,0.3062545771807685,0.05008528454023886,0.8426812573971522
2021-06-02,3,HIGH_VOL,0.30484013528031745,0.04780027401430975,0.977150536321034
2021-06-03,3,HIGH_VOL,0.30476007275066314,0.048453451165625605,0.9247448967796618
2021-06-04,3,HIGH_VOL,0.2999823733179445,0.07587698964611356,0.9829268280696013
2021-06-07,3,HIGH_VOL,0.30178602387069314,0.06671802773497681,0.9087677714351097
2021-06-08,3,HIGH_VOL,0.3030561130779577,0.07902033271719033,0.9747416751151071
2021-06-09,3,HIGH_VOL,0.30350621901918823,0.07169117647058809,0.9271523168574465
2021-06-10,3,HIGH_VOL,0.30181340752491564,0.06371065375302676,0.9603960385474191
2021-06-11,3,HIGH_VOL,0.26687599803677253,0.11109370103415861,0.965909089911251
2021-06-14,3,HIGH_VOL,0.25807775689655815,0.08428942940186612,0.9119373767984951
2021-06-15,3,HIGH_VOL,0.26021304954389535,0.08827523766410161,0.9661482150355468
2021-06-16,3,HIGH_VOL,0.25386300924851063,0.10152671755725207,0.9265091855411126
2021-06-17,0,BULL,0.22440350262179073,0.1213891081294396,0.8293963247336873
2021-06-18,0,BULL,0.1984887682739336,0.15095253471101078,0.8512685906813057
2021-06-21,0,BULL,0.19750146943612357,0.1500471846492608,0.9834196881000835
2021-06-22,0,BULL,0.1628367142145377,0.10295230885692663,0.9245742081209553
2021-06-23,0,BULL,0.16208223549090583,0.10609959134251556,0.869999999033333
2021-06-24,0,BULL,0.16190002182633279,0.10708352212656713,0.8917995434034169
2021-06-25,0,BULL,0.16212010495546755,0.10770381451009725,0.9752475235454853
2021-06-28,0,BULL,0.17211114068652672,0.099366706875754,0.8084577104372409
2021-06-29,0,BULL,0.16151558437001176,0.07767277023036034,0.7796101937337181
2021-06-30,0,BULL,0.15512515606527025,0.06741246549469704,0.8434504778858614
2021-07-01,0,BULL,0.17041476212875845,0.0933003923848279,0.8745247137205017
2021-07-02,0,BULL,0.16918940110662534,0.0795748348175811,0.8632258053377728
2021-07-06,0,BULL,0.19381221152374511,0.05980066445182719,0.5757931838122292
2021-07-07,2,SIDEWAYS,0.20194695584849454,0.03069236259814434,0.4240963850312088
2021-07-08,2,SIDEWAYS,0.2039409934086678,0.04259576901086337,0.5132530114298147
2021-07-09,0,BULL,0.21574467863477745,0.060748328353962044,0.6684931497691871
2021-07-12,2,SIDEWAYS,0.21691751377401336,0.0449866027358623,0.6005547841878566
2021-07-13,0,BULL,0.22160080649344582,0.06165349887133198,0.7600554774479117
2021-07-14,2,SIDEWAYS,0.24123526551740712,0.01400443704936194,0.4660194168293761
2021-07-15,3,HIGH_VOL,0.2526511638074756,-0.006930006930006893,0.260748959416438
2021-07-16,2,SIDEWAYS,0.24629690431221746,0.007319819819819662,0.2376933892578149
2021-07-19,3,HIGH_VOL,0.3645579885532189,-0.06929443119652146,0.06917688260142058
2021-07-20,3,HIGH_VOL,0.3538701062539441,-0.08096280087527352,0.18295739333086247
2021-07-21,3,HIGH_VOL,0.39484606289501084,-0.035003431708991006,0.4419381784110786
2021-07-22,3,HIGH_VOL,0.4040312051291406,-0.016009852216748777,0.57644110227532
2021-07-23,3,HIGH_VOL,0.40394271657440456,-0.01678035470668493,0.5898078524730084
2021-07-26,3,HIGH_VOL,0.4018462136516236,-0.028899392302498272,0.57644110227532
2021-07-27,3,HIGH_VOL,0.39853559624546747,-0.017281580030174104,0.5547201332040768
2021-07-28,3,HIGH_VOL,0.40047036604416475,-0.008084406686763579,0.6165413528683862
2021-07-29,3,HIGH_VOL,0.4044608782694793,0.0020416496529196415,0.7192982450131176
2021-07-30,3,HIGH_VOL,0.39525762662090325,-0.01701448890070456,0.7468671672958501
2021-08-02,3,HIGH_VOL,0.4156198940842355,-0.051889302820649186,0.5221386795972108
2021-08-03,3,HIGH_VOL,0.40889844649104645,-0.0382990323020308,0.5280685056821424
2021-08-04,3,HIGH_VOL,0.4225991971421322,-0.05609418282548473,0.2987630824940411
2021-08-05,3,HIGH_VOL,0.4242167853773693,-0.052783109404990314,0.38820171228525063
2021-08-06,3,HIGH_VOL,0.41499449847040926,-0.08422746781115886,0.311132254699208
2021-08-09,3,HIGH_VOL,0.42249718695506594,-0.10283400809716592,0.13986679339689173
2021-08-10,3,HIGH_VOL,0.43184619861801404,-0.09249169435215943,0.31447746853837283
2021-08-11,3,HIGH_VOL,0.42722347718751,-0.05305620128538213,0.45986984765740746
2021-08-12,3,HIGH_VOL,0.4220659077133996,-0.03572923935799022,0.4425162685005245
2021-08-13,3,HIGH_VOL,0.42292283142115494,-0.04359977641140311,0.3720173531756854
2021-08-16,3,HIGH_VOL,0.32874052132460124,0.01416729464958566,0.24728850298558744
2021-08-17,3,HIGH_VOL,0.3277920706494088,-0.009077380952380976,0.1585903081953849
2021-08-18,3,HIGH_VOL,0.2873979593695698,-0.07240398293029882,0.10337972156721616
2021-08-19,3,HIGH_VOL,0.28044624349018993,-0.11695174523710195,0.09221658198628062
2021-08-20,3,HIGH_VOL,0.2836994010228443,-0.1377827112529484,0.02578565670766669
2021-08-23,3,HIGH_VOL,0.35958030912433975,-0.08719232373800578,0.31224979958987187
2021-08-24,3,HIGH_VOL,0.3783232795155391,-0.057362177250523394,0.4643714968259638
2021-08-25,3,HIGH_VOL,0.3792072272051393,-0.055670672744854266,0.5300240187910132
2021-08-26,3,HIGH_VOL,0.3736563627664861,-0.08421624558543872,0.4547638106847366
2021-08-27,3,HIGH_VOL,0.38201194825871226,-0.07045300878972294,0.573300572831039
2021-08-30,3,HIGH_VOL,0.3623715904271458,-0.02876789222565268,0.7309197644511546
2021-08-31,3,HIGH_VOL,0.3625103613968305,-0.029195011337868504,0.7453142218905022
2021-09-01,3,HIGH_VOL,0.34054836645071124,0.006456346294937632,0.8116113734459577
2021-09-02,3,HIGH_VOL,0.3446963066938623,0.013026487190620717,0.9301014645658376
2021-09-03,3,HIGH_VOL,0.34391732148747084,0.014792032806092648,0.8511837645420708
2021-09-07,3,HIGH_VOL,0.333046476051937,0.028128760529482433,0.7452085673672951
2021-09-08,3,HIGH_VOL,0.32286839086942865,0.01478986674476479,0.8523111602566951
2021-09-09,3,HIGH_VOL,0.32466669946810534,-0.016028880866425954,0.7215332573601654
2021-09-10,3,HIGH_VOL,0.3352986820751482,0.00911854103343468,0.8996617802709561
2021-09-13,3,HIGH_VOL,0.33493000335644124,0.02936879018118077,0.9436619708086006
2021-09-14,3,HIGH_VOL,0.32790251984489743,0.047109525932530705,0.9198312226584052
2021-09-15,3,HIGH_VOL,0.33836394389870256,0.09040396455924316,0.9535087710934131
2021-09-16,3,HIGH_VOL,0.32554397935351403,0.11347952767980374,0.9535087710934131
2021-09-17,3,HIGH_VOL,0.30953181389526563,0.13102362204724405,0.8842105255401654
2021-09-20,3,HIGH_VOL,0.3120113702944332,0.12874155133569354,0.7368421046168051
2021-09-21,3,HIGH_VOL,0.25340208914389045,0.07388787324801949,0.657179818037283
2021-09-22,0,BULL,0.24835598241914825,0.06944033165531538,0.8536977478236376
2021-09-23,0,BULL,0.2497553548760736,0.07226448215330605,0.9691358009735555
2021-09-24,0,BULL,0.24181975773073797,0.09730050430139436,0.9594405580986856
2021-09-27,0,BULL,0.24205296693653827,0.09761419842886254,0.9652375423346033
2021-09-28,0,BULL,0.24307325518675443,0.08784857679526104,0.8554973813031445
2021-09-29,0,BULL,0.240195141733738,0.09240875912408764,0.8073298420865651
2021-09-30,0,BULL,0.24001069967473035,0.09389123778976516,0.8199780452030975
2021-10-01,0,BULL,0.2342743976999692,0.08415487926846699,0.9132821065715886
2021-10-04,0,BULL,0.2369490687999249,0.1202193678741521,0.9297597033920897
2021-10-05,0,BULL,0.2284647285528683,0.15479151426481375,0.9538590596024674
2021-10-06,0,BULL,0.24520885233114756,0.11731601731601748,0.8076923070313488
2021-10-07,0,BULL,0.2309858010291263,0.14910478426768403,0.8776859496878624
2021-10-08,0,BULL,0.22460535938049533,0.13812392426850262,0.9291044767452378
2021-10-11,0,BULL,0.22608409837183505,0.14293825408090832,0.8702111017433838
2021-10-12,0,BULL,0.22561743744263824,0.14447913709906346,0.8795934316813182
2021-10-13,0,BULL,0.2100583194125613,0.10783638617270341,0.8639562151180945
2021-10-14,0,BULL,0.21005107935166903,0.11981820685855937,0.9319781071681168
2021-10-15,0,BULL,0.20157581252070034,0.1456418824839878,0.9713639781677742
2021-10-18,0,BULL,0.1753233946663063,0.16467065868263475,0.8919506882581931
2021-10-19,0,BULL,0.1751131041196809,0.16952759256632155,0.9409888349752873
2021-10-20,0,BULL,0.1647297491905861,0.15492177765471404,0.9808970091520786
2021-10-21,0,BULL,0.1743141615015066,0.1255115961800819,0.8690582951847015
2021-10-22,0,BULL,0.1770578020308994,0.132197891321979,0.9584837536475783
2021-10-25,0,BULL,0.17087529206692642,0.11013916500994037,0.8655256716662388
2021-10-26,0,BULL,0.1695716286241375,0.12431929871164837,0.9380603089339369
2021-10-27,0,BULL,0.19570473651289425,0.10463717760256586,0.7758761199870609
2021-10-28,0,BULL,0.1958621069366058,0.10369185659069702,0.7674418597786749
2021-10-29,0,BULL,0.1950934063745842,0.10134422772799145,0.8239234441876327
2021-11-01,0,BULL,0.1834612270808327,0.08283947436227757,0.8698564584977451
2021-11-02,0,BULL,0.17803887888247644,0.06309388065374377,0.8564593293239623
2021-11-03,2,SIDEWAYS,0.21502083604854094,0.04429807568126032,0.5645933008951264
2021-11-04,2,SIDEWAYS,0.23354283942166873,0.006513409961685923,0.0782122903935586
2021-11-05,3,HIGH_VOL,0.2537089755641184,0.024196597353497218,0.4217877089081174
2021-11-08,3,HIGH_VOL,0.2501470893745571,0.017511177347242946,0.5139664797290983
2021-11-09,3,HIGH_VOL,0.26649700345478516,0.04352678571428581,0.8240223452178471
2021-11-10,3,HIGH_VOL,0.2955663458216159,0.011188463451019537,0.4315642452073132
2021-11-11,3,HIGH_VOL,0.2932981123966838,0.0034436108719715364,0.466480446275866
2021-11-12,3,HIGH_VOL,0.29194621644862495,-0.01810889645114233,0.3547486028564974
2021-11-15,3,HIGH_VOL,0.2910631705601028,-0.009915534337128218,0.3673184352411749
2021-11-16,3,HIGH_VOL,0.28883204450821537,-0.020378457059679667,0.3505586587282709
2021-11-17,3,HIGH_VOL,0.31644983331476184,-0.07036681850875093,0.07311320746095035
2021-11-18,3,HIGH_VOL,0.3192782654546292,-0.049575757575757606,0.219620958506554
2021-11-19,3,HIGH_VOL,0.32836517131458126,-0.0933619866284624,0.0823643410054604
2021-11-22,3,HIGH_VOL,0.33259776452209755,-0.08369149952244515,0.19490695377580083
2021-11-23,3,HIGH_VOL,0.34230721051843604,-0.0726520968694625,0.36630754126708337
2021-11-24,3,HIGH_VOL,0.33406810759804606,-0.05165739172513906,0.3555337900533457
2021-11-26,3,HIGH_VOL,0.5900439374280388,-0.1770317594493418,0.04268639724377554
2021-11-29,3,HIGH_VOL,0.6002037929066502,-0.16297714490845983,0.14513375062883668
2021-11-30,3,HIGH_VOL,0.6193688355277358,-0.21261154074955368,0.08519961047458639
2021-12-01,3,HIGH_VOL,0.6182820754658896,-0.21856751281134557,0.0555014605377299
2021-12-02,3,HIGH_VOL,0.6178243520615412,-0.17759089784813253,0.18056787924553333
2021-12-03,3,HIGH_VOL,0.6152502651534693,-0.15924375079304653,0.1699201418944456
2021-12-06,3,HIGH_VOL,0.6322491968333973,-0.14494893564661004,0.3132209404111706
2021-12-07,3,HIGH_VOL,0.6492618946394956,-0.12059074819968274,0.4267968054894423
2021-12-08,3,HIGH_VOL,0.6388630326198695,-0.14010695187165778,0.4405501329012643
2021-12-09,3,HIGH_VOL,0.633052811028772,-0.12785837226456853,0.42763819073988024
2021-12-10,3,HIGH_VOL,0.6350494415434764,-0.12158352739306288,0.47678018551249735
2021-12-13,3,HIGH_VOL,0.6349341462821411,-0.1175888104963485,0.45717234238536025
2021-12-14,3,HIGH_VOL,0.6343523384440176,-0.12549455984174074,0.4282765735664209
2021-12-15,3,HIGH_VOL,0.6348490580091417,-0.12246161466072314,0.4884259256432725
2021-12-16,3,HIGH_VOL,0.6271580641648407,-0.06963249516440995,0.575147928653759
2021-12-17,3,HIGH_VOL,0.6272304011913591,-0.09807422522637421,0.49053254408844227
2021-12-20,3,HIGH_VOL,0.6262841503361247,-0.09652357124045297,0.36785714263818015
2021-12-21,3,HIGH_VOL,0.6409719581060614,-0.07335504885993482,0.5172619044540109
2021-12-22,3,HIGH_VOL,0.6411102798620966,-0.07312101910828017,0.614880952014952
2021-12-23,3,HIGH_VOL,0.6442169342928941,-0.058680954203342184,0.7003699132550125
2021-12-27,3,HIGH_VOL,0.39747979849411724,0.10887747615553911,0.961932649369009
2021-12-28,3,HIGH_VOL,0.38976055198565157,0.08620443173695502,0.9351276736127484
2021-12-29,3,HIGH_VOL,0.32004255140686183,0.15684496826835903,0.945783131897066
2021-12-30,3,HIGH_VOL,0.31414621121825936,0.1741650144883331,0.9700199860293002
2021-12-31,3,HIGH_VOL,0.3322093707542813,0.13097744360902253,0.8116554047198853
2022-01-03,3,HIGH_VOL,0.3306430366372678,0.14820404467250214,0.8798586564665559
2022-01-04,3,HIGH_VOL,0.2947075806416349,0.1079291984458195,0.9435763880698116
2022-01-05,3,HIGH_VOL,0.27225227369933364,0.08049965301873696,0.9414125193086573
2022-01-06,3,HIGH_VOL,0.27856707185632346,0.0981205085682697,0.9447592061297737
2022-01-07,3,HIGH_VOL,0.2671387215613186,0.11220749929517915,0.890592333874152
2022-01-10,3,HIGH_VOL,0.2708337423347793,0.09153062648248911,0.8439024384363052
2022-01-11,3,HIGH_VOL,0.2923097326356995,0.13929022303268335,0.9760827401576708
2022-01-12,3,HIGH_VOL,0.2895184767674929,0.16838682313021347,0.9729093044918087
2022-01-13,3,HIGH_VOL,0.2931944970679848,0.15874135741498518,0.9422850406700329
2022-01-14,3,HIGH_VOL,0.29456952017173693,0.16174636174636148,0.9656301140394811
2022-01-18,3,HIGH_VOL,0.2762559870704136,0.19951923076923084,0.9420946621641011
2022-01-19,0,BULL,0.2337953380846786,0.2505465675557499,0.9456939106167335
2022-01-20,0,BULL,0.21947626485597355,0.20289651293588284,0.9049079749049646
2022-01-21,0,BULL,0.21872389714414503,0.17014843320505757,0.8678354680594504
2022-01-24,0,BULL,0.2410182957691262,0.12901477164927488,0.7391603573715351
2022-01-25,0,BULL,0.244482467369559,0.13272462617440794,0.8830865152898779
2022-01-26,0,BULL,0.24943724029616998,0.14964464332719118,0.9561403501782593
2022-01-27,3,HIGH_VOL,0.2553818679266401,0.13126959247648906,0.864751225742991
2022-01-28,3,HIGH_VOL,0.25572444100706226,0.12767891934017395,0.8613589561692794
2022-01-31,0,BULL,0.23251849285085094,0.17205158888445693,0.9526424152692915
2022-02-01,0,BULL,0.23353309280373918,0.15930599369085185,0.9491268026202528
2022-02-02,0,BULL,0.23405821920552267,0.14638264709702575,0.8894776677596691
2022-02-03,0,BULL,0.24024629872769176,0.1595375722543353,0.986880465753002
2022-02-04,0,BULL,0.2416889426554731,0.16171658696199365,0.9439374178983458
2022-02-07,0,BULL,0.24499114033898065,0.1574144486692013,0.8794002601829197
2022-02-08,3,HIGH_VOL,0.2602651238149349,0.14227278537645405,0.7427413904505459
2022-02-09,0,BULL,0.23340905830597436,0.10391529180004921,0.7074999994104162
2022-02-10,0,BULL,0.22886578192895726,0.0876089060987415,0.7207130723932821
2022-02-11,3,HIGH_VOL,0.2500340262256242,0.1337067705796393,0.8807339442807842
2022-02-14,3,HIGH_VOL,0.2539491848371776,0.1388690050107373,0.974137930334671
2022-02-15,3,HIGH_VOL,0.29443700935663264,0.08534716491807148,0.7306034477510029
2022-02-16,3,HIGH_VOL,0.2970186980825089,0.09160839160839163,0.8448275855999803
2022-02-17,3,HIGH_VOL,0.33477466899303904,0.05248392752776154,0.5847701145224358
2022-02-18,3,HIGH_VOL,0.33366387909567974,0.05954897815362914,0.5969827581918223
2022-02-22,3,HIGH_VOL,0.32482475241383674,0.103228904093146,0.6952455177745555
2022-02-23,3,HIGH_VOL,0.3141068159362654,0.0759345794392523,0.6558741899575629
2022-02-24,3,HIGH_VOL,0.30842763356920616,0.06250715512306826,0.460948395773397
2022-02-25,3,HIGH_VOL,0.3112153850492254,0.05749913404918616,0.3697183095987898
2022-02-28,3,HIGH_VOL,0.34399785534366983,0.10251094217922141,0.6605633798165041
2022-03-01,3,HIGH_VOL,0.42881051817156474,0.17311401020986938,0.8334157188168976
2022-03-02,3,HIGH_VOL,0.47617339013810184,0.25396825396825395,0.9258540369076649
2022-03-03,3,HIGH_VOL,0.4940209216899569,0.21991842284160423,0.7015425886312736
2022-03-04,3,HIGH_VOL,0.5394758842338249,0.2814888667331341,0.9694263136484284
2022-03-07,3,HIGH_VOL,0.5427520023559895,0.2934676633084172,0.7421003715747909
2022-03-08,3,HIGH_VOL,0.5408063197131886,0.3545773105562857,0.8420074347486043
2022-03-09,3,HIGH_VOL,0.737212564922771,0.21642793196060883,0.49349442367716223
2022-03-10,3,HIGH_VOL,0.7472784842613827,0.1824670979254963,0.4312267656990644
2022-03-11,3,HIGH_VOL,0.7510398816733915,0.21639964396973754,0.5081319701421627
2022-03-14,3,HIGH_VOL,0.7831459106920237,0.10644468313641253,0.36129182147739525
2022-03-15,3,HIGH_VOL,0.8181260668210915,0.010266080033521918,0.20864312262810342
2022-03-16,3,HIGH_VOL,0.8088428431914557,0.032258064516129226,0.17611524159476902
2022-03-17,3,HIGH_VOL,0.8546501318636425,0.09950886184070051,0.3605947954552523
2022-03-18,3,HIGH_VOL,0.838840935705194,0.1449355841848068,0.3631505575364429
2022-03-21,3,HIGH_VOL,0.8631903139629368,0.2190444518346082,0.5045849419631793
2022-03-22,3,HIGH_VOL,0.8643964130535804,0.1888804265041888,0.47502472787462285
2022-03-23,3,HIGH_VOL,0.8765160438359247,0.24788273615635203,0.6149851630526745
2022-03-24,3,HIGH_VOL,0.8847164465786531,0.21042991056998162,0.5509396635630713
2022-03-25,3,HIGH_VOL,0.8806783264125895,0.2435855442733923,0.5509872868404148
2022-03-28,3,HIGH_VOL,0.9185377199028472,0.10697868783953202,0.3362185554946661
2022-03-29,3,HIGH_VOL,0.8802686568906837,0.008026303065467477,0.28969434668928995
2022-03-30,3,HIGH_VOL,0.8542139019931609,-0.02513562386980106,0.38652961850513107
2022-03-31,3,HIGH_VOL,0.8870770803860507,-0.06863564595523364,0.1825804706024938
2022-04-01,3,HIGH_VOL,0.8413112223321075,-0.1418568464730291,0.155261022408639
2022-04-04,3,HIGH_VOL,0.8466920559678061,-0.13500837520938025,0.27151211354176774
2022-04-05,3,HIGH_VOL,0.8316586856554125,-0.17574777687954735,0.2530771539318289
2022-04-06,3,HIGH_VOL,0.7275474730374898,-0.114719411223551,0.11683253997540793
2022-04-07,3,HIGH_VOL,0.7242016901877552,-0.09422750424448212,0.10817827775500724
2022-04-08,3,HIGH_VOL,0.7196248419227396,-0.1012530869843592,0.20467330151247387
2022-04-11,3,HIGH_VOL,0.704104322517587,-0.08465197553635573,0.05735976378854501
2022-04-12,3,HIGH_VOL,0.7055589923514972,0.04313562836997087,0.3234921972486321
2022-04-13,3,HIGH_VOL,0.7122733021008355,0.09690656565656552,0.4774356809458304
2022-04-14,3,HIGH_VOL,0.6598041477733091,0.038551174985434145,0.5913116825848538
2022-04-18,3,HIGH_VOL,0.6599667838886212,0.04384518381996316,0.6191480385410593
2022-04-19,3,HIGH_VOL,0.644237276574756,-0.07201964172046926,0.38464782775847806
2022-04-20,3,HIGH_VOL,0.6444026819334555,-0.06479363045666697,0.39055250932494595
2022-04-21,3,HIGH_VOL,0.6170190149059799,-0.09692856521360826,0.4580345843702934
2022-04-22,3,HIGH_VOL,0.6150800862582414,-0.09141890688979892,0.43133553542645736
2022-04-25,3,HIGH_VOL,0.6200086643032952,-0.13485513608428445,0.28049999985974994
2022-04-26,3,HIGH_VOL,0.5840994196084,-0.04020385050962616,0.5390288871917461
2022-04-27,3,HIGH_VOL,0.5818590777517982,-0.021297006907137317,0.5586969879786737
2022-04-28,3,HIGH_VOL,0.5806504407611398,-0.022815804117974348,0.7639827899422352
2022-04-29,3,HIGH_VOL,0.5168279743969881,0.04397686477861984,0.7228027039196046
2022-05-02,3,HIGH_VOL,0.5148275451276346,0.05943386723078481,0.7523048550999969
2022-05-03,3,HIGH_VOL,0.5057582331453739,-0.008423702556158097,0.5826674858127423
2022-05-04,3,HIGH_VOL,0.5353521725048722,0.05737544134954886,0.9145666865921531
2022-05-05,3,HIGH_VOL,0.48510195623792257,0.12501298971214792,0.8313449019352793
2022-05-06,3,HIGH_VOL,0.48492658549090933,0.1430802874101842,0.9132321036262294
2022-05-09,3,HIGH_VOL,0.5392391763446701,0.049155302259312084,0.5509761385298393
2022-05-10,3,HIGH_VOL,0.5309777296386204,0.05801251458267043,0.29764065317747096
2022-05-11,3,HIGH_VOL,0.520843579258719,0.050795228628230715,0.6482287130837603
2022-05-12,3,HIGH_VOL,0.5060198864534773,0.01803357314148668,0.67433188273814
2022-05-13,3,HIGH_VOL,0.5180650233781627,0.033099579242636734,0.9453076439121761
2022-05-16,3,HIGH_VOL,0.5298267034037205,0.06123966174147388,0.9643221197939233
2022-05-17,3,HIGH_VOL,0.49283968479841217,0.10142087212150908,0.844181459149812
2022-05-18,3,HIGH_VOL,0.5284822586882753,0.04746061258440171,0.5798816565187962
2022-05-19,3,HIGH_VOL,0.5333978989870308,0.0587725214375181,0.7204142008281981
2022-05-20,3,HIGH_VOL,0.5283653002963619,0.08043499559126088,0.7396449700494847
2022-05-23,3,HIGH_VOL,0.5082257170313146,0.1192409173939517,0.7151351347485758
2022-05-24,3,HIGH_VOL,0.49992390531794384,0.07935103244837749,0.6664746539939658
2022-05-25,3,HIGH_VOL,0.49993673713093734,0.08145461674181531,0.6987327184915132
2022-05-26,3,HIGH_VOL,0.5009311125293879,0.08285876993166297,0.9153225801179018
2022-05-27,3,HIGH_VOL,0.49963787512051056,0.09914987104785555,0.9717741929886088
2022-05-31,3,HIGH_VOL,0.5004881992029305,0.09032994199866873,0.7561983467602393
2022-06-01,3,HIGH_VOL,0.4869817973376546,0.12547602773166688,0.78328741929142
2022-06-02,3,HIGH_VOL,0.4578535617214274,0.08403673128652267,0.8572084477239631
2022-06-03,3,HIGH_VOL,0.4601517274202773,0.0980048032514318,0.928571428154281
2022-06-06,3,HIGH_VOL,0.459605314624275,0.07952992620934696,0.8907415529220091
2022-06-07,3,HIGH_VOL,0.38638289372691637,0.15830827432340655,0.9306713466736852
2022-06-08,3,HIGH_VOL,0.35894901056519424,0.22403769045709687,0.9571657322028957
2022-06-09,3,HIGH_VOL,0.31446227188529663,0.1494655188723868,0.9186159839577894
2022-06-10,3,HIGH_VOL,0.31820060679431184,0.1370017902572318,0.8741223666629274
2022-06-13,3,HIGH_VOL,0.2921324982330084,0.09448818897637801,0.8871614840084446
2022-06-14,3,HIGH_VOL,0.28085069476925756,0.0414185639229423,0.7676125240862953
2022-06-15,3,HIGH_VOL,0.29809584484723217,0.025889679715302538,0.5905088059733323
2022-06-16,0,BULL,0.238441572014194,0.09856128550074739,0.7020547941770768
2022-06-17,3,HIGH_VOL,0.3867219765074929,-0.017290017290017334,0.09201388883563948
2022-06-21,3,HIGH_VOL,0.39010580378092685,-0.006891548784911161,0.1805555554510668
2022-06-22,3,HIGH_VOL,0.4048549874741195,-0.0371747211895912,0.21038374708334798
2022-06-23,3,HIGH_VOL,0.40893327434174415,-0.050104764507606814,0.12370203154686112
2022-06-24,3,HIGH_VOL,0.4260144422739405,-0.024562675609534956,0.2749435664672942
2022-06-27,3,HIGH_VOL,0.41254889642548903,-0.0396178455605225,0.36297968380903806
2022-06-28,3,HIGH_VOL,0.41825777057858116,-0.028765099504649227,0.4618510155928438
2022-06-29,3,HIGH_VOL,0.42228205532596125,-0.04264410918287265,0.37246049644584167
2022-06-30,3,HIGH_VOL,0.4390721426891528,-0.08242234947076177,0.19097065454132262
2022-07-01,3,HIGH_VOL,0.4468306689862521,-0.07221699324035247,0.31151241520924966
2022-07-05,3,HIGH_VOL,0.5258871116985538,-0.16295112307562887,0.07885714282710178
2022-07-06,3,HIGH_VOL,0.5254483556220613,-0.1685232067510548,0.12001399575926751
2022-07-07,3,HIGH_VOL,0.5531771622212109,-0.13968679340088763,0.26696990893388056
2022-07-08,3,HIGH_VOL,0.5514510731742295,-0.14183932519859133,0.33904828539571463
2022-07-11,3,HIGH_VOL,0.5513707923753086,-0.14336268619866677,0.31455563319994573
2022-07-12,3,HIGH_VOL,0.6119574976502121,-0.20576779646971077,0.025892232321241652
2022-07-13,3,HIGH_VOL,0.6128094442548148,-0.203671545522203,0.08763745415273644
2022-07-14,3,HIGH_VOL,0.6128240731747543,-0.19465231648869086,0.17969018926688804
2022-07-15,3,HIGH_VOL,0.6165597819507738,-0.15367270835140057,0.2554505813025253
2022-07-18,3,HIGH_VOL,0.6159681516781671,-0.15451994217195342,0.340507301944463
2022-07-19,3,HIGH_VOL,0.5486396500925093,-0.06713584591165844,0.43337590445577845
2022-07-20,3,HIGH_VOL,0.5449112809969208,-0.08802045288531779,0.39676458050371854
2022-07-21,3,HIGH_VOL,0.5484651152016148,-0.0926640926640927,0.24648786707258896
2022-07-22,3,HIGH_VOL,0.548161027702459,-0.091780953294332,0.17624521065293952
2022-07-25,3,HIGH_VOL,0.539967595936889,-0.10146812860063181,0.26138782449493925
2022-07-26,3,HIGH_VOL,0.534425200734025,-0.13315688600894393,0.18816517659081952
2022-07-27,3,HIGH_VOL,0.537228011077836,-0.12974230493915528,0.2852277563706993
2022-07-28,3,HIGH_VOL,0.5357365665124136,-0.1216979413372199,0.2805169936426438
2022-07-29,3,HIGH_VOL,0.5321956733551568,-0.06751134644478063,0.3858305407439778
2022-08-01,3,HIGH_VOL,0.5445367911625961,-0.13409572996403218,0.15940641447610981
2022-08-02,3,HIGH_VOL,0.4592310539244673,-0.05105527638190954,0.26294277911243685
2022-08-03,3,HIGH_VOL,0.4782760100233698,-0.0798741500050747,0.018842530269957997
2022-08-04,3,HIGH_VOL,0.4505604291535855,-0.13812907621921544,0.055963821336369186
2022-08-05,3,HIGH_VOL,0.4417432880637895,-0.15058688806183795,0.11086474494963156
2022-08-08,3,HIGH_VOL,0.45252657739503566,-0.12806225381881065,0.22754854355124496
2022-08-09,3,HIGH_VOL,0.35316444540124997,-0.05571786310517535,0.23470073958661664
2022-08-10,3,HIGH_VOL,0.3583717568461888,-0.045379023883696634,0.3308675182711049
2022-08-11,3,HIGH_VOL,0.37175453844586376,-0.015034453956984772,0.49293880262747913
2022-08-12,3,HIGH_VOL,0.37309768171065744,-0.056358233425555904,0.3416274375644739
2022-08-15,3,HIGH_VOL,0.3754412348388866,-0.10068396700865023,0.17197875154583103
2022-08-16,3,HIGH_VOL,0.3807926291469004,-0.14105618423664879,0.04953560368449793
2022-08-17,3,HIGH_VOL,0.3915064872082999,-0.11784140969162993,0.14736842096138156
2022-08-18,3,HIGH_VOL,0.38760756964338083,-0.06476388168136993,0.27120743017262683
2022-08-19,3,HIGH_VOL,0.38474361160553067,-0.044984160506863824,0.2916408666924822
2022-08-22,3,HIGH_VOL,0.37496708194258704,-0.0655635987590486,0.2866873063240325
2022-08-23,3,HIGH_VOL,0.3964214367443968,-0.013055380080016943,0.4959752318910367
2022-08-24,3,HIGH_VOL,0.3890623892065254,-0.024367674275138862,0.567182662187503
2022-08-25,3,HIGH_VOL,0.3976555202926779,-0.040448039825762394,0.42043343627217716
2022-08-26,3,HIGH_VOL,0.38823433990848805,-0.05637801662948694,0.5673374608611936
2022-08-29,3,HIGH_VOL,0.3783241687765953,0.03323037597188194,0.9690721641159173
2022-08-30,3,HIGH_VOL,0.43108703396503795,-0.029442914636729545,0.49538977326455175
2022-08-31,3,HIGH_VOL,0.4141076275813442,-0.012243547319655823,0.32020117324375386
2022-09-01,3,HIGH_VOL,0.4226317866811524,-0.021798057375197688,0.07376362106138808
2022-09-02,3,HIGH_VOL,0.42224921152091316,-0.024042242444669126,0.09555741819316237
2022-09-06,3,HIGH_VOL,0.41520314361780836,-0.04275011018069641,0.09639564115976829
2022-09-07,3,HIGH_VOL,0.4609294116632826,-0.09458563535911602,0.027227722755428254
2022-09-08,3,HIGH_VOL,0.4632813208533496,-0.09126509300554775,0.14216281886867413
2022-09-09,3,HIGH_VOL,0.47594837941431895,-0.0800296798812804,0.33961117840849897
2022-09-12,3,HIGH_VOL,0.4728587422656306,-0.04680204148115974,0.39975698639139917
2022-09-13,3,HIGH_VOL,0.46212329474761427,-0.02348730567050661,0.37120291593487076
2022-09-14,3,HIGH_VOL,0.4491495709314598,0.022535536808043544,0.4422843253692078
2022-09-15,3,HIGH_VOL,0.4658775022138181,-0.03416184315060722,0.23693803144778933
2022-09-16,3,HIGH_VOL,0.4570442574479409,-0.0593718788147819,0.21628189537285447
2022-09-19,3,HIGH_VOL,0.457865024702313,-0.056169836355594804,0.25273390021097564
2022-09-20,3,HIGH_VOL,0.4604091602904563,-0.07104913678618863,0.16646415542742127
2022-09-21,3,HIGH_VOL,0.4355002481647507,-0.1152122893108598,0.10571081403055209
2022-09-22,3,HIGH_VOL,0.43282871079621943,-0.12013910844135323,0.13912515179882998
2022-09-23,3,HIGH_VOL,0.4668813534773364,-0.14894076956333768,0.035677879696391954
2022-09-26,3,HIGH_VOL,0.4680482037067182,-0.17569310122501625,0.021485287238913634
2022-09-27,3,HIGH_VOL,0.44523944425372697,-0.1908050716420988,0.10509107888599203
2022-09-28,3,HIGH_VOL,0.45213117994429985,-0.10355739851593182,0.3580097085206254
2022-09-29,3,HIGH_VOL,0.44795662025284394,-0.09290898939140135,0.3521923618442772
2022-09-30,3,HIGH_VOL,0.43992011586430124,-0.08220759727514149,0.22913719927217982
2022-10-03,3,HIGH_VOL,0.48116629804950395,-0.037297110625072016,0.5219236205644101
2022-10-04,3,HIGH_VOL,0.49777068715490197,-0.004143646408839796,0.736728837348114
2022-10-05,3,HIGH_VOL,0.4493301049463407,0.0710275811569443,0.8256814915167282
2022-10-06,3,HIGH_VOL,0.44576947928210375,0.05877423988508501,0.875179339400876
2022-10-07,3,HIGH_VOL,0.4551310077251951,0.06740407881092292,0.9607268458612385
2022-10-10,3,HIGH_VOL,0.4592509496462219,0.03816359079516962,0.8556641743210669
2022-10-11,3,HIGH_VOL,0.4650445666907238,0.023365021188867185,0.7533064975541649
2022-10-12,3,HIGH_VOL,0.4706408938622759,-0.013675406871609508,0.6336975269501449
2022-10-13,3,HIGH_VOL,0.4537351169361114,0.04712103407755586,0.7395054624844706
2022-10-14,3,HIGH_VOL,0.477805134444567,0.010028315243039154,0.5382403677180906
2022-10-17,3,HIGH_VOL,0.4772250190140243,0.0011715089034676218,0.5296147207995311
2022-10-18,3,HIGH_VOL,0.4953832856330991,-0.022277817488682405,0.3346751004400944
2022-10-19,3,HIGH_VOL,0.5050508380193715,0.01904991560163971,0.4755606667765606
2022-10-20,3,HIGH_VOL,0.5046142212821649,0.012217031979878001,0.47498562364865715
2022-10-21,3,HIGH_VOL,0.45367755332417664,0.0801371602743206,0.5060379525554697
2022-10-24,3,HIGH_VOL,0.4413587779999643,0.10259418589492908,0.4738675955436307
2022-10-25,3,HIGH_VOL,0.43642871950895756,0.08687898089171964,0.5131655936142971
2022-10-26,3,HIGH_VOL,0.4201104746289547,0.07011564211807664,0.6048275857897738
2022-10-27,3,HIGH_VOL,0.4177689257052704,0.09663917271943845,0.6855172409065396
2022-10-28,3,HIGH_VOL,0.4118337161804466,0.10579947163165193,0.5505090050505022
2022-10-31,3,HIGH_VOL,0.38029981095625864,0.03467655147674287,0.4238249591379054
2022-11-01,3,HIGH_VOL,0.3683282727939551,0.02138233934350442,0.5729335489684497
2022-11-02,3,HIGH_VOL,0.370521418170533,0.025524156791248753,0.7050243106118117
2022-11-03,3,HIGH_VOL,0.37747109560137826,-0.0031656302996042607,0.556726093552086
2022-11-04,3,HIGH_VOL,0.3822218969667202,-0.00032383419689119286,0.9165316037953551
2022-11-07,3,HIGH_VOL,0.3788484818925814,0.007242400965653539,0.8432475877465864
2022-11-08,3,HIGH_VOL,0.38969537032287693,-0.004924454392837174,0.6117363339133952
2022-11-09,3,HIGH_VOL,0.4010267077575637,-0.016500515641113767,0.3641479096751224
2022-11-10,3,HIGH_VOL,0.3941626696310471,-0.029626304567388573,0.415594854971387
2022-11-11,3,HIGH_VOL,0.379975741167668,0.03913094264688688,0.6157556265146656
2022-11-14,3,HIGH_VOL,0.4023416155880021,0.004797566112801466,0.36736334375613944
2022-11-15,3,HIGH_VOL,0.3740828025172362,0.059095893749238515,0.43261231245207
2022-11-16,3,HIGH_VOL,0.36564506874358216,0.012659725508755493,0.2664266424244592
2022-11-17,3,HIGH_VOL,0.40777861077005345,-0.03680037865341379,0.01673306771575118
2022-11-18,3,HIGH_VOL,0.40949682948734706,-0.05808348030570254,0.15603715160616877
2022-11-21,3,HIGH_VOL,0.4094465498815958,-0.05367699219673672,0.2582566322370029
2022-11-22,3,HIGH_VOL,0.4105125057840986,-0.05121894045944664,0.3075257172130346
2022-11-23,3,HIGH_VOL,0.4097891723799234,-0.11341144352178367,0.144558743830775
2022-11-25,3,HIGH_VOL,0.40670278773352714,-0.14369106421194433,0.054683270138233486
2022-11-28,3,HIGH_VOL,0.412307111832232,-0.12127417519909,0.18073485591820515
2022-11-29,3,HIGH_VOL,0.41597759682589086,-0.09626719056974453,0.22840119154498492
2022-11-30,3,HIGH_VOL,0.42413913718520774,-0.0884915695371733,0.345084408964705
2022-12-01,3,HIGH_VOL,0.41842455306219134,-0.09755555555555562,0.3783515390375615
2022-12-02,3,HIGH_VOL,0.41630016588909596,-0.09288873766587269,0.31678252218630504
2022-12-05,3,HIGH_VOL,0.3805581263114362,-0.1693121693121692,0.16534260170539158
2022-12-06,3,HIGH_VOL,0.39172336867557145,-0.19108835385118206,0.04477611937911737
2022-12-07,3,HIGH_VOL,0.3908498303258745,-0.19007985603419175,0.014168937321979063
2022-12-08,3,HIGH_VOL,0.3798246813187732,-0.16742397763019934,0.017913593246620306
2022-12-09,3,HIGH_VOL,0.37498217012192275,-0.17867468486180182,0.046953046929593775
2022-12-12,3,HIGH_VOL,0.37695160232217945,-0.17749550359712218,0.1563765181394857
2022-12-13,3,HIGH_VOL,0.3891667001709895,-0.12204495167113083,0.28548387081425597
2022-12-14,3,HIGH_VOL,0.39961734630065476,-0.1109065807639209,0.41308089477161164
2022-12-15,3,HIGH_VOL,0.399565774458983,-0.11076060287416756,0.40469798630557174
2022-12-16,3,HIGH_VOL,0.3694343289303128,-0.08525798525798545,0.33031674183233983
2022-12-19,3,HIGH_VOL,0.37135861883114857,-0.05904381475471232,0.39969834057337944
2022-12-20,3,HIGH_VOL,0.3747578988202459,-0.04760119940029983,0.4638009046276014
2022-12-21,3,HIGH_VOL,0.3860255450098101,-0.03285978999382333,0.6191553539825377
2022-12-22,3,HIGH_VOL,0.3634409181407441,-0.005773672055427337,0.5588235289903286
2022-12-23,3,HIGH_VOL,0.3660691586924247,0.04299947561615114,0.7149321261576681
2022-12-27,3,HIGH_VOL,0.36406492563982756,0.02964785085447952,0.7126696827204602
2022-12-28,3,HIGH_VOL,0.36291856682992485,0.009718670076726221,0.6696832574135112
2022-12-29,3,HIGH_VOL,0.34688777930693,-0.0266914959652389,0.6274509799189664
2022-12-30,3,HIGH_VOL,0.3565172653156635,-0.011819748830337318,0.805379746198276
2023-01-03,3,HIGH_VOL,0.38323993690973435,-0.03813453363340835,0.5419303793180936
2023-01-04,3,HIGH_VOL,0.40673105225470796,-0.05316521513063832,0.24168126073407986
2023-01-05,3,HIGH_VOL,0.39037900358814986,-0.007811447811447825,0.3143607703026616
2023-01-06,3,HIGH_VOL,0.3736690587930697,0.024441049854186714,0.3231173377205625
2023-01-09,3,HIGH_VOL,0.37385551071345924,0.044360481388189266,0.3984238175145147
2023-01-10,3,HIGH_VOL,0.3728141741227428,0.057730216840326865,0.4328888885040991
2023-01-11,3,HIGH_VOL,0.3730120306489071,0.05794724613912794,0.5475663710757008
2023-01-12,3,HIGH_VOL,0.3612240263357796,0.03979307600477511,0.6559734506017996
2023-01-13,3,HIGH_VOL,0.35668472083395336,0.033385093167701774,0.8185840698909468
2023-01-17,3,HIGH_VOL,0.3510909227267804,0.05347523321508363,0.8539822999402858
2023-01-18,3,HIGH_VOL,0.3403104861496074,0.07171635777598717,0.7196078424317571
2023-01-19,3,HIGH_VOL,0.3396485310278177,0.06938179888564622,0.7990196070597849
2023-01-20,3,HIGH_VOL,0.34014427749962206,0.0709694346057983,0.8999999991176474
2023-01-23,3,HIGH_VOL,0.3289917519207807,0.04253416783752706,0.8980392148058446
2023-01-24,3,HIGH_VOL,0.3342825940855234,0.034068912117692696,0.751960783576509
2023-01-25,3,HIGH_VOL,0.32130372074234287,0.007415786827551507,0.7539215678883131
2023-01-26,3,HIGH_VOL,0.32335075139121566,0.01860932981264929,0.8382352932958486
2023-01-27,3,HIGH_VOL,0.3281385012966569,0.009118541033434902,0.7078431365609391
2023-01-30,3,HIGH_VOL,0.3373431091475558,-0.0063775510204081565,0.5333333328104585
2023-01-31,3,HIGH_VOL,0.3291874582607469,-0.017318714178918504,0.6284313719329112
2023-02-01,3,HIGH_VOL,0.3131090789349098,-0.006759391654751257,0.3872549015811228
2023-02-02,2,SIDEWAYS,0.2408685756358569,0.041735310269082726,0.33529411731833914
2023-02-03,3,HIGH_VOL,0.2686620499629208,-0.003800732998506917,0.03033472800174256
2023-02-06,3,HIGH_VOL,0.270951333410676,0.004608919615019635,0.17867435141337717
2023-02-07,3,HIGH_VOL,0.3036745050074351,0.03363258743132791,0.46974063355452406
2023-02-08,3,HIGH_VOL,0.3082032534180637,0.044595314164004085,0.5975024009630141
2023-02-09,3,HIGH_VOL,0.2908765500452552,0.008396847952460984,0.5581171944686678
2023-02-10,3,HIGH_VOL,0.2970548720406049,0.016966449802270578,0.7175792500311439
2023-02-13,3,HIGH_VOL,0.29018847948768045,0.003506135737540772,0.7579250713180358
2023-02-14,3,HIGH_VOL,0.29379548230671526,-0.013968570715889306,0.6541786737231717
2023-02-15,3,HIGH_VOL,0.2940483148090443,-0.015162907268170378,0.6102021168332995
2023-02-16,3,HIGH_VOL,0.291460714813254,-0.023198114377868784,0.6246390754334555
2023-02-17,3,HIGH_VOL,0.3016307736196304,-0.062346888780009824,0.4138594798711647
2023-02-21,3,HIGH_VOL,0.30144260731597694,-0.06444498897329087,0.4017595303990618
2023-02-22,3,HIGH_VOL,0.31412928274625446,-0.077124672407338,0.16617790795095044
2023-02-23,3,HIGH_VOL,0.32464661364898506,-0.05938864628820961,0.30694037115646094
2023-02-24,3,HIGH_VOL,0.3255849945623118,-0.05789408714973476,0.3978494619766859
2023-02-27,3,HIGH_VOL,0.3223523139718649,-0.050200803212851364,0.40979689317825996
2023-02-28,3,HIGH_VOL,0.3210754495506664,-0.010911424903722877,0.5734767018238025
2023-03-01,3,HIGH_VOL,0.3192099583654279,-0.01496132876886025,0.6499402620669763
2023-03-02,3,HIGH_VOL,0.2981119891869375,0.022902761418662543,0.7060931891205569
2023-03-03,3,HIGH_VOL,0.30315832869970694,0.05007907221929386,0.8876941446980956
2023-03-06,3,HIGH_VOL,0.27271277271422906,0.0963346504973428,0.9797136026495061
2023-03-07,3,HIGH_VOL,0.30814135166507006,0.04682229118877346,0.5294117639644094
2023-03-08,3,HIGH_VOL,0.2773164873796863,-0.0062224526834328,0.400560223528627
2023-03-09,3,HIGH_VOL,0.2724508569716498,-0.035045240219192086,0.26890756264858906
2023-03-10,3,HIGH_VOL,0.27677364237566826,-0.017678708685626376,0.4033613439728846
2023-03-13,3,HIGH_VOL,0.27644741901993497,-0.061716006021073744,0.2893518515169538
2023-03-14,3,HIGH_VOL,0.31572159226647367,-0.1099326179186424,0.054133858214434914
2023-03-15,3,HIGH_VOL,0.3578403156868408,-0.14482671388818624,0.12818835832034736
2023-03-16,3,HIGH_VOL,0.36394729507326723,-0.13029647537854705,0.1765860038086416
2023-03-17,3,HIGH_VOL,0.36560519666028823,-0.1499872999745998,0.09961439582287064
2023-03-20,3,HIGH_VOL,0.3649903277928892,-0.11404310907903337,0.2086851627209374
2023-03-21,3,HIGH_VOL,0.38326306759205775,-0.08761131482451545,0.320265379782711
2023-03-22,3,HIGH_VOL,0.3764446667977133,-0.041244083840432655,0.3944511457210793
2023-03-23,3,HIGH_VOL,0.36960951579608453,-0.07202546756864314,0.33775633272752903
2023-03-24,3,HIGH_VOL,0.36526148556864274,-0.09250524109014657,0.29553679113658854
2023-03-27,3,HIGH_VOL,0.41336614926471965,-0.03792283298097254,0.5096501806335043
2023-03-28,3,HIGH_VOL,0.40771295215896897,-0.04996755353666438,0.533172496662743
2023-03-29,3,HIGH_VOL,0.40569799393328,-0.06075427983009396,0.5193003615685764
2023-03-30,3,HIGH_VOL,0.4121472306126664,-0.0484902763561923,0.603739444750459
2023-03-31,3,HIGH_VOL,0.4108505876033308,-0.05032630522088355,0.682147164847921
2023-04-03,3,HIGH_VOL,0.46740523556102337,-0.000497141436738624,0.9267166757491538
2023-04-04,3,HIGH_VOL,0.44719151940753044,0.04034544985821076,0.9369627501793905
2023-04-05,3,HIGH_VOL,0.4443833087673148,0.0515262196712758,0.9312320911568869
2023-04-06,3,HIGH_VOL,0.4409734452126179,0.06576862123613325,0.9363896842771405
2023-04-10,3,HIGH_VOL,0.4426364437793334,0.039906103286384775,0.8813753576611025
2023-04-11,3,HIGH_VOL,0.4363303236346427,0.08997326203208567,0.9839541541639231
2023-04-12,3,HIGH_VOL,0.39416616928145637,0.16725080611243537,0.9859154924434455
2023-04-13,3,HIGH_VOL,0.33216035893068085,0.21520485135335,0.928534167486419
2023-04-14,3,HIGH_VOL,0.33266815252604126,0.20731528895391382,0.9473135101996275
2023-04-17,3,HIGH_VOL,0.33230376564723046,0.20767966532197812,0.8591549291292878
2023-04-18,3,HIGH_VOL,0.33333126045065514,0.1928634621055738,0.8426092155340462
2023-04-19,3,HIGH_VOL,0.3418236572820313,0.13736184871537227,0.743267504043526
2023-04-20,3,HIGH_VOL,0.3553517189257939,0.09125528913963321,0.6313584676054111
2023-04-21,3,HIGH_VOL,0.3491573557598322,0.11306460834762744,0.6612806698615918
2023-04-24,3,HIGH_VOL,0.34486960042856135,0.13716430840311866,0.6687499995355907
2023-04-25,3,HIGH_VOL,0.31756729146875023,0.05850844664194477,0.43033509662227887
2023-04-26,3,HIGH_VOL,0.34675190638083025,0.015027322404371546,0.15476190462018116
2023-04-27,3,HIGH_VOL,0.34694211030680044,0.024530629025627082,0.1968864467061484
2023-04-28,3,HIGH_VOL,0.35315918986883676,0.03240553986822636,0.30840163902827733
2023-05-01,3,HIGH_VOL,0.3525292648469445,-0.00013215276860056857,0.18020833314561535
2023-05-02,3,HIGH_VOL,0.3246949374757455,-0.10892812733150958,0.019818331940694597
2023-05-03,3,HIGH_VOL,0.349010427535821,-0.15004336513443195,0.041720154016867135
2023-05-04,3,HIGH_VOL,0.34919002739477345,-0.14948517553653384,0.24736048253023613
2023-05-05,3,HIGH_VOL,0.38752808676773437,-0.11598513011152412,0.38712921046398746
2023-05-08,3,HIGH_VOL,0.4023130169878538,-0.08251818409831957,0.47863247839183864
2023-05-09,3,HIGH_VOL,0.3927334361328344,-0.0959156138844598,0.5062845648535519
2023-05-10,3,HIGH_VOL,0.38192445288121896,-0.12851309152053814,0.45050505027752286
2023-05-11,3,HIGH_VOL,0.3859318927195866,-0.13741480038948384,0.3711498971400669
2023-05-12,3,HIGH_VOL,0.38365441120011323,-0.15123606398448852,0.3356056631695832
2023-05-15,3,HIGH_VOL,0.3892371737483423,-0.12025238154150686,0.41778523466566825
2023-05-16,3,HIGH_VOL,0.38846083823335814,-0.12410383189122376,0.4102272724941891
2023-05-17,3,HIGH_VOL,0.4026156478251365,-0.08089348813730435,0.5913770909965395
2023-05-18,3,HIGH_VOL,0.3971738128027178,-0.07018224117875149,0.5341055337618364
2023-05-19,3,HIGH_VOL,0.395391513152278,-0.07936304096571212,0.5180180176846727
2023-05-22,3,HIGH_VOL,0.3927218758702305,-0.08519553072625707,0.5450421253758638
2023-05-23,3,HIGH_VOL,0.3912463901071015,-0.05397690411314382,0.6487053879295268
2023-05-24,3,HIGH_VOL,0.37729202914025417,0.0005383580080755568,0.8057228909595461
2023-05-25,3,HIGH_VOL,0.39551347250089697,-0.039192081326912875,0.616716867005484
2023-05-26,3,HIGH_VOL,0.3845112057136582,-0.053529564990883016,0.691954022458273
2023-05-30,3,HIGH_VOL,0.4113572112276553,-0.08194554586307168,0.46672012793366413
2023-05-31,3,HIGH_VOL,0.3721065217640157,-0.04981858777560699,0.40126239819543524
2023-06-01,3,HIGH_VOL,0.3547550025798167,0.02186588921282806,0.582506762324159
2023-06-02,3,HIGH_VOL,0.3631621557054096,0.04638273045507568,0.6116883108939103
2023-06-05,3,HIGH_VOL,0.33562146407026794,0.011354079058031985,0.6376089655820565
2023-06-06,3,HIGH_VOL,0.32324173534718065,-0.01940951339529795,0.5865504351350546
2023-06-07,3,HIGH_VOL,0.3246753547381575,-0.016008682675349273,0.6849315059963491
2023-06-08,3,HIGH_VOL,0.3256447131179164,-0.017502756339580983,0.5305105846444456
2023-06-09,3,HIGH_VOL,0.31960215760031285,-0.009877240016932465,0.3910336234233703
2023-06-12,3,HIGH_VOL,0.35406178128122384,-0.04169046259280418,0.038740920049951326
2023-06-13,3,HIGH_VOL,0.3717343159335733,-0.023765996343692808,0.3171912829089697
2023-06-14,3,HIGH_VOL,0.3757486968794346,-0.036550945526390155,0.17796610147945965
2023-06-15,3,HIGH_VOL,0.38640295667971464,-0.02773582314980083,0.485472154375942
2023-06-16,3,HIGH_VOL,0.38870706281824563,-0.00013900472616057424,0.621065374550769
2023-06-20,3,HIGH_VOL,0.39027978327303264,-0.0069744734272562114,0.5314769969352575
2023-06-21,3,HIGH_VOL,0.3957283992184485,0.0066620402498265285,0.6937045996444254
2023-06-22,3,HIGH_VOL,0.4209994388963957,-0.04663283500205717,0.3280871666730187
2023-06-23,3,HIGH_VOL,0.4130709896537711,-0.06967984934086635,0.2857142853683844
2023-06-26,3,HIGH_VOL,0.39718635335757235,-0.03424752888765137,0.3111380141511653
2023-06-27,3,HIGH_VOL,0.4016431030439391,-0.0683913581945782,0.10895883764048628
2023-06-28,3,HIGH_VOL,0.3838186823524804,0.0014396775122373917,0.3341404354308231
2023-06-29,3,HIGH_VOL,0.3766480852854185,0.025995006608899862,0.3704600479776513
2023-06-30,3,HIGH_VOL,0.3642403995563688,0.0077032810271042695,0.4648910405994056
2023-07-03,3,HIGH_VOL,0.356450740062837,-0.027181488709227652,0.36198547171672546
2023-07-05,3,HIGH_VOL,0.3710816454356009,-0.00498960498960499,0.7700617272066959
2023-07-06,3,HIGH_VOL,0.3705229192462095,0.0008363534987454457,0.7716049370808561
2023-07-07,3,HIGH_VOL,0.3822177974822853,0.018337239762856727,0.9915730323152061
2023-07-10,3,HIGH_VOL,0.37928783988427506,0.023846261747790587,0.8421768696024792
2023-07-11,3,HIGH_VOL,0.3825977865407382,0.0664101467863758,0.9840686262450143
2023-07-12,3,HIGH_VOL,0.3394240149450094,0.12857568533969,0.9560439549933576
2023-07-13,3,HIGH_VOL,0.3254029570352413,0.10760587726879867,0.9571984426486398
2023-07-14,3,HIGH_VOL,0.32783529465503247,0.10473121429617693,0.8142023338383249
2023-07-17,3,HIGH_VOL,0.31428105019294356,0.047168479028385946,0.6906614779273728
2023-07-18,3,HIGH_VOL,0.3171910601472815,0.05185597108299711,0.8375486373175595
2023-07-19,3,HIGH_VOL,0.31484326284813885,0.057592358477314365,0.8015564194537397
2023-07-20,3,HIGH_VOL,0.3093845855037118,0.043016682751964685,0.8365758746725922
2023-07-21,3,HIGH_VOL,0.265373871783238,0.10876132930513571,0.9747081702580654
2023-07-24,3,HIGH_VOL,0.26849312750162496,0.13851937536148062,0.9558462788586697
2023-07-25,3,HIGH_VOL,0.26867312964590967,0.14790255153524567,0.9789883260863895
2023-07-26,3,HIGH_VOL,0.25143353534328444,0.16366322008862633,0.912840466215688
2023-07-27,0,BULL,0.2431905735799498,0.1513801035077631,0.9562981996946894
2023-07-28,0,BULL,0.2430052419982159,0.15344975665616944,0.9883720921392024
2023-07-31,0,BULL,0.24425029791405936,0.15798414496036228,0.9837530455046682
2023-08-01,0,BULL,0.23816417688120378,0.16592635048001148,0.9310064927508068
2023-08-02,0,BULL,0.24925044305374883,0.10725727817244723,0.7592137585919616
2023-08-03,3,HIGH_VOL,0.2587268756447716,0.1357938718662952,0.9217081842333549
2023-08-04,0,BULL,0.24809778343025873,0.1213105875981586,0.9602648997537699
2023-08-07,0,BULL,0.24703400341098575,0.1226195369228662,0.8682170534222702
2023-08-08,0,BULL,0.23782943015046043,0.10811171989843649,0.9599156108017772
2023-08-09,0,BULL,0.24076672707047087,0.11419141914191422,0.9769159732438448
2023-08-10,3,HIGH_VOL,0.252664058425096,0.07712316296007282,0.8130081293468755
2023-08-11,0,BULL,0.23758120312860778,0.10302307080350026,0.8464317968866919
2023-08-14,0,BULL,0.22873771943710197,0.112744436952124,0.7850045160027065
2023-08-15,0,BULL,0.23666678223162171,0.07044673539518898,0.623915139224768
2023-08-16,0,BULL,0.2495143010509117,0.05432328330455549,0.468659594533597
2023-08-17,3,HIGH_VOL,0.25195687373930775,0.06265697290152006,0.5108695646620984
2023-08-18,2,SIDEWAYS,0.24519195914015063,0.04658103023225646,0.4994082834326526
2023-08-21,2,SIDEWAYS,0.23621363835122844,0.017526035052070288,0.27727272685261706
2023-08-22,2,SIDEWAYS,0.23409494983257959,0.00012558081125213505,0.17192428994964667
2023-08-23,2,SIDEWAYS,0.23336470373586268,0.001396293475501409,0.17469050870056282
2023-08-24,2,SIDEWAYS,0.22537569518695252,-0.012985391434636062,0.1999999997260266
2023-08-25,2,SIDEWAYS,0.22723282655083119,-0.00930752047654504,0.3068493146481511
2023-08-28,2,SIDEWAYS,0.22035560752826708,-0.020782396088019572,0.34383561596734735
2023-08-29,2,SIDEWAYS,0.22531877820223925,-0.0025808037360207647,0.4890410952204909
2023-08-30,2,SIDEWAYS,0.20856670409278957,0.026921625361680634,0.5534246567761297
2023-08-31,2,SIDEWAYS,0.20648567621981712,0.025505824647455544,0.827397259140551
2023-09-01,2,SIDEWAYS,0.21453623269011513,0.032963052402801285,0.9397874841324816
2023-09-05,0,BULL,0.2131387380678939,0.057969245789602164,0.8683206098584729
2023-09-06,0,BULL,0.21206701387310525,0.05571635311143286,0.948522401383678
2023-09-07,2,SIDEWAYS,0.20736932524340096,0.029265402843601906,0.8846520487276915
2023-09-08,0,BULL,0.19369990840936074,0.056628833615068874,0.9456625348468427
2023-09-11,2,SIDEWAYS,0.19446710167734743,0.049284769804063044,0.918560605190757
2023-09-12,0,BULL,0.19734327070952695,0.07671797357896004,0.9550084881536429
2023-09-13,0,BULL,0.18142092366577595,0.09297444128904808,0.9070539411559714
2023-09-14,0,BULL,0.16286139822211704,0.1358024691358024,0.9522727265513078
2023-09-15,0,BULL,0.16118358808235367,0.12912053738027107,0.9662756591156331
2023-09-18,0,BULL,0.1635455266138977,0.12298537069179272,0.943355119140628
2023-09-19,0,BULL,0.15899848660418767,0.129306040938592,0.8685983821640171
2023-09-20,0,BULL,0.16246153196807153,0.12581617277749868,0.8133423175112242
2023-09-21,0,BULL,0.15400621224453406,0.13613892762073765,0.8113207541702683
2023-09-22,0,BULL,0.15333534134707774,0.13889943074003797,0.8320503843022736
2023-09-25,0,BULL,0.1570836183173589,0.12338719779531515,0.7899159657831047
2023-09-26,0,BULL,0.1569697410059287,0.12846441947565546,0.8441558435109576
2023-09-27,0,BULL,0.1879816401948871,0.1542631838344013,0.9631301723377504
2023-09-28,0,BULL,0.21341075098501394,0.12348401323043001,0.7549815492583155
2023-09-29,0,BULL,0.20889426988370965,0.0856152098529237,0.6335350037739548
2023-10-02,2,SIDEWAYS,0.21616662924155772,0.0382232612507305,0.37962037924113795
2023-10-03,2,SIDEWAYS,0.21228573763721986,0.02929980389895026,0.36263736223885995
2023-10-04,3,HIGH_VOL,0.29605939778734536,-0.037925519762394444,0.005519779203753859
2023-10-05,3,HIGH_VOL,0.3048131563189848,-0.05249222976861978,0.012422360238802254
2023-10-06,3,HIGH_VOL,0.30419437706567326,-0.053936692949377196,0.09534368063906647
2023-10-09,3,HIGH_VOL,0.343969539804587,-0.01042502004811563,0.36067997016948966
2023-10-10,3,HIGH_VOL,0.3374375031010597,-0.03230526789734356,0.3303769398888565
2023-10-11,3,HIGH_VOL,0.3514271666575694,-0.05682331676457297,0.14708056160600066
2023-10-12,3,HIGH_VOL,0.34246941726650776,-0.08041259982253768,0.10421286023339747
2023-10-13,3,HIGH_VOL,0.40276933451019165,-0.03393191583122179,0.45750184740761113
2023-10-16,3,HIGH_VOL,0.4043622260328049,-0.043276661514683123,0.38137472255626376
2023-10-17,3,HIGH_VOL,0.4044213559972657,-0.04221927497789579,0.38137472255626376
2023-10-18,3,HIGH_VOL,0.40479595982111094,-0.026656256970778558,0.42645971882745
2023-10-19,3,HIGH_VOL,0.40778716989303526,-0.014057793149614972,0.5077605317754914
2023-10-20,3,HIGH_VOL,0.4074133482189576,-0.021659446851049702,0.48632668108918925
2023-10-23,3,HIGH_VOL,0.4199985463671978,-0.04672167707404118,0.29490022151152934
2023-10-24,3,HIGH_VOL,0.42295783877557663,-0.0735700851864145,0.16555801909419174
2023-10-25,3,HIGH_VOL,0.40641122774812033,-0.08849274124679762,0.2875092385162533
2023-10-26,3,HIGH_VOL,0.40923013582249546,-0.09268345872860106,0.14741379297636695
2023-10-27,3,HIGH_VOL,0.42444943163512283,-0.05782575173477256,0.389210018892862
2023-10-30,3,HIGH_VOL,0.43810452463889665,-0.07329430308489071,0.0923603191649258
2023-10-31,3,HIGH_VOL,0.4388941233871779,-0.09200941387425765,0.03073545550962092
2023-11-01,3,HIGH_VOL,0.39218048658139665,-0.04488245072429353,0.014659685848523951
2023-11-02,3,HIGH_VOL,0.3954500545473781,0.0018223788118088002,0.23260643797237085
2023-11-03,3,HIGH_VOL,0.4037494854022309,-0.02753955791762286,0.04205128200815363
2023-11-06,3,HIGH_VOL,0.36998954281785945,-0.06436675156286176,0.07384615377041408
2023-11-07,3,HIGH_VOL,0.39673985481262786,-0.10003489589391645,0.021943573650514542
2023-11-08,3,HIGH_VOL,0.39479161508151406,-0.09773625583902257,0.028112449780380005
2023-11-09,3,HIGH_VOL,0.39647955951930375,-0.08647931491979255,0.055555555518369666
2023-11-10,3,HIGH_VOL,0.33876239345425185,-0.11996806933515791,0.15127175358013975
2023-11-13,3,HIGH_VOL,0.34562231082926026,-0.0969305331179321,0.22423025420064968
2023-11-14,3,HIGH_VOL,0.34562231082926026,-0.0969305331179321,0.22423025420064968
2023-11-15,3,HIGH_VOL,0.34671593840712833,-0.12157671593903974,0.11713520741824954
2023-11-16,3,HIGH_VOL,0.368153703007577,-0.17290935837954058,0.04118993132655034
2023-11-17,3,HIGH_VOL,0.4071012840438069,-0.1366939146230699,0.23052763804615106
2023-11-20,3,HIGH_VOL,0.4118018769538115,-0.08960112293835532,0.39195979871359643
2023-11-21,3,HIGH_VOL,0.407591967415441,-0.07129209457845709,0.3991130817449268
2023-11-22,3,HIGH_VOL,0.39847914378758487,-0.0970839676777141,0.3495934956765746
2023-11-24,3,HIGH_VOL,0.3951854453960698,-0.09217642110323265,0.2342941609502631
2023-11-27,3,HIGH_VOL,0.37622784187408165,-0.12485386953472066,0.1925754058835454
2023-11-28,3,HIGH_VOL,0.3682302118217858,-0.07168023326448802,0.3597506675336143
2023-11-29,3,HIGH_VOL,0.37361767465809953,-0.03900271537891875,0.4888691001880061
2023-11-30,3,HIGH_VOL,0.381932945954852,-0.0556936847339633,0.3196794298132857
2023-12-01,3,HIGH_VOL,0.37506876517028725,-0.10174630123696338,0.1513802313879063
2023-12-04,3,HIGH_VOL,0.3701739276617067,-0.09278350515463918,0.06788247206901496
2023-12-05,3,HIGH_VOL,0.369098053525689,-0.10517198713189801,0.033222591325334574
2023-12-06,3,HIGH_VOL,0.3662594974610915,-0.10327000129249075,0.02532833018261846
2023-12-07,3,HIGH_VOL,0.3577806059601966,-0.07951679277844148,0.04922515948110799
2023-12-08,3,HIGH_VOL,0.3731771636457577,-0.059545814628993776,0.22151321766498402
2023-12-11,3,HIGH_VOL,0.3647194133508074,-0.07580666061941177,0.22971741091183429
2023-12-12,3,HIGH_VOL,0.3780892104671972,-0.12330692563250711,0.03376623373699899
2023-12-13,3,HIGH_VOL,0.3835111381746348,-0.11231791464349616,0.14802354907651552
2023-12-14,3,HIGH_VOL,0.3994885515377951,-0.0662666318810331,0.3254835993898375
2023-12-15,3,HIGH_VOL,0.36391209598542207,-0.01792310849637435,0.34230445723944175
2023-12-18,3,HIGH_VOL,0.336729393572209,-0.042346133613887615,0.4297729180573818
2023-12-19,3,HIGH_VOL,0.32984000380684053,-0.04998072722600544,0.5239697220151646
2023-12-20,3,HIGH_VOL,0.33056280132770816,-0.04564742188504556,0.5475189230046101
2023-12-21,3,HIGH_VOL,0.329834120806055,-0.04163424124513615,0.5197645075527637
2023-12-22,3,HIGH_VOL,0.3228713870471749,-0.026211278792692694,0.49201009210091734
2023-12-26,3,HIGH_VOL,0.3364653662326027,0.009484370825540989,0.6610597134894366
2023-12-27,3,HIGH_VOL,0.3348521870746042,-0.030100772150242094,0.538267451187328
2023-12-28,3,HIGH_VOL,0.3425085783863716,-0.0782173131261239,0.3414634143469611
2023-12-29,3,HIGH_VOL,0.333751658854296,-0.05674038967877815,0.4353591155410404
2024-01-02,3,HIGH_VOL,0.3282424965334304,-0.049817739975698605,0.31523022394896044
2024-01-03,3,HIGH_VOL,0.34757802533291987,-0.004654983570646309,0.5891381338971216
2024-01-04,3,HIGH_VOL,0.3466676432697124,-0.0017975663716813806,0.528925619210241
2024-01-05,3,HIGH_VOL,0.318319895719112,0.06385125396367841,0.7201889011568016
2024-01-08,3,HIGH_VOL,0.3564399554865613,0.02062301701759428,0.36127508812128056
2024-01-09,3,HIGH_VOL,0.35101053147437,0.01417941878421991,0.5348288069246405
2024-01-10,3,HIGH_VOL,0.3539286348805014,0.0007010656197421472,0.43211334069408164
2024-01-11,3,HIGH_VOL,0.3238704754360636,0.049701209736189966,0.5088547809812807
2024-01-12,3,HIGH_VOL,0.32271491307100314,0.04620699582553622,0.4927536224742705
2024-01-16,3,HIGH_VOL,0.30616302492921277,0.011455713886560526,0.452173912388154
2024-01-17,3,HIGH_VOL,0.3061139540101079,0.010866536639732471,0.4753623181516486
2024-01-18,3,HIGH_VOL,0.3092848920763843,0.015517714913485525,0.6768115932220119
2024-01-19,3,HIGH_VOL,0.30637551124842266,-0.009331890722207192,0.5753623180067207
2024-01-22,3,HIGH_VOL,0.3149953587386136,0.007275666936135794,0.7942028973997058
2024-01-23,3,HIGH_VOL,0.3151643788744646,0.006496142915144221,0.7376811583511866
2024-01-24,3,HIGH_VOL,0.3162923038947514,0.020799347471451846,0.8420289842869142
2024-01-25,3,HIGH_VOL,0.3195058596652127,0.023686648140796684,0.9817739963769445
2024-01-26,3,HIGH_VOL,0.31077926786458854,0.05262447712859264,0.9721603552648548
2024-01-29,3,HIGH_VOL,0.29155753038960136,0.06980632576285362,0.7492507485022466
2024-01-30,3,HIGH_VOL,0.2930253899046072,0.08611304954640597,0.8531468522945573
2024-01-31,3,HIGH_VOL,0.30191322110950897,0.0777209434498436,0.6563436556879673
2024-02-01,3,HIGH_VOL,0.30086821229768873,0.015405777166437318,0.40283842750781756
2024-02-02,3,HIGH_VOL,0.30969870410193096,0.001246710070647028,0.23471615694900014
2024-02-05,3,HIGH_VOL,0.29980218611910575,-0.013954748679040785,0.28930130972783724
2024-02-06,3,HIGH_VOL,0.25772849853548674,0.035890914229193216,0.3219954644875336
2024-02-07,2,SIDEWAYS,0.2491134710237111,0.022425249169435224,0.38225255929209
2024-02-08,3,HIGH_VOL,0.26587731166452444,0.0679557236934285,0.6507394759377246
2024-02-09,3,HIGH_VOL,0.2656211122243068,0.06692585392946415,0.7212741743785275
2024-02-12,3,HIGH_VOL,0.264794796127747,0.05833791964777091,0.7303754257902437
2024-02-13,3,HIGH_VOL,0.26557683447727853,0.07555248618784538,0.8384527863043767
2024-02-14,3,HIGH_VOL,0.2745213255687692,0.05622932745314224,0.6637055829140789
2024-02-15,3,HIGH_VOL,0.27028288087420077,0.0492224475997296,0.784263958395604
2024-02-16,3,HIGH_VOL,0.2681460172436719,0.07112627986348108,0.8946700496260518
2024-02-20,3,HIGH_VOL,0.2708077198455772,0.03049759229534521,0.7144670041694585
2024-02-21,3,HIGH_VOL,0.27168179266769193,0.04759983864461459,0.8248730953999063
2024-02-22,3,HIGH_VOL,0.27144645449918897,0.04687708083632969,0.9137055825968196
2024-02-23,3,HIGH_VOL,0.27044197007341847,-0.01124612202688735,0.6446700499433111
2024-02-26,3,HIGH_VOL,0.2737340450454547,-0.005512113831560139,0.7829949228642189
2024-02-27,3,HIGH_VOL,0.27336660022147,0.027220630372492893,0.9828721989685485
2024-02-28,3,HIGH_VOL,0.2701549208533412,0.009252120277563725,0.8684531049105324
2024-02-29,3,HIGH_VOL,0.2526666614513943,0.03177323665128551,0.8343483546475661
2024-03-01,0,BULL,0.23807270086924018,0.0833107558927122,0.9067796600563779
2024-03-04,0,BULL,0.23099166680278635,0.0893746541228555,0.7764830500249119
2024-03-05,0,BULL,0.2344695364697676,0.07378400659521844,0.6812278622417629
2024-03-06,0,BULL,0.23627939408671822,0.07938889646705771,0.7742782142069838
2024-03-07,0,BULL,0.23689512305004742,0.068643379366369,0.7366255133928333
2024-03-08,2,SIDEWAYS,0.2176864169694016,0.023484649698241933,0.4671669784856173
2024-03-11,2,SIDEWAYS,0.21623274763436284,0.014185320145757352,0.4521575976507384
2024-03-12,2,SIDEWAYS,0.2170914296325301,0.00832033281331257,0.3827392112894212
2024-03-13,2,SIDEWAYS,0.23413170265535352,0.023757544625658156,0.7879924938311593
2024-03-14,0,BULL,0.2332473762051449,0.06028183716075164,0.9409836050147812
2024-03-15,2,SIDEWAYS,0.23131358598729282,0.04446449284701637,0.8996539776822599
2024-03-18,2,SIDEWAYS,0.23281466608511653,0.04715778740759635,0.9489489475241002
2024-03-19,0,BULL,0.22012075949829657,0.07385773624091385,0.9464285701285321
2024-03-20,2,SIDEWAYS,0.23058725413168002,0.043126684636118684,0.7458791198545606
2024-03-21,2,SIDEWAYS,0.22965723421886639,0.03129372853326551,0.7184065924197697
2024-03-22,0,BULL,0.2049617309428137,0.05412472218590669,0.6579670320632309
2024-03-25,0,BULL,0.20664531461150595,0.05632895076050537,0.8151658754894691
2024-03-26,2,SIDEWAYS,0.20130480804111295,0.03486750348675027,0.7630331741500265
2024-03-27,2,SIDEWAYS,0.2009865389113021,0.03577794754265318,0.7203791457813898
2024-03-28,0,BULL,0.21232858954281036,0.06273958599539986,0.9937694688570582
2024-04-01,2,SIDEWAYS,0.20127690101854848,0.04676753782668497,0.8987012975341538
2024-04-02,0,BULL,0.19623360917837615,0.0814071628143258,0.9598163019979152
2024-04-03,0,BULL,0.1915760780098691,0.09315419065898922,0.9181721563037494
2024-04-04,0,BULL,0.19217799415202558,0.09427524327056758,0.9395973145353816
2024-04-05,0,BULL,0.19041820226090145,0.10110224249334832,0.9335793349321223
2024-04-08,0,BULL,0.1844645059949876,0.10793488014357133,0.8892988921685443
2024-04-09,0,BULL,0.1955907694689785,0.09367380982933393,0.7667638476513476
2024-04-10,0,BULL,0.19388679819727414,0.1115265600825166,0.8588469176353408
2024-04-11,0,BULL,0.18658405219264887,0.06648268941294533,0.6761786592106965
2024-04-12,0,BULL,0.17778501925905024,0.05414718188530632,0.7272727262859252
2024-04-15,0,BULL,0.17787106468496713,0.053923988153997904,0.6933514237539324
2024-04-16,2,SIDEWAYS,0.1732196041789136,0.038948393378773094,0.6865671632475343
2024-04-17,2,SIDEWAYS,0.20912564697564026,-0.00048350054393819786,0.3242876522058511
2024-04-18,2,SIDEWAYS,0.2003508579740537,0.01021287067798693,0.24423337823034766
2024-04-19,2,SIDEWAYS,0.20006282415505022,0.014185271987171566,0.24827586172651567
2024-04-22,2,SIDEWAYS,0.1995084116744531,0.015750961180702072,0.1896067413067332
2024-04-23,2,SIDEWAYS,0.20103775360966217,0.017205613178767454,0.39466292079401283
2024-04-24,2,SIDEWAYS,0.20207795344158644,0.014579759862778596,0.31741572989127054
2024-04-25,2,SIDEWAYS,0.2036052005345868,0.02728948985863555,0.4117647052915845
2024-04-26,2,SIDEWAYS,0.1885395974289777,0.008176025009017485,0.45193687166149543
2024-04-29,2,SIDEWAYS,0.19435273545271,-0.012901684386572687,0.2769010039068842
2024-04-30,2,SIDEWAYS,0.1843935391377142,-0.03781561949500878,0.1764705879821088
2024-05-01,1,BEAR,0.2199384911953492,-0.07526629989465061,0.01923076920901515
2024-05-02,1,BEAR,0.21063722650320382,-0.08823189744774229,0.058315334710243256
2024-05-03,1,BEAR,0.20929765593331004,-0.10125417098147504,0.015447991745162268
2024-05-06,1,BEAR,0.21231655453452172,-0.09198195071155846,0.05840163928442527
2024-05-07,1,BEAR,0.20982440316576675,-0.08037076146896638,0.08201581019563634
2024-05-08,1,BEAR,0.2065717263280081,-0.08374898503653871,0.19480519462448442
2024-05-09,1,BEAR,0.2051180381558237,-0.06774876499647131,0.21985157679049058
2024-05-10,1,BEAR,0.20326334413602026,-0.08638804576231607,0.14747039811897733
2024-05-13,1,BEAR,0.21052208035954856,-0.07364477227490918,0.24004305679220364
2024-05-14,1,BEAR,0.21315332834974193,-0.08598875351452673,0.1291428569952648
2024-05-15,2,SIDEWAYS,0.19111408373932004,-0.04909904462450121,0.21588366866232173
2024-05-16,2,SIDEWAYS,0.1935256276133707,-0.034957369062119215,0.28299776254698256
2024-05-17,2,SIDEWAYS,0.19446051424952848,-0.03210897591826811,0.37113402014029107
2024-05-20,2,SIDEWAYS,0.1944070707699147,-0.031746031746031855,0.33505154595998476
2024-05-21,1,BEAR,0.1816061815819355,-0.056381957773512514,0.2525773192621421
2024-05-22,1,BEAR,0.18542364701317882,-0.0632773819587007,0.11211340191737852
2024-05-23,1,BEAR,0.18046380675227147,-0.08017231063778851,0.054794520479707745
2024-05-24,1,BEAR,0.18663348523965212,-0.07310673822301728,0.20231958736814423
2024-05-28,2,SIDEWAYS,0.21102966299853249,-0.03388599782161439,0.5146853139654747
2024-05-29,2,SIDEWAYS,0.21064632445892925,-0.03295496155254485,0.5682656816083669
2024-05-30,2,SIDEWAYS,0.17647187273495882,-0.013797468354430409,0.3937360170162486
2024-05-31,2,SIDEWAYS,0.1808795559665189,-0.024825839138695516,0.18791946266684448
2024-06-03,2,SIDEWAYS,0.21839382721575992,-0.04980156189988483,0.03614457825881763
2024-06-04,1,BEAR,0.21970774900634055,-0.06664118246687056,0.09459459447838452
2024-06-05,1,BEAR,0.2256688709177781,-0.05498851747894873,0.19533169509172874
2024-06-06,2,SIDEWAYS,0.2369117859015054,-0.04354981643245981,0.37714987668654715
2024-06-07,2,SIDEWAYS,0.23610922609450952,-0.0470603078475903,0.37469287423256364
2024-06-10,3,HIGH_VOL,0.25720104629390206,-0.006644518272425404,0.6461916453977977
2024-06-11,3,HIGH_VOL,0.2539558324572398,-0.015419615773508588,0.6658476650296713
2024-06-12,3,HIGH_VOL,0.25061883704819027,0.006152268649064485,0.7395577386491914
2024-06-13,2,SIDEWAYS,0.2491208813313252,-0.00012717792191263566,0.7542997533730961
2024-06-14,2,SIDEWAYS,0.24757228277703971,-0.009844755774327973,0.7334152325142317
2024-06-17,3,HIGH_VOL,0.25400329762100665,0.0017592359889420095,0.8894348883422168
2024-06-18,3,HIGH_VOL,0.25723387931216074,0.017780580075662078,0.9832735950020625
2024-06-20,3,HIGH_VOL,0.2558653684696022,0.033435036867531354,0.9745575210458445
2024-06-21,3,HIGH_VOL,0.25135300612806816,0.04073739847879354,0.8861439303048935
2024-06-24,0,BULL,0.2497641252951309,0.06192272668140997,0.9828141772472445
2024-06-25,3,HIGH_VOL,0.2518681983458375,0.04001544004117341,0.8864118886556128
2024-06-26,2,SIDEWAYS,0.23416690336186574,0.013403482400100364,0.8938428865245829
2024-06-27,2,SIDEWAYS,0.23445027404497004,0.03167991922251656,0.9686192458487234
2024-06-28,2,SIDEWAYS,0.2248835470031223,0.046592221794378164,0.8847656241359717
2024-07-01,0,BULL,0.2290520638157313,0.08299779192102874,0.9767025080853915
2024-07-02,0,BULL,0.17760558497151074,0.11573699811371596,0.8680672261612885
2024-07-03,0,BULL,0.16495673019833848,0.14511945392491454,0.9567474040166545
2024-07-05,0,BULL,0.1727545517552194,0.1227217496962334,0.8699808787093872
2024-07-08,0,BULL,0.1731337057632493,0.08974189278623435,0.7647690646994965
2024-07-09,0,BULL,0.18116318321135783,0.077849860982391,0.6652314309308593
2024-07-10,0,BULL,0.15647912902909766,0.056084383843581165,0.6684931497691871
2024-07-11,0,BULL,0.1569655858387475,0.060590500641848566,0.7262247828152392
2024-07-12,2,SIDEWAYS,0.15832354334570273,0.04726114649681512,0.6671469731020933
2024-07-15,2,SIDEWAYS,0.15972574406626805,0.041846858305774504,0.6239193074583295
2024-07-16,2,SIDEWAYS,0.16928593532322042,0.029445506692160617,0.4582132558239013
2024-07-17,2,SIDEWAYS,0.18294920543478396,0.03926241846462619,0.6878504660040172
2024-07-18,2,SIDEWAYS,0.19268898578236934,0.007310122661380314,0.25806451553441195
2024-07-19,2,SIDEWAYS,0.22457228594834436,-0.032599335711649746,0.008431703189828025
2024-07-22,2,SIDEWAYS,0.22379114061899158,-0.028861637557289654,0.12195121933723048
2024-07-23,1,BEAR,0.22644557193838388,-0.057209359304177365,0.06896551715644501
2024-07-24,2,SIDEWAYS,0.22817608435895834,-0.04008412718050225,0.1465517239574485
2024-07-25,2,SIDEWAYS,0.23126854090863125,-0.03238566131025966,0.26415094308472736
2024-07-26,1,BEAR,0.23095056903767297,-0.05603131881575729,0.13207547154236285
2024-07-29,1,BEAR,0.2368015920721225,-0.07027225901398093,0.05016357682643098
2024-07-30,1,BEAR,0.21855593335924028,-0.10374190453346122,0.014098690821652946
2024-07-31,3,HIGH_VOL,0.2750704369665988,-0.059171597633136175,0.33434038234205354
2024-08-01,3,HIGH_VOL,0.27517816312341403,-0.09024797329518353,0.17321248723744967
2024-08-02,3,HIGH_VOL,0.298333568902061,-0.11592111592111598,0.051067780825377856
2024-08-05,3,HIGH_VOL,0.2980643443865676,-0.11405320053443457,0.10521955252260158
2024-08-06,3,HIGH_VOL,0.2992768536272328,-0.10084756172460374,0.12676056327526067
2024-08-07,3,HIGH_VOL,0.31776713953526686,-0.0836784409257002,0.29494614722871104
2024-08-08,3,HIGH_VOL,0.3213888198449021,-0.0778261922052772,0.37448218693083485
2024-08-09,3,HIGH_VOL,0.324417704305857,-0.06532052061792959,0.4523184597967472
2024-08-12,3,HIGH_VOL,0.36069448582462965,-0.02258576486387487,0.7340332452020711
2024-08-13,3,HIGH_VOL,0.3651970946640762,-0.02984150569588917,0.5844269461203611
2024-08-14,3,HIGH_VOL,0.3547752133871516,-0.07085093542546761,0.5009433957538274
2024-08-15,3,HIGH_VOL,0.3560288386965927,-0.03862238622386227,0.6711478793473128
2024-08-16,3,HIGH_VOL,0.35700754017346303,-0.039420142421159654,0.45583038815567756
2024-08-19,3,HIGH_VOL,0.36639892852694655,-0.060459183673469474,0.23439340372862918
2024-08-20,3,HIGH_VOL,0.3621725249248736,-0.049246361746361655,0.17667844502158025
2024-08-21,3,HIGH_VOL,0.36338484502540713,-0.07294754478669929,0.05402298844365322
2024-08-22,3,HIGH_VOL,0.3667943604576761,-0.067322432294328,0.17816091933544845
2024-08-23,3,HIGH_VOL,0.37738900457801855,-0.030196993260756866,0.3873563213938437
2024-08-26,3,HIGH_VOL,0.3923987277761055,0.02123730378578026,0.6850574704769461
2024-08-27,3,HIGH_VOL,0.39945648517273363,0.010705205406128737,0.467816091416304
2024-08-28,3,HIGH_VOL,0.37107818137194404,-0.04351174432036964,0.35172413752675397
2024-08-29,3,HIGH_VOL,0.37123076366692415,-0.005241776962390365,0.5114942522856389
2024-08-30,3,HIGH_VOL,0.3642255730450057,0.0004080522306855183,0.24022988478134524
2024-09-03,3,HIGH_VOL,0.3966946069529576,-0.03564573622155187,0.023856858823204815
2024-09-04,3,HIGH_VOL,0.39939869867997585,-0.05464480874316935,0.03350970014681768
2024-09-05,3,HIGH_VOL,0.38338787680934544,-0.08081882227834636,0.035056967541580726
2024-09-06,3,HIGH_VOL,0.38268208217125854,-0.11182569891061811,0.038491147006550326
2024-09-09,3,HIGH_VOL,0.3867894754728561,-0.10580426861009906,0.11855273278017438
2024-09-10,3,HIGH_VOL,0.3681744419102949,-0.17874094429178122,0.03225806449445047
2024-09-11,3,HIGH_VOL,0.3835109707628532,-0.14090619017230366,0.14750542288683674
2024-09-12,3,HIGH_VOL,0.3976389435185512,-0.10405300077942325,0.27756939213985815
2024-09-13,3,HIGH_VOL,0.39010006761206617,-0.1216734902763561,0.27412814251895606
2024-09-16,3,HIGH_VOL,0.3871930958846922,-0.07214720677786601,0.3909164635921203
2024-09-17,3,HIGH_VOL,0.384262376764047,-0.03353244637523756,0.4801297644118982
2024-09-18,3,HIGH_VOL,0.3885997137567934,-0.0449637829711631,0.3738848334356165
2024-09-19,3,HIGH_VOL,0.3909369389046827,-0.01070485193938564,0.4776966743895405
2024-09-20,3,HIGH_VOL,0.38666930435310204,-0.0275304752773593,0.46472019427030026
2024-09-23,3,HIGH_VOL,0.3748843628305781,-0.05960176399839623,0.4136253038007912
2024-09-24,3,HIGH_VOL,0.3568025260511911,-0.07569103590803405,0.5151515147296057
2024-09-25,3,HIGH_VOL,0.3582174043168031,-0.07732027009135445,0.37972508558442875
2024-09-26,3,HIGH_VOL,0.3681299180706096,-0.0919216317767042,0.20618556683317438
2024-09-27,3,HIGH_VOL,0.3609075891142223,-0.10183111579502024,0.2570671375820969
2024-09-30,3,HIGH_VOL,0.34763095843678793,-0.07314751869476543,0.31728665173163445
2024-10-01,3,HIGH_VOL,0.32542891348057446,-0.007250497583167537,0.6395511912488757
2024-10-02,3,HIGH_VOL,0.32013244310397626,0.01300578034682065,0.6689750683255191
2024-10-03,3,HIGH_VOL,0.3651420234266652,0.06594360086767881,0.9569160986883026
2024-10-04,3,HIGH_VOL,0.35352965821585136,0.09915767696172595,0.8844660185587709
2024-10-07,3,HIGH_VOL,0.3695280494588378,0.12268956483772397,0.9785655391767798
2024-10-08,3,HIGH_VOL,0.3756581259641755,0.11893536121672987,0.6188620416064987
2024-10-09,3,HIGH_VOL,0.3711353177589844,0.08809983657703158,0.5696619945839554
2024-10-10,3,HIGH_VOL,0.3806088283036877,0.09975351602145843,0.7848309968797765
2024-10-11,3,HIGH_VOL,0.3803511819576384,0.1006554989075017,0.7609233299580193
2024-10-14,3,HIGH_VOL,0.38778127842432636,0.05335996575831059,0.6183017307351183
2024-10-15,3,HIGH_VOL,0.41926232908518185,-0.008568619188088156,0.35037098074990036
2024-10-16,3,HIGH_VOL,0.41390357662028016,0.007298225529479119,0.3347073369046109
2024-10-17,3,HIGH_VOL,0.4088505389157534,-0.006885890949971829,0.35779060151872205
2024-10-18,3,HIGH_VOL,0.42084253775019415,-0.03253521126760561,0.1945589446046505
2024-10-21,3,HIGH_VOL,0.42636819013998245,-0.004689498365780809,0.3058532561369725
2024-10-22,3,HIGH_VOL,0.430927733529145,0.002515371716042436,0.44600164843693174
2024-10-23,3,HIGH_VOL,0.42273445680268146,0.01549720189410242,0.3660346245951899
2024-10-24,3,HIGH_VOL,0.4091429401943363,0.037239544850007356,0.31821929075167416
2024-10-25,3,HIGH_VOL,0.4152540884266196,0.052801408037547626,0.44929925766751955
2024-10-28,3,HIGH_VOL,0.4766280052129811,-0.01158867537039765,0.08656224230291633
2024-10-29,3,HIGH_VOL,0.46765576062689107,-0.037519690677359385,0.04173764902748029
2024-10-30,3,HIGH_VOL,0.4741364176698101,-0.021255349500713172,0.16098807482028285
2024-10-31,3,HIGH_VOL,0.4362047691801944,-0.06037172703839355,0.21635434393837
2024-11-01,3,HIGH_VOL,0.4345562230321875,-0.06574347942995429,0.23594548531861517
2024-11-04,3,HIGH_VOL,0.4253267792467835,-0.073502722323049,0.40459965893986416
2024-11-05,3,HIGH_VOL,0.3941734582919903,-0.021476145167867333,0.5535714279899457
2024-11-06,3,HIGH_VOL,0.39413841086006796,-0.021163298743855807,0.5220588229810307
2024-11-07,3,HIGH_VOL,0.37291100045491155,-0.04601186552406056,0.6051502139429714
2024-11-08,3,HIGH_VOL,0.38367195284599576,-0.06855479089465333,0.4377990425385175
2024-11-11,3,HIGH_VOL,0.3926508155696051,-0.0784234051198699,0.21428571393784918
2024-11-12,3,HIGH_VOL,0.3618034934722447,-0.0348540663077358,0.2272727269037791
2024-11-13,3,HIGH_VOL,0.3624701034436568,-0.02784486432731914,0.27759740214675893
2024-11-14,3,HIGH_VOL,0.36246380514127496,-0.027876043582849896,0.3214285709067726
2024-11-15,3,HIGH_VOL,0.35906468934860486,-0.0243121269471539,0.04870129862223772
2024-11-18,3,HIGH_VOL,0.3707094838821268,-0.012421473443746445,0.41574803084134215
2024-11-19,3,HIGH_VOL,0.3592774349099752,-0.03484806244772787,0.42677165287122515
2024-11-20,3,HIGH_VOL,0.35716872499243035,-0.02854316800904333,0.34960629866203746
2024-11-21,3,HIGH_VOL,0.36365061632204815,-0.0012822339364582103,0.5622047235240865
2024-11-22,3,HIGH_VOL,0.35916790377833335,-0.007522986904430318,0.7417322822964842
2024-11-25,3,HIGH_VOL,0.29983941478633086,0.02315227070347281,0.37952755845743674
2024-11-26,3,HIGH_VOL,0.29983019055303106,0.023210831721470093,0.35275590495628945
2024-11-27,3,HIGH_VOL,0.29088721519022914,0.0016032648301995689,0.3448818892206584
2024-11-29,3,HIGH_VOL,0.2910079867307323,-0.018192318798729512,0.23149606262756528
2024-12-02,3,HIGH_VOL,0.29072547719828434,-0.020002878111958555,0.24724409409882736
2024-12-03,3,HIGH_VOL,0.2888594633102558,-0.021407583601511182,0.5370078731700663
2024-12-04,3,HIGH_VOL,0.2947484700943174,-0.047923322683705916,0.31653543257238625
2024-12-05,3,HIGH_VOL,0.2947062796204871,-0.04728692983679739,0.2787401570413537
2024-12-06,3,HIGH_VOL,0.2951731464372339,-0.0713101160862355,0.11713286692808972
2024-12-09,3,HIGH_VOL,0.2897276812257949,-0.028559249786871188,0.3694779109046632
2024-12-10,3,HIGH_VOL,0.26349277091613843,0.008083480305702384,0.41365461764326394
2024-12-11,3,HIGH_VOL,0.2770397314284004,0.031855549031121644,0.755020078805181
2024-12-12,3,HIGH_VOL,0.27744599186810065,0.023235423060061322,0.7008032114441687
2024-12-13,3,HIGH_VOL,0.2837211621639134,0.03770014556040757,0.9558232912533672
2024-12-16,3,HIGH_VOL,0.26880516376840613,0.05505819158460157,0.8393574280334167
2024-12-17,3,HIGH_VOL,0.2528462218320613,0.006939424606043243,0.5894039722088215
2024-12-18,3,HIGH_VOL,0.25345305102710647,0.011265164644714165,0.6710816762227758
2024-12-19,3,HIGH_VOL,0.25439297922064147,0.009163636363636263,0.52980132333377
2024-12-20,2,SIDEWAYS,0.24437132666956105,-0.00912981455064199,0.5474613674448953
2024-12-23,2,SIDEWAYS,0.23646858865676681,-0.028074115665356558,0.5022222211061709
2024-12-24,2,SIDEWAYS,0.20977811357497966,0.016826225703510334,0.699551567938224
2024-12-26,2,SIDEWAYS,0.21127405078654077,0.012360040715428289,0.5919282497938838
2024-12-27,2,SIDEWAYS,0.21642138133245536,0.027357392316647244,0.8116591910052474
2024-12-30,2,SIDEWAYS,0.2121897386300018,0.043970588235294095,0.8755458496167104
2024-12-31,0,BULL,0.21408670095824214,0.05315712187958899,0.9404761886101668
2025-01-02,2,SIDEWAYS,0.2046775590459741,0.04561052330569049,0.9111111097613156
2025-01-03,0,BULL,0.1887788788562872,0.07907791070907488,0.947082766693239
2025-01-06,0,BULL,0.18988213231577616,0.07701317715959011,0.8214731575262514
2025-01-07,0,BULL,0.17539883908630943,0.10491071428571419,0.9064475336201681
2025-01-08,0,BULL,0.17966780894524495,0.07240017551557676,0.7397622183094276
2025-01-09,0,BULL,0.18041813255841493,0.0777081207173056,0.8005822404649453
2025-01-10,0,BULL,0.1997806806690496,0.08934414568217375,0.8633474567125549
2025-01-13,0,BULL,0.21541280286686942,0.1256783776063981,0.958525344738686
2025-01-14,0,BULL,0.2248744750204371,0.08710899144340001,0.8368663586756995
2025-01-15,0,BULL,0.2406576014076038,0.13194739075095474,0.9408906874972552
2025-01-16,0,BULL,0.24313992557957265,0.12964824120603025,0.8307692300965439
2025-01-17,3,HIGH_VOL,0.25609159935423037,0.10525564124535847,0.7263157888855745
2025-01-21,3,HIGH_VOL,0.26714371205945187,0.09296627270106672,0.59999999951417
2025-01-22,3,HIGH_VOL,0.2691063346038855,0.08609271523178808,0.5623973722804617
2025-01-23,3,HIGH_VOL,0.27327403688802293,0.0777007510109764,0.4624125870083812
2025-01-24,3,HIGH_VOL,0.27155292814692106,0.06504992867332393,0.4659090905018276
2025-01-27,3,HIGH_VOL,0.28195459418339985,0.050991094513070934,0.3292144745549744
2025-01-28,3,HIGH_VOL,0.2795575172238193,0.04490084985835696,0.3427230043730295
2025-01-29,3,HIGH_VOL,0.28628937898463375,0.022960980419777677,0.1767676765891237
2025-01-30,3,HIGH_VOL,0.2842813169130078,0.014082543223647548,0.10467706001706327
2025-01-31,3,HIGH_VOL,0.27563346646346204,-0.008204567209079694,0.06681766696849681
2025-02-03,3,HIGH_VOL,0.2743048192986577,-0.010816657652785278,0.13816534525689078
2025-02-04,3,HIGH_VOL,0.27453134629408094,-0.01169113648722131,0.2009900988109011
2025-02-05,3,HIGH_VOL,0.2831295598047293,-0.04336700336700339,0.03564356432114495
2025-02-06,3,HIGH_VOL,0.2808640565659655,-0.03696126568466984,0.017408123774266107
2025-02-07,3,HIGH_VOL,0.27976676583849835,-0.03950216450216448,0.05512572528517761
2025-02-10,3,HIGH_VOL,0.25540287936252815,-0.05550476687997907,0.1827852996298003
2025-02-11,1,BEAR,0.23515960331024344,-0.06977924384673939,0.2794970983757271
2025-02-12,1,BEAR,0.24519618576817095,-0.07909677419354832,0.09090909082117096
2025-02-13,1,BEAR,0.20483922604238783,-0.10932033983008493,0.10318225640966097
2025-02-14,1,BEAR,0.20060676965070948,-0.10091509913573982,0.06242496991305479
2025-02-18,1,BEAR,0.20865722853660626,-0.07184390748158676,0.2209302322726993
2025-02-19,2,SIDEWAYS,0.20055820597838528,-0.04918897533957545,0.3127962080366553
2025-02-20,2,SIDEWAYS,0.20214389808342637,-0.03923647932131491,0.4013605435351013
2025-02-21,1,BEAR,0.22212109300489086,-0.056553202894666255,0.05500982307463723
2025-02-24,1,BEAR,0.22327469252702856,-0.0530404500401821,0.16728624504221964
2025-02-25,1,BEAR,0.22933421289912984,-0.05794724613912794,0.038461538402366865
2025-02-26,1,BEAR,0.22554180154124376,-0.06981157652162118,0.03812316709952686
2025-02-27,2,SIDEWAYS,0.24211908693613463,-0.03125860644450573,0.2917888558771414
2025-02-28,2,SIDEWAYS,0.24299808148202853,-0.04083596865117556,0.20527859207437218
2025-03-03,3,HIGH_VOL,0.2513151647211846,-0.05735557700261951,0.06584362130885697
2025-03-04,1,BEAR,0.2476452769007705,-0.06697648988518301,0.21562952211920572
2025-03-05,3,HIGH_VOL,0.26365884842902365,-0.0878954607977992,0.12884160741271705
2025-03-06,3,HIGH_VOL,0.25476774069516045,-0.06574686752076586,0.13475177289036427
2025-03-07,3,HIGH_VOL,0.25903810730898763,-0.05055941084832172,0.21513002338637177
2025-03-10,3,HIGH_VOL,0.2608587091372677,-0.06999999999999995,0.09574468073789062
2025-03-11,1,BEAR,0.24917761937467767,-0.08393252212389368,0.12174940883953972
2025-03-12,3,HIGH_VOL,0.25784607555574357,-0.07692307692307676,0.30749999961562596
2025-03-13,1,BEAR,0.24822101475565098,-0.06753537901078899,0.16792929271726073
2025-03-14,3,HIGH_VOL,0.25234604996768684,-0.05765184457848227,0.24747474716228032
2025-03-17,3,HIGH_VOL,0.2535818618740295,-0.044670624823296534,0.29797979760356075
2025-03-18,1,BEAR,0.24707350535840342,-0.07072253932897121,0.19318181793790185
2025-03-19,1,BEAR,0.24657928283248765,-0.07198335644937581,0.21338383811441403
2025-03-20,3,HIGH_VOL,0.25581444814324683,-0.06084437086092731,0.3774834432086306
2025-03-21,2,SIDEWAYS,0.23730845299974562,-0.030113636363636398,0.5066225157175123
2025-03-24,2,SIDEWAYS,0.24143036508341678,-0.02248939179632259,0.6440397340330463
2025-03-25,2,SIDEWAYS,0.2239168521131591,0.001015522994342044,0.7026022291773201
2025-03-26,2,SIDEWAYS,0.22558540088532264,0.015010201107548804,0.8234200728189238
2025-03-27,2,SIDEWAYS,0.2073333681754476,-0.006112295664534417,0.8736059463315887
2025-03-28,2,SIDEWAYS,0.2071400897698755,-0.005733944954128489,0.7695167271942076
2025-03-31,2,SIDEWAYS,0.21969629272307575,0.0454877870410999,0.9470499229242824
2025-04-01,2,SIDEWAYS,0.22038466142007815,0.043070612364488614,0.8691860452482773
2025-04-02,0,BULL,0.1876651734166099,0.08143568089277631,0.9184549343083609
2025-04-03,3,HIGH_VOL,0.3190493169006888,0.008890898131404423,0.23748211697069765
2025-04-04,3,HIGH_VOL,0.41830675105921644,-0.07532816229116945,0.13017751468285918
2025-04-07,3,HIGH_VOL,0.4209030186386875,-0.08072088444646375,0.13128282060668955
2025-04-08,3,HIGH_VOL,0.42289840298702186,-0.10067924528301886,0.11805555547357224
2025-04-09,3,HIGH_VOL,0.4507661136813217,-0.07875295508274238,0.4213286710831419
2025-04-10,3,HIGH_VOL,0.4640464625127836,-0.09737039819684445,0.2884615382934374
2025-04-11,3,HIGH_VOL,0.4725329171728956,-0.08454897290860386,0.3717948715782082
2025-04-14,3,HIGH_VOL,0.47134381859122304,-0.08952352767090854,0.3735431233254412
2025-04-15,3,HIGH_VOL,0.4704863204290932,-0.0811985018726592,0.36188811167722135
2025-04-16,3,HIGH_VOL,0.47687486842315596,-0.06635779405171127,0.4283216780720736
2025-04-17,3,HIGH_VOL,0.49083355499031295,-0.04980167474658426,0.5571095567849016
2025-04-21,3,HIGH_VOL,0.504075978593259,-0.08596953719976574,0.42482517457760754
2025-04-22,3,HIGH_VOL,0.5082876100461869,-0.07871509188250614,0.4982517479613919
2025-04-23,3,HIGH_VOL,0.5122032141412717,-0.09753623188405791,0.41666666642385414
2025-04-24,3,HIGH_VOL,0.5118186385336412,-0.09849246231155784,0.4469696967092251
2025-04-25,3,HIGH_VOL,0.511769287510272,-0.09868421052631582,0.460372960104678
2025-04-28,3,HIGH_VOL,0.5130058254821797,-0.10539215686274517,0.40384615361081216
2025-04-29,3,HIGH_VOL,0.500037982247303,-0.1547285954113039,0.308857808677822
2025-04-30,3,HIGH_VOL,0.5099805739740966,-0.18244382022471917,0.18006992996499435
2025-05-01,3,HIGH_VOL,0.5159382831572709,-0.17389485427415974,0.2694571613672618
2025-05-02,3,HIGH_VOL,0.4675114630032809,-0.12935026138909644,0.2691001695508487
2025-05-05,3,HIGH_VOL,0.3919786262572311,-0.07839974189385379,0.20615384594240668
2025-05-06,3,HIGH_VOL,0.4084296109075565,-0.026523887973640803,0.4071794867618675
2025-05-07,3,HIGH_VOL,0.4077720545209812,-0.025344075193017734,0.30256410225378044
2025-05-08,3,HIGH_VOL,0.38881126360866564,-0.039133921411387385,0.48171368810688175
2025-05-09,3,HIGH_VOL,0.3716600825720074,0.015814882636923544,0.5977011488007303
2025-05-12,3,HIGH_VOL,0.3659953389548089,0.007317073170731714,0.6948798320847651
2025-05-13,3,HIGH_VOL,0.3783605859021147,0.03477978222005529,0.874608149556313
2025-05-14,3,HIGH_VOL,0.379626278440028,0.029675525843795958,0.8202716814835191
2025-05-15,3,HIGH_VOL,0.3847574414732556,-0.01360653113494481,0.660397073500107
2025-05-16,3,HIGH_VOL,0.3624125747862361,-0.04189857761286342,0.6969696962414106
2025-05-19,3,HIGH_VOL,0.34017048346120027,-0.004326229770869938,0.7147335415729009
2025-05-20,3,HIGH_VOL,0.3316920018226682,-0.02575781372703001,0.7032392887113486
2025-05-21,3,HIGH_VOL,0.32336475338807485,-0.011241368235105242,0.7052868383517585
2025-05-22,3,HIGH_VOL,0.32214575691006453,-0.02532250358337307,0.663667040873266
2025-05-23,3,HIGH_VOL,0.3225534577849912,-0.02364328784512859,0.7007874007865162
2025-05-27,3,HIGH_VOL,0.32006714655437246,-0.01869460112812238,0.6287963997426365
2025-05-28,3,HIGH_VOL,0.3100020953175545,0.02350215160542879,0.7356580419171457
2025-05-29,3,HIGH_VOL,0.2819583335422574,0.046899158220236936,0.6344206966991893
2025-05-30,3,HIGH_VOL,0.27649839055111913,0.02616475354490211,0.6175478058295302
2025-06-02,3,HIGH_VOL,0.28393050486199384,0.07256819351518273,0.8121484805262678
2025-06-03,3,HIGH_VOL,0.271935707807028,0.10992473306493955,0.891061451269467
2025-06-04,3,HIGH_VOL,0.25414626095154846,0.06363174818074113,0.7922480607872128
2025-06-05,0,BULL,0.24276370492340135,0.09126915791286372,0.8728682157009794
2025-06-06,0,BULL,0.2282443460070847,0.07795025872141559,0.9565217372400758
2025-06-09,0,BULL,0.22341373752737026,0.06997705670272047,0.9753954288657373
2025-06-10,2,SIDEWAYS,0.2206835896568198,0.04891041162227605,0.8012232403651025
2025-06-11,3,HIGH_VOL,0.25940521730661986,0.07036280822993568,0.974507530736376
2025-06-12,3,HIGH_VOL,0.2565366703601801,0.07743467933491699,0.8691099467339163
2025-06-13,3,HIGH_VOL,0.328165516157014,0.18435572865952632,0.7404921696082258
2025-06-16,3,HIGH_VOL,0.340095814939885,0.15814103598515405,0.6728187915700115
2025-06-17,3,HIGH_VOL,0.34283002435908966,0.17911168329578353,0.756711408972756
2025-06-18,3,HIGH_VOL,0.3413693648563565,0.18491052716427525,0.7695749436411771
2025-06-20,3,HIGH_VOL,0.3365571445666784,0.1992853662497971,0.7885906035857994
2025-06-23,3,HIGH_VOL,0.44798916890652485,0.11944444444444446,0.46998928163451814
2025-06-24,3,HIGH_VOL,0.5088559671233365,0.04615634649764355,0.2481243299849281
2025-06-25,3,HIGH_VOL,0.5070217333564788,0.0661849236327805,0.277599142402144
2025-06-26,3,HIGH_VOL,0.5050116924321053,0.05498059508408781,0.29474812417216023
2025-06-27,3,HIGH_VOL,0.500845939801496,0.07515589104036757,0.30975348322092483
2025-06-30,3,HIGH_VOL,0.5016428462749182,0.07106431978943917,0.23356401370613356
2025-07-01,3,HIGH_VOL,0.4932504922048007,0.04686500319897635,0.20209488588903582
2025-07-02,3,HIGH_VOL,0.5015215504358868,0.06371234821006166,0.3253234748457649
2025-07-03,3,HIGH_VOL,0.5008922694335549,0.06603023070803493,0.2830188677465289
2025-07-07,3,HIGH_VOL,0.50201824561809,0.07195833990847422,0.32798459542491387
2025-07-08,3,HIGH_VOL,0.49882251921591225,0.058067513161969675,0.3006944442356286
2025-07-09,3,HIGH_VOL,0.4979358322658091,0.04732730892939174,0.3041666664554394
2025-07-10,3,HIGH_VOL,0.5081486028096319,0.02446906740535537,0.17847222209828262
2025-07-11,3,HIGH_VOL,0.4886568677591064,0.00440205429200291,0.30902777756317523
2025-07-14,3,HIGH_VOL,0.4948243835747227,-0.015579071134626754,0.20694444430073322
2025-07-15,3,HIGH_VOL,0.41808120511524527,-0.088517402027953,0.17499999987847187
2025-07-16,3,HIGH_VOL,0.41568985528836144,-0.07510101713808004,0.16527777766300114
2025-07-17,3,HIGH_VOL,0.4132172839994448,-0.07820390337109306,0.24583333316261607
2025-07-18,3,HIGH_VOL,0.41718280762529175,-0.10136054421768714,0.14236111101224896
2025-07-21,3,HIGH_VOL,0.4158071124121974,-0.10685265438786562,0.13541666657262746
2025-07-22,3,HIGH_VOL,0.3265883125874419,-0.04670850970661222,0.23185840666927732
2025-07-23,2,SIDEWAYS,0.23777121199300513,0.013670964735124969,0.14563106767838613
2025-07-24,2,SIDEWAYS,0.23954041181935726,0.0170979667282809,0.2970873780639079
2025-07-25,2,SIDEWAYS,0.24409378070243484,-0.0012262415695891704,0.1281553395569791
2025-07-28,3,HIGH_VOL,0.25778848432779594,0.018162393162393098,0.42912621275897656
2025-07-29,3,HIGH_VOL,0.2857031584287026,0.06297035785593597,0.8919449884244675
2025-07-30,3,HIGH_VOL,0.2871456441017757,0.06951871657754016,0.9120689639447079
2025-07-31,3,HIGH_VOL,0.27288185094253536,0.026834692364714696,0.7844827572681337
2025-08-01,3,HIGH_VOL,0.29139795675096236,0.004925373134328392,0.45172413715219967
2025-08-04,3,HIGH_VOL,0.2919354786055697,-0.024142499631974124,0.27241379263377097
2025-08-05,3,HIGH_VOL,0.2959551759962806,-0.04639250695155861,0.07758620676278274
2025-08-06,3,HIGH_VOL,0.2978375772750289,-0.05893536121673004,0.10334788922365566
2025-08-07,3,HIGH_VOL,0.2849450769967324,-0.04040859245906547,0.03493449776574335
2025-08-08,3,HIGH_VOL,0.26242889181388285,-0.06676406135865598,0.14341085252789285
2025-08-11,3,HIGH_VOL,0.2537585190625951,-0.045088085995819704,0.15374676982720023
2025-08-12,3,HIGH_VOL,0.2558379230846489,-0.050360793746241694,0.051679586496537804
2025-08-13,3,HIGH_VOL,0.25661858803156506,-0.05619162398312738,0.08284714109352728
2025-08-14,3,HIGH_VOL,0.26039078626042933,-0.05300562629552863,0.235705950716796
2025-08-15,3,HIGH_VOL,0.25675813281347676,-0.04920514761544281,0.10035005822596244
2025-08-18,3,HIGH_VOL,0.2567541990145326,-0.04927975739196355,0.1379690947704535
2025-08-19,3,HIGH_VOL,0.2593403226831528,-0.054203031694993076,0.03532008826123612
2025-08-20,3,HIGH_VOL,0.2669935856566626,-0.038927203065134086,0.1390728475286169
2025-08-21,3,HIGH_VOL,0.2676690594731848,-0.03801302438285625,0.228476820939871
2025-08-22,3,HIGH_VOL,0.2646017605847127,-0.023020257826887658,0.2439293595541611
2025-08-25,3,HIGH_VOL,0.2581903732050987,-0.028631389596762036,0.3697571739848147
2025-08-26,1,BEAR,0.22730210151328864,-0.08611472330588055,0.1986754964694527
2025-08-27,1,BEAR,0.230069942634288,-0.08357142857142852,0.30133928537797006
2025-08-28,1,BEAR,0.23219745596036584,-0.06728270285879312,0.38745387406217147
2025-08-29,2,SIDEWAYS,0.21438353210250988,-0.049309371751076636,0.40699522987759196
2025-09-02,2,SIDEWAYS,0.22858954413651,-0.01055966209081316,0.7811320739978646
2025-09-03,2,SIDEWAYS,0.23764969772577788,-0.018262737875997526,0.47547169721609067
2025-09-04,2,SIDEWAYS,0.2351354588092427,-0.013519813519813462,0.4432314400802796
2025-09-05,3,HIGH_VOL,0.2505474057971575,-0.031465247338760216,0.09170305656833279
2025-09-08,3,HIGH_VOL,0.2520674003016091,-0.025360050093926167,0.17685589481035732
2025-09-09,3,HIGH_VOL,0.2532342582532225,-0.020794246404002514,0.257641920834843
2025-09-10,3,HIGH_VOL,0.25676426945651165,0.007915149596327442,0.4847161561469079
2025-09-11,3,HIGH_VOL,0.26588321300111367,-0.004469273743016755,0.20087336200682562
2025-09-12,3,HIGH_VOL,0.25516238603132024,-0.019856160100062636,0.2707423574874611
2025-09-15,2,SIDEWAYS,0.2492658833417469,0.0079617834394905,0.40393013012242224
2025-09-16,3,HIGH_VOL,0.2577440024016336,0.0290271132376394,0.6703056753923444
2025-09-17,3,HIGH_VOL,0.2526872069807559,0.03691112190383672,0.5676855882801615
2025-09-18,3,HIGH_VOL,0.252366848268487,0.008770531015786842,0.395196505687343
2025-09-19,3,HIGH_VOL,0.25264629268975347,-0.017632241813602123,0.20742358033313543
2025-09-22,3,HIGH_VOL,0.2524011694369615,-0.02167766258246928,0.18122270702789772
2025-09-23,3,HIGH_VOL,0.252632197951456,-0.02145061728395059,0.4279475973188905
2025-09-24,3,HIGH_VOL,0.2527970140240374,0.027509881422924876,0.7729257625045275
2025-09-25,2,SIDEWAYS,0.24826953837842125,0.012938425565081735,0.7707423563957596
2025-09-26,3,HIGH_VOL,0.25020796968809444,0.017337461300309664,0.8591549278487822
2025-09-29,3,HIGH_VOL,0.27932094510300337,-0.008748633026089747,0.40241448611184216
2025-09-30,3,HIGH_VOL,0.2690986760106695,-0.04909284951974391,0.18511066361144632
2025-10-01,3,HIGH_VOL,0.2572791518223087,-0.03423479756135683,0.07569721100458769
2025-10-02,3,HIGH_VOL,0.2658148063551086,-0.047258979206049156,0.013289036522775396
2025-10-03,3,HIGH_VOL,0.2527104059961247,-0.016001293033780395,0.07973421913665474
2025-10-06,3,HIGH_VOL,0.2564610622626132,-0.009155155798265313,0.2142857139297577
2025-10-07,3,HIGH_VOL,0.25540039529289305,-0.014370110170844774,0.2209302321911454
2025-10-08,3,HIGH_VOL,0.25272848507026496,-0.01759070205748392,0.35714285654959615
2025-10-09,2,SIDEWAYS,0.24907210374244282,-0.013788680455347091,0.18438538175351246
2025-10-10,3,HIGH_VOL,0.2901256006431813,-0.06045621311213911,0.08292682916716233
2025-10-13,3,HIGH_VOL,0.2902933606851873,-0.06018957345971554,0.15487804859161244
2025-10-14,3,HIGH_VOL,0.280064385845634,-0.09020458772473638,0.11670480535846164
2025-10-15,3,HIGH_VOL,0.2800694567347004,-0.0902419984387196,0.06750572074656133
2025-10-16,3,HIGH_VOL,0.2807029584518983,-0.09168510907366423,0.02183406111153517
2025-10-17,3,HIGH_VOL,0.27876102110989154,-0.08413461538461542,0.09737098335212169
2025-10-20,3,HIGH_VOL,0.2787224238141952,-0.08445728965960175,0.10133843202548927
2025-10-21,3,HIGH_VOL,0.26797099365976684,-0.09730326446932658,0.12237093678549632
2025-10-22,3,HIGH_VOL,0.26395410136204633,-0.0998615171564855,0.24282982768371897
2025-10-23,3,HIGH_VOL,0.3391713585629581,-0.049092028316405134,0.5573613761401897
2025-10-24,3,HIGH_VOL,0.33524553108488814,-0.06421180766889834,0.5868644061579822
2025-10-27,3,HIGH_VOL,0.31347859533506917,-0.03372734436564229,0.7328767113248269
2025-10-28,3,HIGH_VOL,0.31481512395143946,-0.03559403559403562,0.6020114933879142
2025-10-29,3,HIGH_VOL,0.3144496241799815,-0.021042408546455227,0.6494252864232389
2025-10-30,3,HIGH_VOL,0.3052992885878073,0.0014880952380953438,0.6623563208874189
2025-10-31,3,HIGH_VOL,0.30534344848519945,0.0016425755584756896,0.7212643667797919
2025-11-03,3,HIGH_VOL,0.3014378337634202,-0.010374452909709841,0.7313218380297094
2025-11-04,3,HIGH_VOL,0.30257199848023075,-0.018953507208812503,0.6609195392802881
2025-11-05,3,HIGH_VOL,0.30219483032017835,-0.047162270183852883,0.526772792291212
2025-11-06,3,HIGH_VOL,0.297429720950246,-0.033815639733376646,0.5233785814127017
2025-11-07,3,HIGH_VOL,0.2540888714771525,0.014431239388794648,0.571644041370069
2025-11-10,3,HIGH_VOL,0.2526594911769582,0.010758110606824633,0.628959275069443
2025-11-11,3,HIGH_VOL,0.2520346594374485,0.039863713798977685,0.7662141768232058
2025-11-12,3,HIGH_VOL,0.29658231181770206,0.0037755277158058043,0.38159879278793546
2025-11-13,3,HIGH_VOL,0.2919393400806867,0.021406195614340318,0.4117647052612894
2025-11-14,3,HIGH_VOL,0.30139671013926483,0.0514435695538058,0.6229260925747723
2025-11-17,3,HIGH_VOL,0.3015597753018982,0.050683970536653744,0.5705128195985362
2025-11-18,3,HIGH_VOL,0.30368455302736125,0.0599231306778476,0.6342857130775507
2025-11-19,3,HIGH_VOL,0.30905354885412606,0.012820512820512775,0.25279642001611563
2025-11-20,2,SIDEWAYS,0.23395962372398044,-0.04515293736850623,0.19686800850812558
2025-11-21,1,BEAR,0.2389209647695062,-0.05593495934959347,0.14196242141552728
2025-11-24,2,SIDEWAYS,0.2457519956758618,-0.04028706573152829,0.3543689311787166
2025-11-25,2,SIDEWAYS,0.24256215187009245,-0.0365752285951787,0.193181817742769
2025-11-26,2,SIDEWAYS,0.2462644024294407,-0.03025793650793651,0.3522727264721069
2025-11-28,2,SIDEWAYS,0.2460051861425394,-0.03334984315667833,0.32954545379648675
2025-12-01,2,SIDEWAYS,0.24987360313851056,-0.02722204001311901,0.5045454533987602
2025-12-02,3,HIGH_VOL,0.25221380652998365,-0.039475839475839436,0.3684210517501887
2025-12-03,3,HIGH_VOL,0.2524152885616497,-0.02658520475561421,0.4425837309986039
2025-12-04,3,HIGH_VOL,0.2505238544639189,0.0011744966442952531,0.6148325344142763
2025-12-05,3,HIGH_VOL,0.25139279687837346,0.010937237085646867,0.7129186585815336
2025-12-08,3,HIGH_VOL,0.2610564263474635,-0.014560669456066933,0.42583731955541343
2025-12-09,3,HIGH_VOL,0.26196519498047344,-0.0312655912190255,0.27511961656669914
2025-12-10,3,HIGH_VOL,0.25541619942880783,-0.04226736566186107,0.34343434256708477
2025-12-11,2,SIDEWAYS,0.21231765325195268,-0.015216276286544761,0.15364583293321474
2025-12-12,2,SIDEWAYS,0.21183819472815468,-0.021298347248253524,0.11197916637505408
2025-12-15,1,BEAR,0.19312618241204352,-0.05441837244133807,0.094382022259816
2025-12-16,1,BEAR,0.21234663240667342,-0.07744950759472535,0.049403747786366026
2025-12-17,1,BEAR,0.2095793233505064,-0.08010548870941159,0.14510489485121603
2025-12-18,1,BEAR,0.19786357915039454,-0.05485232067510548,0.18478260836090155
2025-12-19,2,SIDEWAYS,0.2023204257598119,-0.04203389830508464,0.2789855067409693
2025-12-22,2,SIDEWAYS,0.21843804530429722,-0.0008611780916294443,0.5489130424838531
2025-12-23,2,SIDEWAYS,0.21412371602681526,-0.007817811012916343,0.6159420278696709
2025-12-24,2,SIDEWAYS,0.20683552807059463,0.00690250215703192,0.6105072452708207
2025-12-26,2,SIDEWAYS,0.22484813400478046,-0.03256606990622335,0.31884057913253594
2025-12-29,2,SIDEWAYS,0.24171943069425092,-0.008027327070879609,0.5615942018811698
2025-12-30,2,SIDEWAYS,0.2364567675658828,-0.023095077545515763,0.5380434772861539
2025-12-31,2,SIDEWAYS,0.23523886595409954,-0.020804911323328734,0.44202898470646984
2026-01-02,2,SIDEWAYS,0.2340526325408504,-0.027650551314673533,0.42391304271030283
2026-01-05,2,SIDEWAYS,0.23867879485951923,-0.022624434389140302,0.6050724626719705
2026-01-06,2,SIDEWAYS,0.24626989946399322,-0.04910119840213045,0.40413533758621284
2026-01-07,2,SIDEWAYS,0.24625158852232007,-0.049082880434782594,0.24105011875644458
2026-01-08,3,HIGH_VOL,0.2712655467535352,-0.008412017167382047,0.6830466813684359
2026-01-09,3,HIGH_VOL,0.2838319927393653,0.011289770783441622,0.8643006245004152
2026-01-12,3,HIGH_VOL,0.2785266096804476,0.03298611111111116,0.9168356979374537
2026-01-13,3,HIGH_VOL,0.29240176795795897,0.06458913649025066,0.9463190169534983
2026-01-14,3,HIGH_VOL,0.2899935219847274,0.09151707145371346,0.953929538002806
2026-01-15,3,HIGH_VOL,0.3276733740873413,0.06893432241722453,0.5494505486958096
2026-01-16,3,HIGH_VOL,0.3268399097299651,0.06325031356387756,0.5525925917739375
2026-01-20,3,HIGH_VOL,0.33059077427089023,0.07785714285714285,0.7037037026611797
2026-01-21,3,HIGH_VOL,0.3299662070744841,0.07254069355980164,0.7363636352479337
2026-01-22,3,HIGH_VOL,0.3296212510166699,0.02327184968108953,0.5454545446280993
2026-01-23,3,HIGH_VOL,0.34324468469009406,0.04607742377526547,0.8045454533264464
2026-01-26,3,HIGH_VOL,0.3447873075602364,0.03907455012853478,0.7378787867607902
2026-01-27,3,HIGH_VOL,0.33816243357355596,0.0995770179767359,0.9650655007786526
2026-01-28,3,HIGH_VOL,0.33258605030788335,0.08832644628099184,0.9539052484585081
2026-01-29,3,HIGH_VOL,0.34815572901284625,0.12890422778257116,0.9011194021444779
2026-01-30,3,HIGH_VOL,0.345319758224296,0.13566701497735956,0.8815298499239451
2026-02-02,3,HIGH_VOL,0.3955481309361994,0.08408932309839501,0.5951492531761666
2026-02-03,3,HIGH_VOL,0.39544982736292006,0.08384773662551437,0.6949626859188779
2026-02-04,3,HIGH_VOL,0.39449165686075266,0.14020654647295627,0.8749999991837684
2026-02-05,3,HIGH_VOL,0.4033627011191615,0.13038042507590641,0.6964795426294197
2026-02-06,3,HIGH_VOL,0.39240937671081755,0.1002423822714682,0.6696730544874029
