Asset,AssetID,Horizons,N_Horizons,Threshold,Sharpe,Return,WinRate,DA,Trades
Bitcoin,1860,D1+D3+D13,3,0.3,1350907779.907,0.85,100.0,100.0,1
Bitcoin,1860,D1+D5,2,0.3,1350907779.907,0.85,100.0,100.0,1
Bitcoin,1860,D1+D3+D10+D13,4,0.3,1350907779.907,0.85,100.0,100.0,1
Bitcoin,1860,D1+D13,2,0.3,1350907779.907,0.85,100.0,100.0,1
Bitcoin,1860,D1+D5+D13,3,0.3,1350907779.907,0.85,100.0,100.0,1
Bitcoin,1860,D1+D3+D5,3,0.3,1350907779.907,0.85,100.0,100.0,1
Bitcoin,1860,D1+D3+D5+D13,4,0.3,1350907779.907,0.85,100.0,100.0,1
Bitcoin,1860,D1+D3+D5+D13,4,0.2,36.139,4.98,100.0,100.0,6
Bitcoin,1860,D1+D13,2,0.2,15.64,4.74,87.5,87.5,8
Bitcoin,1860,D1+D5+D13,3,0.2,14.944,4.22,85.7,85.7,7
Bitcoin,1860,D1+D5+D10+D13,4,0.2,14.936,4.47,87.5,87.5,8
Bitcoin,1860,D1+D10+D13,3,0.3,14.836,3.71,83.3,83.3,6
Bitcoin,1860,D1+D3+D8+D13,4,0.2,14.07,3.19,80.0,80.0,5
Bitcoin,1860,D1+D5+D8+D13,4,0.2,14.07,3.19,80.0,80.0,5
Bitcoin,1860,D1+D3,2,0.3,12.954,11.61,70.0,70.0,10
Bitcoin,1860,D1+D3+D13,3,0.2,11.752,4.94,71.4,71.4,7
Bitcoin,1860,D3+D10+D13,3,0.3,11.365,2.16,80.0,80.0,5
Bitcoin,1860,D1+D5,2,0.2,9.884,1.37,75.0,75.0,4
Bitcoin,1860,D1+D3+D5,3,0.2,9.884,1.37,75.0,75.0,4
Bitcoin,1860,D1+D3+D10+D13,4,0.2,9.474,3.5,77.8,77.8,9
Bitcoin,1860,D8+D13,2,0.5,9.441,1.59,75.0,75.0,4
Bitcoin,1860,D1+D3,2,0.5,8.488,0.35,50.0,50.0,2
Bitcoin,1860,D3+D10+D13,3,0.2,7.874,13.41,77.3,77.3,22
Bitcoin,1860,D3+D8+D10+D13,4,0.3,7.501,1.09,66.7,66.7,3
Bitcoin,1860,D1+D8+D10+D13,4,0.3,7.501,1.09,66.7,66.7,3
Bitcoin,1860,D1+D10+D13,3,0.2,6.93,10.55,76.2,76.2,21
Bitcoin,1860,D8+D10+D13,3,0.2,6.876,15.73,66.7,66.7,30
Bitcoin,1860,D5+D10+D13,3,0.2,6.539,9.64,75.0,75.0,20
Bitcoin,1860,D8+D13,2,0.2,6.391,15.02,64.5,64.5,31
Bitcoin,1860,D1+D8+D10+D13,4,0.2,6.362,7.48,76.5,76.5,17
Bitcoin,1860,D5+D13,2,0.2,5.789,7.35,76.5,76.5,17
Bitcoin,1860,D5+D10,2,0.2,5.247,0.71,80.0,80.0,5
Bitcoin,1860,D8+D13,2,0.3,5.153,7.34,70.0,70.0,20
Bitcoin,1860,D10+D13,2,0.5,5.082,4.44,76.9,76.9,13
Bitcoin,1860,D10+D13,2,0.3,4.971,13.38,66.7,66.7,30
Bitcoin,1860,D5+D8+D10+D13,4,0.2,4.813,5.68,75.0,75.0,16
Bitcoin,1860,D1+D3,2,0.2,4.763,15.09,61.5,61.5,26
Bitcoin,1860,D10+D13,2,0.2,4.62,17.6,64.1,64.1,39
Bitcoin,1860,D3+D8+D10+D13,4,0.2,4.572,5.13,73.3,73.3,15
Bitcoin,1860,D3+D13,2,0.2,4.572,5.13,73.3,73.3,15
Bitcoin,1860,D3+D8+D13,3,0.2,4.572,5.13,73.3,73.3,15
Bitcoin,1860,D1+D8+D10+D13,4,0.1,4.383,15.81,60.5,60.5,38
Bitcoin,1860,D8+D10+D13,3,0.3,4.3,4.87,66.7,66.7,15
Bitcoin,1860,D3+D5+D8+D13,4,0.2,3.635,3.01,70.0,70.0,10
Bitcoin,1860,D3+D5+D13,3,0.2,3.487,3.24,66.7,66.7,12
Bitcoin,1860,D5+D8+D10,3,0.2,3.486,1.37,66.7,66.7,6
Bitcoin,1860,D3+D5+D10+D13,4,0.2,2.574,3.1,66.7,66.7,15
Bitcoin,1860,D3+D5,2,0.2,2.537,8.24,57.7,57.7,26
Bitcoin,1860,D1+D8+D13,3,0.2,2.512,2.07,71.4,71.4,14
Bitcoin,1860,D5+D8+D10+D13,4,0.3,2.254,0.23,50.0,50.0,2
Bitcoin,1860,D1+D3+D8,3,0.1,1.964,9.46,61.5,61.5,39
Bitcoin,1860,D5+D10+D13,3,0.1,1.898,9.57,61.4,61.4,44
Bitcoin,1860,D8+D10,2,0.2,1.861,5.93,68.0,68.0,25
Bitcoin,1860,D3+D10,2,0.2,1.753,0.43,50.0,50.0,2
Bitcoin,1860,D3+D5+D8+D10,4,0.2,1.753,0.43,50.0,50.0,2
Bitcoin,1860,D5+D8+D13,3,0.2,1.704,2.06,73.3,73.3,15
Bitcoin,1860,D1+D3+D13,3,0.05,1.695,9.93,56.0,56.0,50
Bitcoin,1860,D3+D10+D13,3,0.1,1.688,8.82,60.0,60.0,45
Bitcoin,1860,D3+D5+D13,3,0.05,1.6,10.13,56.6,56.6,53
Bitcoin,1860,D8+D10+D13,3,0.1,1.534,6.8,54.3,54.3,46
Bitcoin,1860,D1+D3+D8+D13,4,0.05,1.519,8.28,55.1,55.1,49
Bitcoin,1860,D1+D5,2,0.05,1.435,15.27,55.1,55.1,89
Bitcoin,1860,D1+D3+D5,3,0.05,1.435,15.27,55.1,55.1,89
Bitcoin,1860,D1+D3+D5+D13,4,0.05,1.421,7.51,55.1,55.1,49
Bitcoin,1860,D1+D3+D5+D8,4,0.05,1.349,12.66,59.5,59.5,84
Bitcoin,1860,D3+D8+D10+D13,4,0.1,1.308,5.99,61.0,61.0,41
Bitcoin,1860,D1+D8+D13,3,0.3,1.298,0.12,50.0,50.0,2
Bitcoin,1860,D1+D5+D10+D13,4,0.3,1.298,0.12,50.0,50.0,2
Bitcoin,1860,D3+D13,2,0.3,1.298,0.12,50.0,50.0,2
Bitcoin,1860,D3+D8+D13,3,0.3,1.298,0.12,50.0,50.0,2
Bitcoin,1860,D8+D10+D13,3,0.5,1.298,0.12,50.0,50.0,2
Bitcoin,1860,D1+D5+D8,3,0.1,1.168,5.26,59.5,59.5,37
Bitcoin,1860,D8+D10,2,0.3,1.165,1.53,60.0,60.0,10
Bitcoin,1860,D5+D8+D10+D13,4,0.1,1.14,5.01,60.0,60.0,40
Bitcoin,1860,D8+D13,2,0.1,1.13,5.1,54.2,54.2,48
Bitcoin,1860,D5+D13,2,0.1,1.126,5.28,60.5,60.5,43
Bitcoin,1860,D1+D3+D5+D8,4,0.1,1.075,4.59,59.5,59.5,37
Bitcoin,1860,D1+D3+D10,3,0.05,1.032,9.65,58.8,58.8,80
Bitcoin,1860,D5+D13,2,0.05,0.867,4.64,56.6,56.6,53
Bitcoin,1860,D3+D8+D10+D13,4,0.05,0.81,4.4,52.7,52.7,55
Bitcoin,1860,D1+D8,2,0.1,0.785,2.9,61.8,61.8,34
Bitcoin,1860,D3+D5+D10,3,0.05,0.724,7.54,56.9,56.9,102
Bitcoin,1860,D1+D10+D13,3,0.05,0.697,3.97,53.3,53.3,60
Bitcoin,1860,D1+D10+D13,3,0.1,0.679,2.84,54.5,54.5,44
Bitcoin,1860,D1+D8+D13,3,0.05,0.676,3.43,53.7,53.7,54
Bitcoin,1860,D1+D5+D10+D13,4,0.05,0.676,3.43,53.7,53.7,54
Bitcoin,1860,D1+D8+D13,3,0.1,0.67,2.21,60.0,60.0,35
Bitcoin,1860,D3+D10+D13,3,0.05,0.609,3.02,52.7,52.7,55
Bitcoin,1860,D3+D5+D8+D13,4,0.05,0.604,3.07,57.7,57.7,52
Bitcoin,1860,D3+D5+D8,3,0.1,0.584,3.4,55.0,55.0,60
Bitcoin,1860,D5+D8+D13,3,0.05,0.563,2.43,59.2,59.2,49
Bitcoin,1860,D1+D3+D5+D10,4,0.05,0.549,4.18,58.0,58.0,81
Bitcoin,1860,D1+D8+D10,3,0.1,0.549,1.78,57.1,57.1,35
Bitcoin,1860,D3+D13,2,0.05,0.523,2.38,52.8,52.8,53
Bitcoin,1860,D3+D8+D13,3,0.05,0.523,2.38,52.8,52.8,53
Bitcoin,1860,D1+D5+D8+D13,4,0.05,0.498,1.9,57.8,57.8,45
Bitcoin,1860,D3+D5+D10+D13,4,0.05,0.482,2.11,52.8,52.8,53
Bitcoin,1860,D1+D5+D10+D13,4,0.1,0.462,1.25,60.6,60.6,33
Bitcoin,1860,D1+D5+D10,3,0.05,0.453,3.22,57.1,57.1,84
Bitcoin,1860,D1+D5+D13,3,0.1,0.431,1.12,60.6,60.6,33
Bitcoin,1860,D1+D10,2,0.05,0.429,3.04,57.5,57.5,87
Bitcoin,1860,D3+D8,2,0.1,0.387,1.7,55.9,55.9,59
Bitcoin,1860,D1+D3+D5+D13,4,0.1,0.368,0.81,61.3,61.3,31
Bitcoin,1860,D1+D3+D10+D13,4,0.05,0.343,1.14,52.0,52.0,50
Bitcoin,1860,D5+D8+D10+D13,4,0.05,0.223,0.47,55.6,55.6,54
Bitcoin,1860,D3+D5,2,0.05,0.21,0.69,52.8,52.8,108
Bitcoin,1860,D1+D3+D10+D13,4,0.1,0.205,0.2,58.8,58.8,34
Bitcoin,1860,D1+D13,2,0.05,0.123,-0.13,52.9,52.9,51
Bitcoin,1860,D1+D5+D13,3,0.05,0.091,-0.27,52.2,52.2,46
Bitcoin,1860,D1+D3+D8+D10,4,0.05,0.091,-0.92,57.1,57.1,84
Bitcoin,1860,D8+D10+D13,3,0.05,0.08,-0.61,53.2,53.2,62
Bitcoin,1860,D1+D13,2,0.1,0.071,-0.37,58.8,58.8,34
Bitcoin,1860,D1+D3+D13,3,0.1,0.059,-0.43,60.0,60.0,30
Bitcoin,1860,D5+D10+D13,3,0.05,0.018,-0.91,53.6,53.6,56
Bitcoin,1860,D3+D5+D10+D13,4,0.1,-0.045,-0.94,59.0,59.0,39
Bitcoin,1860,D3+D8+D13,3,0.1,-0.045,-0.94,59.0,59.0,39
Bitcoin,1860,D3+D13,2,0.1,-0.045,-0.94,59.0,59.0,39
Bitcoin,1860,D10+D13,2,0.1,-0.06,-1.47,50.8,50.8,59
Bitcoin,1860,D3+D5+D8+D10,4,0.05,-0.08,-3.16,55.0,55.0,109
Bitcoin,1860,D3+D10,2,0.05,-0.101,-3.45,54.5,54.5,110
Bitcoin,1860,D1+D8+D10+D13,4,0.05,-0.122,-1.82,51.9,51.9,54
Bitcoin,1860,D1+D5+D8+D13,4,0.1,-0.212,-1.45,59.4,59.4,32
Bitcoin,1860,D8+D13,2,0.05,-0.235,-3.01,51.6,51.6,64
Bitcoin,1860,D1+D5+D8+D10,4,0.05,-0.276,-5.29,57.0,57.0,93
Bitcoin,1860,D3+D5+D8,3,0.05,-0.288,-5.72,58.8,58.8,97
Bitcoin,1860,D3+D8,2,0.05,-0.32,-6.2,57.4,57.4,101
Bitcoin,1860,D1+D8+D10,3,0.05,-0.343,-5.67,56.7,56.7,90
Bitcoin,1860,D5+D8+D13,3,0.1,-0.364,-2.46,57.9,57.9,38
Bitcoin,1860,D3+D5+D10,3,0.1,-0.384,-4.09,56.1,56.1,57
Bitcoin,1860,D1+D3+D8+D13,4,0.1,-0.428,-2.23,60.0,60.0,30
Bitcoin,1860,D3+D5,2,0.1,-0.447,-5.99,49.3,49.3,75
Bitcoin,1860,D1+D3+D8,3,0.05,-0.469,-6.63,54.7,54.7,86
Bitcoin,1860,D1+D3,2,0.1,-0.476,-6.36,51.9,51.9,77
Bitcoin,1860,D1+D5,2,0.1,-0.489,-3.67,52.5,52.5,40
Bitcoin,1860,D1+D3+D5,3,0.1,-0.489,-3.67,52.5,52.5,40
Bitcoin,1860,D3+D5+D13,3,0.1,-0.496,-3.11,53.7,53.7,41
Bitcoin,1860,D1+D3,2,0.05,-0.557,-11.07,50.4,50.4,123
Bitcoin,1860,D1+D8,2,0.05,-0.589,-7.86,55.1,55.1,89
Bitcoin,1860,D1+D5+D8,3,0.05,-0.605,-8.16,54.3,54.3,92
Bitcoin,1860,D8+D10,2,0.1,-0.763,-8.8,50.0,50.0,76
Bitcoin,1860,D10+D13,2,0.05,-0.83,-7.73,48.5,48.5,68
Bitcoin,1860,D8+D10,2,0.05,-0.865,-13.06,48.2,48.2,112
Bitcoin,1860,D3+D8+D10,3,0.1,-0.983,-8.39,53.8,53.8,52
Bitcoin,1860,D5+D10+D13,3,0.3,-1.036,-0.55,66.7,66.7,6
Bitcoin,1860,D3+D5+D10,3,0.2,-1.043,-0.62,60.0,60.0,5
Bitcoin,1860,D3+D5+D8+D13,4,0.1,-1.088,-5.54,55.3,55.3,38
Bitcoin,1860,D3+D5,2,0.3,-1.242,-0.63,50.0,50.0,6
Bitcoin,1860,D3+D10,2,0.1,-1.275,-9.9,53.8,53.8,52
Bitcoin,1860,D3+D5+D8+D10,4,0.1,-1.275,-9.9,53.8,53.8,52
Bitcoin,1860,D3+D8+D10,3,0.05,-1.295,-17.53,51.4,51.4,105
Bitcoin,1860,D5+D8+D10,3,0.1,-1.395,-11.57,50.0,50.0,54
Bitcoin,1860,D3+D8+D10,3,0.2,-1.434,-0.54,33.3,33.3,3
Bitcoin,1860,D1+D3+D5+D10,4,0.1,-1.488,-8.07,54.3,54.3,35
Bitcoin,1860,D1+D5+D10,3,0.1,-1.493,-7.41,57.6,57.6,33
Bitcoin,1860,D5+D10,2,0.1,-1.628,-13.55,49.1,49.1,57
Bitcoin,1860,D5+D8+D10,3,0.05,-1.697,-21.12,52.5,52.5,99
Bitcoin,1860,D5+D10,2,0.05,-1.727,-21.29,54.1,54.1,98
Bitcoin,1860,D5+D8,2,0.1,-1.831,-15.78,54.3,54.3,70
Bitcoin,1860,D1+D3+D8+D10,4,0.1,-1.88,-9.16,57.1,57.1,35
Bitcoin,1860,D5+D8,2,0.05,-1.937,-24.05,52.3,52.3,107
Bitcoin,1860,D1+D3+D10,3,0.1,-2.379,-11.51,52.8,52.8,36
Bitcoin,1860,D1+D10,2,0.1,-2.409,-10.64,54.8,54.8,31
Bitcoin,1860,D1+D5+D8+D10,4,0.1,-3.173,-13.42,51.6,51.6,31
Bitcoin,1860,D5+D8,2,0.2,-4.959,-5.58,50.0,50.0,14
Bitcoin,1860,D3+D8,2,0.2,-5.315,-6.18,25.0,25.0,12
Bitcoin,1860,D5+D13,2,0.3,-5.43,-1.94,50.0,50.0,4
Bitcoin,1860,D3+D5+D8,3,0.2,-5.992,-6.61,25.0,25.0,12
Bitcoin,1860,D5+D8,2,0.3,-25.621,-2.89,0.0,0.0,2
Bitcoin,1860,D5+D8+D13,3,0.3,-1146722490.542,-0.72,0.0,0.0,1
Crude_Oil,1866,D2+D3+D6,3,0.2,1451853178.462,0.91,100.0,100.0,1
Crude_Oil,1866,D6+D9,2,0.3,1049901313.915,0.66,100.0,100.0,1
Crude_Oil,1866,D2+D5+D7+D10,4,0.1,300757124.578,0.19,100.0,100.0,1
Crude_Oil,1866,D2+D6+D7,3,0.2,270665095.761,0.17,100.0,100.0,1
Crude_Oil,1866,D1+D3+D6,3,0.2,20.661,3.06,66.7,66.7,3
Crude_Oil,1866,D1+D2+D4+D6,4,0.2,20.661,3.06,66.7,66.7,3
Crude_Oil,1866,D6+D8,2,0.2,18.14,6.61,100.0,100.0,3
Crude_Oil,1866,D6+D7+D8,3,0.2,18.14,6.61,100.0,100.0,3
Crude_Oil,1866,D3+D4,2,0.3,17.221,1.31,60.0,60.0,5
Crude_Oil,1866,D2+D5+D8+D10,4,0.1,15.875,0.19,50.0,50.0,2
Crude_Oil,1866,D1+D2+D3+D8,4,0.2,15.875,1.89,50.0,50.0,2
Crude_Oil,1866,D4+D6+D7,3,0.2,15.875,0.17,50.0,50.0,2
Crude_Oil,1866,D1+D3+D4,3,0.3,15.875,1.89,50.0,50.0,2
Crude_Oil,1866,D1+D2+D3+D4,4,0.3,15.875,1.89,50.0,50.0,2
Crude_Oil,1866,D3+D4+D6+D7,4,0.2,15.875,0.17,50.0,50.0,2
Crude_Oil,1866,D1+D2+D3+D10,4,0.2,15.875,1.89,50.0,50.0,2
Crude_Oil,1866,D1+D2+D4+D7,4,0.2,15.875,1.89,50.0,50.0,2
Crude_Oil,1866,D1+D2+D3+D9,4,0.2,15.875,1.89,50.0,50.0,2
Crude_Oil,1866,D1+D2+D4+D8,4,0.2,15.875,1.89,50.0,50.0,2
Crude_Oil,1866,D1+D4,2,0.3,15.875,1.89,50.0,50.0,2
Crude_Oil,1866,D1+D3+D7,3,0.2,15.875,1.89,50.0,50.0,2
Crude_Oil,1866,D6+D8+D9+D10,4,0.2,15.875,0.66,50.0,50.0,2
Crude_Oil,1866,D2+D7+D10,3,0.1,11.225,0.19,33.3,33.3,3
Crude_Oil,1866,D2+D3+D4,3,0.3,11.225,1.89,33.3,33.3,3
Crude_Oil,1866,D3+D6+D7,3,0.2,11.225,0.17,33.3,33.3,3
Crude_Oil,1866,D2+D4,2,0.3,11.225,1.89,33.3,33.3,3
Crude_Oil,1866,D7+D8,2,0.3,10.075,6.66,62.5,62.5,8
Crude_Oil,1866,D1+D5,2,0.2,9.929,1.74,33.3,33.3,3
Crude_Oil,1866,D1+D3+D5,3,0.2,9.929,1.74,33.3,33.3,3
Crude_Oil,1866,D1+D7+D10,3,0.1,9.871,3.14,37.5,37.5,8
Crude_Oil,1866,D3+D4+D7,3,0.2,9.165,0.17,25.0,25.0,4
Crude_Oil,1866,D1+D2+D4+D5,4,0.2,8.207,1.74,25.0,25.0,4
Crude_Oil,1866,D1+D7+D8+D10,4,0.1,7.346,1.79,28.6,28.6,7
Crude_Oil,1866,D2+D5+D6+D9,4,0.1,7.22,2.99,50.0,50.0,6
Crude_Oil,1866,D1+D3,2,0.3,6.661,3.72,42.9,42.9,7
Crude_Oil,1866,D1+D2+D3,3,0.3,6.661,3.72,42.9,42.9,7
Crude_Oil,1866,D1+D2+D4,3,0.3,5.549,1.15,33.3,33.3,3
Crude_Oil,1866,D3+D7+D9+D10,4,0.1,5.125,3.01,25.0,25.0,8
Crude_Oil,1866,D8+D10,2,0.2,5.04,0.5,16.7,16.7,6
Crude_Oil,1866,D8+D9+D10,3,0.2,5.04,0.5,16.7,16.7,6
Crude_Oil,1866,D1+D2+D3+D6,4,0.2,4.858,3.42,50.0,50.0,8
Crude_Oil,1866,D5+D6,2,0.3,4.79,10.26,40.9,40.9,22
Crude_Oil,1866,D1+D5+D6+D9,4,0.1,4.676,2.54,30.0,30.0,10
Crude_Oil,1866,D2+D4,2,0.2,4.56,6.65,38.1,38.1,21
Crude_Oil,1866,D2+D3+D4,3,0.2,4.56,6.65,38.1,38.1,21
Crude_Oil,1866,D6+D9+D10,3,0.1,4.538,10.56,29.4,29.4,34
Crude_Oil,1866,D9+D10,2,0.3,4.508,6.24,40.0,40.0,15
Crude_Oil,1866,D4+D6+D9+D10,4,0.1,4.489,3.13,27.3,27.3,11
Crude_Oil,1866,D2+D8,2,0.1,4.361,3.32,31.2,31.2,16
Crude_Oil,1866,D2+D5+D8,3,0.1,4.361,3.32,31.2,31.2,16
Crude_Oil,1866,D1+D2+D6,3,0.2,4.318,2.97,33.3,33.3,12
Crude_Oil,1866,D1+D2+D3+D4,4,0.2,4.211,5.82,33.3,33.3,18
Crude_Oil,1866,D5+D6+D8+D10,4,0.1,4.183,5.97,40.0,40.0,15
Crude_Oil,1866,D1+D3+D4+D5,4,0.2,3.867,1.05,20.0,20.0,5
Crude_Oil,1866,D4+D7+D9+D10,4,0.1,3.858,2.95,23.1,23.1,13
Crude_Oil,1866,D2+D3+D5,3,0.2,3.716,3.81,40.0,40.0,15
Crude_Oil,1866,D5+D6+D9+D10,4,0.1,3.468,6.39,35.0,35.0,20
Crude_Oil,1866,D5+D7+D10,3,0.1,3.424,4.7,33.3,33.3,15
Crude_Oil,1866,D5+D7+D9+D10,4,0.1,3.383,5.77,23.8,23.8,21
Crude_Oil,1866,D1+D7+D8,3,0.1,3.37,7.36,33.3,33.3,27
Crude_Oil,1866,D4+D7+D8,3,0.1,3.325,10.89,37.5,37.5,32
Crude_Oil,1866,D3+D9+D10,3,0.1,3.308,6.22,33.3,33.3,21
Crude_Oil,1866,D1+D5+D9+D10,4,0.1,3.262,1.58,20.0,20.0,10
Crude_Oil,1866,D1+D4+D7+D8,4,0.1,3.195,3.34,26.7,26.7,15
Crude_Oil,1866,D4+D6+D7+D8,4,0.1,3.1,4.58,43.8,43.8,16
Crude_Oil,1866,D3+D6+D9+D10,4,0.1,3.015,1.77,28.6,28.6,7
Crude_Oil,1866,D5+D9+D10,3,0.1,2.947,6.39,29.6,29.6,27
Crude_Oil,1866,D7+D8,2,0.1,2.947,22.13,38.2,38.2,76
Crude_Oil,1866,D2+D6+D7+D8,4,0.1,2.874,4.97,40.0,40.0,20
Crude_Oil,1866,D5+D10,2,0.1,2.844,4.13,23.5,23.5,17
Crude_Oil,1866,D5+D7+D8,3,0.1,2.814,11.38,41.5,41.5,41
Crude_Oil,1866,D3+D6+D7+D9,4,0.1,2.811,3.9,43.8,43.8,16
Crude_Oil,1866,D3+D5+D6,3,0.1,2.784,9.12,36.4,36.4,44
Crude_Oil,1866,D1+D7+D9,3,0.1,2.782,1.9,21.4,21.4,14
Crude_Oil,1866,D1+D3+D4,3,0.2,2.773,2.33,36.4,36.4,11
Crude_Oil,1866,D4+D6+D8+D10,4,0.1,2.757,1.45,25.0,25.0,8
Crude_Oil,1866,D4+D8,2,0.1,2.75,4.25,19.0,19.0,21
Crude_Oil,1866,D4+D6+D8,3,0.1,2.75,4.25,19.0,19.0,21
Crude_Oil,1866,D4+D7+D8+D10,4,0.1,2.68,3.36,37.5,37.5,16
Crude_Oil,1866,D5+D6+D7+D8,4,0.1,2.649,7.84,36.7,36.7,30
Crude_Oil,1866,D4+D6+D9,3,0.1,2.608,2.63,29.4,29.4,17
Crude_Oil,1866,D4+D7+D10,3,0.1,2.595,1.45,22.2,22.2,9
Crude_Oil,1866,D4+D10,2,0.1,2.595,1.45,22.2,22.2,9
Crude_Oil,1866,D7+D9+D10,3,0.1,2.584,7.64,35.3,35.3,34
Crude_Oil,1866,D1+D2+D3+D5,4,0.2,2.529,2.2,36.4,36.4,11
Crude_Oil,1866,D6+D9,2,0.2,2.489,0.98,50.0,50.0,4
Crude_Oil,1866,D1+D5+D6+D10,4,0.1,2.437,2.43,35.7,35.7,14
Crude_Oil,1866,D2+D4+D7+D8,4,0.1,2.348,1.16,25.0,25.0,12
Crude_Oil,1866,D1+D5+D6,3,0.1,2.305,7.63,36.4,36.4,44
Crude_Oil,1866,D7+D8+D10,3,0.1,2.265,8.62,37.5,37.5,40
Crude_Oil,1866,D2+D9+D10,3,0.1,2.238,3.31,33.3,33.3,18
Crude_Oil,1866,D5+D8,2,0.1,2.235,7.45,33.3,33.3,33
Crude_Oil,1866,D1+D6+D7+D8,4,0.1,2.215,3.53,33.3,33.3,18
Crude_Oil,1866,D3+D5+D6+D10,4,0.1,2.148,1.54,38.5,38.5,13
Crude_Oil,1866,D2+D4+D6+D8,4,0.1,2.136,1.14,21.4,21.4,14
Crude_Oil,1866,D4+D9+D10,3,0.1,2.13,4.57,25.9,25.9,27
Crude_Oil,1866,D4+D8+D10,3,0.1,2.085,1.29,18.2,18.2,11
Crude_Oil,1866,D5+D7+D8+D10,4,0.1,2.076,4.02,31.8,31.8,22
Crude_Oil,1866,D7+D8,2,0.05,2.06,23.31,37.9,37.9,116
Crude_Oil,1866,D5+D6,2,0.2,2.003,7.66,37.2,37.2,43
Crude_Oil,1866,D1+D5+D7+D8,4,0.1,1.968,2.12,26.7,26.7,15
Crude_Oil,1866,D2+D7+D8,3,0.05,1.883,15.22,39.1,39.1,87
Crude_Oil,1866,D3+D4,2,0.2,1.827,2.92,41.7,41.7,24
Crude_Oil,1866,D5+D6+D7+D10,4,0.1,1.813,3.37,38.1,38.1,21
Crude_Oil,1866,D5+D9+D10,3,0.2,1.774,0.31,50.0,50.0,2
Crude_Oil,1866,D2+D5+D6,3,0.1,1.713,5.09,34.1,34.1,41
Crude_Oil,1866,D7+D10,2,0.1,1.707,5.39,35.1,35.1,37
Crude_Oil,1866,D5+D6+D10,3,0.1,1.682,5.04,39.4,39.4,33
Crude_Oil,1866,D1+D4,2,0.2,1.637,1.66,26.7,26.7,15
Crude_Oil,1866,D3+D7+D8,3,0.1,1.632,4.12,32.1,32.1,28
Crude_Oil,1866,D5+D6+D8,3,0.1,1.58,5.75,33.3,33.3,42
Crude_Oil,1866,D2+D3,2,0.1,1.54,13.38,42.3,42.3,104
Crude_Oil,1866,D9+D10,2,0.05,1.503,15.6,32.7,32.7,113
Crude_Oil,1866,D2+D3,2,0.3,1.422,2.94,35.7,35.7,28
Crude_Oil,1866,D4+D5+D7+D8,4,0.1,1.416,2.19,20.0,20.0,20
Crude_Oil,1866,D5+D6+D9,3,0.1,1.413,4.09,33.3,33.3,36
Crude_Oil,1866,D9+D10,2,0.1,1.401,9.49,30.9,30.9,81
Crude_Oil,1866,D5+D8+D10,3,0.1,1.383,2.21,26.3,26.3,19
Crude_Oil,1866,D1+D5+D8,3,0.1,1.359,1.9,31.6,31.6,19
Crude_Oil,1866,D7+D8+D9+D10,4,0.1,1.306,4.15,34.1,34.1,44
Crude_Oil,1866,D2+D3+D9+D10,4,0.05,1.284,8.42,38.2,38.2,76
Crude_Oil,1866,D2+D5+D6+D10,4,0.05,1.212,8.06,38.7,38.7,75
Crude_Oil,1866,D3+D4+D6,3,0.1,1.203,2.74,35.3,35.3,34
Crude_Oil,1866,D2+D4+D6+D9,4,0.1,1.2,0.47,60.0,60.0,5
Crude_Oil,1866,D3+D5+D6+D8,4,0.05,1.176,7.99,35.1,35.1,77
Crude_Oil,1866,D2+D4+D6,3,0.1,1.159,3.48,39.5,39.5,43
Crude_Oil,1866,D2+D6,2,0.1,1.159,3.48,39.5,39.5,43
Crude_Oil,1866,D2+D6+D8,3,0.1,1.154,1.72,27.8,27.8,18
Crude_Oil,1866,D6+D10,2,0.1,1.149,2.06,34.5,34.5,29
Crude_Oil,1866,D6+D8+D10,3,0.1,1.149,2.06,34.5,34.5,29
Crude_Oil,1866,D3+D6,2,0.1,1.11,2.78,33.3,33.3,39
Crude_Oil,1866,D2+D5+D7+D8,4,0.05,1.061,8.12,38.1,38.1,84
Crude_Oil,1866,D5+D7+D8,3,0.05,1.057,8.03,35.6,35.6,87
Crude_Oil,1866,D5+D6+D8,3,0.05,1.037,7.45,32.6,32.6,89
Crude_Oil,1866,D2+D4,2,0.1,1.033,4.87,37.7,37.7,69
Crude_Oil,1866,D2+D3+D4,3,0.1,1.033,4.87,37.7,37.7,69
Crude_Oil,1866,D6+D7+D8+D10,4,0.1,0.99,2.56,40.0,40.0,30
Crude_Oil,1866,D5+D8,2,0.05,0.958,6.38,34.1,34.1,82
Crude_Oil,1866,D6+D7+D9+D10,4,0.1,0.908,1.53,33.3,33.3,27
Crude_Oil,1866,D3+D4+D9+D10,4,0.1,0.9,0.25,20.0,20.0,5
Crude_Oil,1866,D3+D5+D9+D10,4,0.1,0.9,0.25,20.0,20.0,5
Crude_Oil,1866,D5+D6+D7+D8,4,0.05,0.876,5.37,32.9,32.9,79
Crude_Oil,1866,D9+D10,2,0.2,0.836,1.85,30.3,30.3,33
Crude_Oil,1866,D1+D7+D8,3,0.05,0.831,5.18,32.9,32.9,82
Crude_Oil,1866,D1+D3+D7+D8,4,0.05,0.816,5.44,32.9,32.9,82
Crude_Oil,1866,D2+D5+D6+D8,4,0.05,0.774,5.59,36.9,36.9,84
Crude_Oil,1866,D3+D4+D8,3,0.05,0.773,4.85,35.9,35.9,78
Crude_Oil,1866,D1+D9+D10,3,0.05,0.773,5.56,31.5,31.5,92
Crude_Oil,1866,D5+D7+D9+D10,4,0.05,0.77,4.54,38.7,38.7,75
Crude_Oil,1866,D2+D3+D6+D8,4,0.1,0.77,1.02,40.9,40.9,22
Crude_Oil,1866,D1+D3+D4+D10,4,0.1,0.77,1.14,28.0,28.0,25
Crude_Oil,1866,D1+D3+D7+D8,4,0.1,0.754,0.94,27.8,27.8,18
Crude_Oil,1866,D3+D6+D7+D8,4,0.1,0.744,1.16,36.8,36.8,19
Crude_Oil,1866,D2+D3+D7+D8,4,0.1,0.704,0.89,38.1,38.1,21
Crude_Oil,1866,D5+D7,2,0.1,0.697,2.29,32.6,32.6,43
Crude_Oil,1866,D5+D6+D7,3,0.1,0.697,2.29,32.6,32.6,43
Crude_Oil,1866,D2+D6+D7+D9,4,0.1,0.648,0.91,38.9,38.9,18
Crude_Oil,1866,D4+D5+D6+D9,4,0.1,0.647,0.79,20.8,20.8,24
Crude_Oil,1866,D3+D7+D8,3,0.05,0.622,4.32,34.4,34.4,90
Crude_Oil,1866,D2+D3,2,0.05,0.612,6.23,39.4,39.4,132
Crude_Oil,1866,D3+D4,2,0.1,0.599,3.32,31.7,31.7,82
Crude_Oil,1866,D5+D6+D10,3,0.05,0.542,3.17,31.0,31.0,87
Crude_Oil,1866,D1+D5+D6+D8,4,0.05,0.538,3.41,35.8,35.8,81
Crude_Oil,1866,D1+D3+D4+D9,4,0.1,0.52,0.76,33.3,33.3,27
Crude_Oil,1866,D2+D3+D5+D6,4,0.1,0.519,1.45,37.0,37.0,46
Crude_Oil,1866,D5+D6+D8+D10,4,0.05,0.514,2.44,32.4,32.4,71
Crude_Oil,1866,D1+D7+D9+D10,4,0.1,0.51,0.18,11.1,11.1,9
Crude_Oil,1866,D2+D3+D4,3,0.05,0.493,3.72,36.9,36.9,111
Crude_Oil,1866,D2+D4,2,0.05,0.493,3.72,36.9,36.9,111
Crude_Oil,1866,D3+D4,2,0.05,0.466,3.87,31.4,31.4,118
Crude_Oil,1866,D1+D6+D7+D10,4,0.05,0.454,2.03,32.8,32.8,64
Crude_Oil,1866,D6+D7+D8+D9,4,0.2,0.439,0.11,50.0,50.0,4
Crude_Oil,1866,D3+D8+D10,3,0.1,0.439,0.17,16.7,16.7,6
Crude_Oil,1866,D5+D6,2,0.05,0.429,3.3,34.5,34.5,113
Crude_Oil,1866,D2+D5+D6+D7,4,0.05,0.421,2.17,36.5,36.5,74
Crude_Oil,1866,D2+D5+D6,3,0.05,0.418,2.38,40.2,40.2,82
Crude_Oil,1866,D2+D3+D4+D6,4,0.1,0.413,1.05,34.8,34.8,46
Crude_Oil,1866,D3+D5+D7+D8,4,0.05,0.399,2.1,32.9,32.9,79
Crude_Oil,1866,D1+D2+D4+D8,4,0.1,0.364,0.94,26.1,26.1,46
Crude_Oil,1866,D2+D3,2,0.2,0.356,1.3,36.1,36.1,61
Crude_Oil,1866,D1+D2+D3+D7,4,0.2,0.345,0.09,50.0,50.0,4
Crude_Oil,1866,D5+D9+D10,3,0.05,0.342,1.62,34.6,34.6,78
Crude_Oil,1866,D2+D3+D6,3,0.05,0.334,1.96,35.0,35.0,100
Crude_Oil,1866,D3+D4+D7+D8,4,0.05,0.333,1.69,33.7,33.7,83
Crude_Oil,1866,D2+D7+D8+D10,4,0.05,0.329,1.46,35.6,35.6,73
Crude_Oil,1866,D2+D6+D7+D8,4,0.05,0.311,1.38,34.7,34.7,75
Crude_Oil,1866,D5+D7+D8+D10,4,0.05,0.305,1.27,37.8,37.8,74
Crude_Oil,1866,D5+D6,2,0.1,0.269,1.17,33.7,33.7,83
Crude_Oil,1866,D3+D4+D10,3,0.05,0.243,0.92,35.9,35.9,78
Crude_Oil,1866,D1+D2+D5+D9,4,0.1,0.239,0.4,30.6,30.6,36
Crude_Oil,1866,D1+D2+D7+D8,4,0.05,0.237,1.01,30.0,30.0,90
Crude_Oil,1866,D2+D3+D9,3,0.05,0.228,0.87,37.6,37.6,85
Crude_Oil,1866,D2+D3+D7,3,0.05,0.195,0.71,35.1,35.1,97
Crude_Oil,1866,D1+D2+D6+D10,4,0.05,0.185,0.57,27.9,27.9,86
Crude_Oil,1866,D7+D8,2,0.2,0.184,0.18,43.3,43.3,30
Crude_Oil,1866,D4+D7+D8,3,0.05,0.18,0.53,31.0,31.0,87
Crude_Oil,1866,D7+D10,2,0.05,0.16,0.42,34.0,34.0,94
Crude_Oil,1866,D5+D10,2,0.05,0.133,0.11,38.7,38.7,75
Crude_Oil,1866,D2+D3+D7+D10,4,0.05,0.128,0.1,35.2,35.2,71
Crude_Oil,1866,D2+D9+D10,3,0.05,0.117,0.02,32.1,32.1,84
Crude_Oil,1866,D1+D2+D8+D10,4,0.05,0.115,0.05,27.8,27.8,79
Crude_Oil,1866,D2+D3+D6+D8,4,0.05,0.106,-0.08,34.1,34.1,82
Crude_Oil,1866,D2+D3+D8+D10,4,0.05,0.092,-0.13,35.8,35.8,67
Crude_Oil,1866,D1+D2+D4+D9,4,0.1,0.077,-0.13,28.2,28.2,39
Crude_Oil,1866,D5+D7+D8+D9,4,0.05,0.076,-0.34,34.3,34.3,105
Crude_Oil,1866,D1+D2+D3+D10,4,0.05,0.066,-0.37,31.2,31.2,96
Crude_Oil,1866,D6+D7+D8,3,0.1,0.063,-0.15,29.5,29.5,44
Crude_Oil,1866,D6+D8,2,0.1,0.063,-0.15,29.5,29.5,44
Crude_Oil,1866,D2+D3+D8,3,0.05,0.049,-0.43,34.8,34.8,92
Crude_Oil,1866,D2+D3+D8,3,0.2,0.0,0.0,0.0,0.0,2
Crude_Oil,1866,D4+D5+D6+D8,4,0.2,0.0,0.0,0.0,0.0,1
Crude_Oil,1866,D1+D2+D3+D8,4,0.3,0.0,0.0,0.0,0.0,1
Crude_Oil,1866,D1+D2+D3+D7,4,0.3,0.0,0.0,0.0,0.0,1
Crude_Oil,1866,D1+D2+D3+D6,4,0.3,0.0,0.0,0.0,0.0,1
Crude_Oil,1866,D1+D2+D3+D10,4,0.3,0.0,0.0,0.0,0.0,1
Crude_Oil,1866,D3+D5+D6+D7,4,0.2,0.0,0.0,0.0,0.0,1
Crude_Oil,1866,D1+D2+D4+D5,4,0.3,0.0,0.0,0.0,0.0,1
Crude_Oil,1866,D1+D2+D6+D9,4,0.2,0.0,0.0,0.0,0.0,1
Crude_Oil,1866,D1+D2+D3+D9,4,0.3,0.0,0.0,0.0,0.0,1
Crude_Oil,1866,D1+D3+D5+D6,4,0.2,0.0,0.0,0.0,0.0,1
Crude_Oil,1866,D1+D2+D8+D9,4,0.2,0.0,0.0,0.0,0.0,1
Crude_Oil,1866,D2+D3+D9,3,0.2,0.0,0.0,0.0,0.0,2
Crude_Oil,1866,D2+D3+D10,3,0.2,0.0,0.0,0.0,0.0,1
Crude_Oil,1866,D3+D5+D7,3,0.2,0.0,0.0,0.0,0.0,1
Crude_Oil,1866,D1+D2+D4+D9,4,0.2,0.0,0.0,0.0,0.0,1
Crude_Oil,1866,D1+D2+D4+D10,4,0.2,0.0,0.0,0.0,0.0,1
Crude_Oil,1866,D1+D2+D5+D7,4,0.2,0.0,0.0,0.0,0.0,1
Crude_Oil,1866,D2+D3+D4+D9,4,0.2,0.0,0.0,0.0,0.0,1
Crude_Oil,1866,D1+D2+D5+D9,4,0.2,0.0,0.0,0.0,0.0,1
Crude_Oil,1866,D1+D2+D5+D10,4,0.2,0.0,0.0,0.0,0.0,1
Crude_Oil,1866,D1+D2+D6+D7,4,0.2,0.0,0.0,0.0,0.0,2
Crude_Oil,1866,D3+D4+D6,3,0.2,0.0,0.0,0.0,0.0,3
Crude_Oil,1866,D3+D4+D8,3,0.2,0.0,0.0,0.0,0.0,1
Crude_Oil,1866,D1+D2+D5+D8,4,0.2,0.0,0.0,0.0,0.0,1
Crude_Oil,1866,D1+D2+D3+D5,4,0.3,0.0,0.0,0.0,0.0,1
Crude_Oil,1866,D1+D6+D7,3,0.2,0.0,0.0,0.0,0.0,2
Crude_Oil,1866,D1+D3+D8,3,0.2,0.0,0.0,0.0,0.0,1
Crude_Oil,1866,D1+D2+D9,3,0.3,0.0,0.0,0.0,0.0,1
Crude_Oil,1866,D1+D4+D6,3,0.2,0.0,0.0,0.0,0.0,1
Crude_Oil,1866,D1+D2+D8,3,0.3,0.0,0.0,0.0,0.0,1
Crude_Oil,1866,D1+D2+D10,3,0.3,0.0,0.0,0.0,0.0,1
Crude_Oil,1866,D2+D3,2,0.5,0.0,0.0,0.0,0.0,1
Crude_Oil,1866,D3+D6,2,0.2,0.0,0.0,0.0,0.0,4
Crude_Oil,1866,D1+D3+D5,3,0.3,0.0,0.0,0.0,0.0,1
Crude_Oil,1866,D3+D7,2,0.2,0.0,0.0,0.0,0.0,1
Crude_Oil,1866,D1+D5,2,0.3,0.0,0.0,0.0,0.0,1
Crude_Oil,1866,D1+D3+D10,3,0.2,0.0,0.0,0.0,0.0,1
Crude_Oil,1866,D1+D2+D6,3,0.3,0.0,0.0,0.0,0.0,1
Crude_Oil,1866,D1+D2+D3,3,0.5,0.0,0.0,0.0,0.0,1
Crude_Oil,1866,D1+D3+D9,3,0.2,0.0,0.0,0.0,0.0,1
Crude_Oil,1866,D1+D3,2,0.5,0.0,0.0,0.0,0.0,1
Crude_Oil,1866,D1+D2+D7,3,0.3,0.0,0.0,0.0,0.0,1
Crude_Oil,1866,D1+D5+D7+D8,4,0.05,-0.004,-0.94,33.3,33.3,81
Crude_Oil,1866,D3+D4+D6+D8,4,0.05,-0.025,-1.08,35.1,35.1,77
Crude_Oil,1866,D1+D2+D3+D4,4,0.05,-0.026,-1.36,31.6,31.6,114
Crude_Oil,1866,D3+D4+D5+D6,4,0.1,-0.036,-0.26,29.7,29.7,37
Crude_Oil,1866,D2+D3+D4+D8,4,0.05,-0.045,-1.13,36.2,36.2,80
Crude_Oil,1866,D1+D2+D4+D10,4,0.1,-0.05,-0.57,28.9,28.9,38
Crude_Oil,1866,D1+D4+D7+D8,4,0.05,-0.059,-1.3,32.1,32.1,78
Crude_Oil,1866,D2+D6+D9+D10,4,0.05,-0.075,-1.2,32.8,32.8,64
Crude_Oil,1866,D7+D8+D10,3,0.05,-0.077,-1.44,33.0,33.0,88
Crude_Oil,1866,D1+D4,2,0.05,-0.078,-1.85,31.2,31.2,112
Crude_Oil,1866,D2+D4+D10,3,0.1,-0.081,-0.2,38.5,38.5,13
Crude_Oil,1866,D1+D2,2,0.05,-0.083,-2.45,30.3,30.3,132
Crude_Oil,1866,D1+D2+D7+D10,4,0.05,-0.088,-1.28,27.5,27.5,80
Crude_Oil,1866,D1+D2,2,0.2,-0.095,-1.54,30.7,30.7,75
Crude_Oil,1866,D1+D2+D3,3,0.1,-0.121,-2.04,33.7,33.7,95
Crude_Oil,1866,D1+D3,2,0.1,-0.121,-2.04,33.7,33.7,95
Crude_Oil,1866,D4+D6+D7+D9,4,0.1,-0.124,-0.67,40.0,40.0,20
Crude_Oil,1866,D2+D4+D7+D8,4,0.05,-0.126,-1.91,33.8,33.8,80
Crude_Oil,1866,D1+D7+D8+D10,4,0.05,-0.138,-1.71,33.8,33.8,71
Crude_Oil,1866,D2+D3+D6+D7,4,0.05,-0.139,-1.93,34.9,34.9,83
Crude_Oil,1866,D2+D3+D7+D8,4,0.05,-0.143,-1.87,34.6,34.6,81
Crude_Oil,1866,D1+D2+D3+D10,4,0.1,-0.161,-1.19,33.3,33.3,51
Crude_Oil,1866,D6+D8+D9,3,0.1,-0.167,-1.23,32.8,32.8,58
Crude_Oil,1866,D5+D7,2,0.05,-0.192,-2.65,33.0,33.0,91
Crude_Oil,1866,D5+D6+D7,3,0.05,-0.192,-2.65,33.0,33.0,91
Crude_Oil,1866,D1+D2+D4+D9,4,0.05,-0.194,-2.23,31.0,31.0,87
Crude_Oil,1866,D3+D5+D6,3,0.05,-0.196,-2.29,32.1,32.1,81
Crude_Oil,1866,D1+D5+D6+D8,4,0.1,-0.203,-0.28,17.6,17.6,17
Crude_Oil,1866,D2+D4+D8,3,0.1,-0.207,-0.53,37.9,37.9,29
Crude_Oil,1866,D1+D2,2,0.1,-0.213,-3.24,31.4,31.4,102
Crude_Oil,1866,D1+D6+D9,3,0.1,-0.221,-0.31,18.8,18.8,16
Crude_Oil,1866,D2+D3+D5,3,0.05,-0.227,-3.19,35.5,35.5,110
Crude_Oil,1866,D2+D3+D8+D9,4,0.05,-0.243,-2.23,37.3,37.3,75
Crude_Oil,1866,D2+D4+D9+D10,4,0.05,-0.268,-2.46,30.1,30.1,73
Crude_Oil,1866,D2+D4+D6+D7,4,0.05,-0.272,-2.69,32.9,32.9,76
Crude_Oil,1866,D5+D7+D9,3,0.05,-0.282,-3.42,35.1,35.1,94
Crude_Oil,1866,D1+D2+D5+D8,4,0.1,-0.282,-1.57,28.9,28.9,38
Crude_Oil,1866,D5+D9,2,0.05,-0.282,-3.42,35.1,35.1,94
Crude_Oil,1866,D1+D2+D4+D8,4,0.05,-0.283,-3.22,31.2,31.2,96
Crude_Oil,1866,D2+D6+D9,3,0.05,-0.287,-2.67,35.6,35.6,73
Crude_Oil,1866,D1+D3,2,0.2,-0.306,-1.51,33.3,33.3,42
Crude_Oil,1866,D1+D2+D3,3,0.2,-0.306,-1.51,33.3,33.3,42
Crude_Oil,1866,D3+D7+D8+D10,4,0.05,-0.307,-3.02,35.1,35.1,74
Crude_Oil,1866,D6+D7,2,0.3,-0.325,-0.55,27.3,27.3,11
Crude_Oil,1866,D3+D9+D10,3,0.05,-0.327,-3.17,29.8,29.8,84
Crude_Oil,1866,D1+D2+D3,3,0.05,-0.329,-4.85,31.7,31.7,126
Crude_Oil,1866,D1+D3,2,0.05,-0.329,-4.85,31.7,31.7,126
Crude_Oil,1866,D1+D3+D4+D10,4,0.05,-0.349,-3.0,29.6,29.6,81
Crude_Oil,1866,D1+D2+D4,3,0.1,-0.359,-3.51,31.2,31.2,80
Crude_Oil,1866,D7+D8+D9+D10,4,0.05,-0.363,-3.91,34.0,34.0,97
Crude_Oil,1866,D1+D2+D9+D10,4,0.1,-0.365,-1.4,26.7,26.7,30
Crude_Oil,1866,D1+D4+D6+D8,4,0.05,-0.367,-3.45,30.9,30.9,81
Crude_Oil,1866,D1+D2+D7,3,0.1,-0.368,-3.01,28.1,28.1,64
Crude_Oil,1866,D1+D2+D4+D10,4,0.05,-0.383,-3.8,28.7,28.7,94
Crude_Oil,1866,D1+D4+D6+D7,4,0.05,-0.383,-3.89,30.7,30.7,88
Crude_Oil,1866,D3+D5+D7+D8,4,0.1,-0.386,-0.81,25.0,25.0,16
Crude_Oil,1866,D1+D2+D3+D5,4,0.05,-0.394,-4.97,31.5,31.5,111
Crude_Oil,1866,D1+D2+D3+D7,4,0.05,-0.402,-4.69,30.1,30.1,113
Crude_Oil,1866,D1+D3+D4+D7,4,0.1,-0.421,-1.61,31.0,31.0,42
Crude_Oil,1866,D2+D3+D10,3,0.05,-0.423,-3.54,34.5,34.5,84
Crude_Oil,1866,D5+D6+D8+D9,4,0.05,-0.424,-4.68,34.0,34.0,97
Crude_Oil,1866,D1+D3+D6+D7,4,0.05,-0.428,-4.31,29.7,29.7,91
Crude_Oil,1866,D1+D2+D6+D7,4,0.05,-0.433,-4.69,28.9,28.9,97
Crude_Oil,1866,D5+D6+D9+D10,4,0.05,-0.435,-3.45,32.8,32.8,67
Crude_Oil,1866,D2+D4+D8,3,0.05,-0.441,-3.96,33.8,33.8,77
Crude_Oil,1866,D1+D3+D7,3,0.05,-0.443,-4.83,30.8,30.8,104
Crude_Oil,1866,D2+D3+D5+D7,4,0.05,-0.445,-3.81,33.7,33.7,83
Crude_Oil,1866,D3+D4+D6+D10,4,0.05,-0.449,-3.89,34.2,34.2,73
Crude_Oil,1866,D6+D7+D8,3,0.05,-0.452,-5.27,35.3,35.3,102
Crude_Oil,1866,D6+D8,2,0.05,-0.452,-5.27,35.3,35.3,102
Crude_Oil,1866,D6+D7+D8+D10,4,0.05,-0.461,-4.61,31.8,31.8,85
Crude_Oil,1866,D1+D5+D7,3,0.05,-0.463,-4.56,30.0,30.0,90
Crude_Oil,1866,D3+D8,2,0.05,-0.485,-5.04,33.7,33.7,83
Crude_Oil,1866,D2+D3+D4+D8,4,0.1,-0.493,-1.33,35.9,35.9,39
Crude_Oil,1866,D1+D3+D4,3,0.05,-0.495,-5.59,31.1,31.1,106
Crude_Oil,1866,D3+D7+D8+D10,4,0.1,-0.496,-0.67,23.1,23.1,13
Crude_Oil,1866,D2+D3+D4+D7,4,0.05,-0.498,-4.28,32.5,32.5,83
Crude_Oil,1866,D2+D7+D8+D10,4,0.1,-0.499,-0.25,28.6,28.6,7
Crude_Oil,1866,D2+D4+D6+D8,4,0.05,-0.5,-4.72,32.9,32.9,82
Crude_Oil,1866,D7+D9,2,0.05,-0.502,-5.32,33.9,33.9,109
Crude_Oil,1866,D7+D8+D9,3,0.05,-0.502,-5.32,33.9,33.9,109
Crude_Oil,1866,D1+D4+D10,3,0.05,-0.503,-3.72,26.8,26.8,82
Crude_Oil,1866,D1+D3+D10,3,0.05,-0.507,-3.95,30.6,30.6,85
Crude_Oil,1866,D1+D2+D5+D7,4,0.05,-0.515,-5.2,28.7,28.7,101
Crude_Oil,1866,D1+D6+D10,3,0.05,-0.547,-3.66,31.9,31.9,69
Crude_Oil,1866,D3+D7+D9+D10,4,0.05,-0.549,-4.18,31.9,31.9,69
Crude_Oil,1866,D2+D5+D7+D10,4,0.05,-0.549,-3.73,32.8,32.8,61
Crude_Oil,1866,D1+D2+D9+D10,4,0.05,-0.557,-4.91,26.4,26.4,87
Crude_Oil,1866,D1+D2+D4+D7,4,0.05,-0.564,-5.55,29.7,29.7,101
Crude_Oil,1866,D5+D6+D9,3,0.05,-0.568,-4.56,28.9,28.9,90
Crude_Oil,1866,D1+D2+D10,3,0.1,-0.572,-3.07,23.6,23.6,55
Crude_Oil,1866,D4+D7+D8+D10,4,0.05,-0.586,-4.71,33.3,33.3,75
Crude_Oil,1866,D1+D2+D4+D6,4,0.05,-0.601,-6.33,32.7,32.7,104
Crude_Oil,1866,D1+D3+D4+D8,4,0.05,-0.605,-5.21,29.5,29.5,88
Crude_Oil,1866,D1+D2+D6+D8,4,0.1,-0.621,-1.88,23.5,23.5,34
Crude_Oil,1866,D1+D3+D10,3,0.1,-0.624,-2.68,32.4,32.4,37
Crude_Oil,1866,D7+D9+D10,3,0.05,-0.627,-6.3,32.6,32.6,92
Crude_Oil,1866,D2+D7+D8,3,0.1,-0.627,-1.28,29.2,29.2,24
Crude_Oil,1866,D1+D2+D4,3,0.05,-0.629,-7.3,31.6,31.6,114
Crude_Oil,1866,D2+D3+D6+D9,4,0.05,-0.63,-4.44,33.3,33.3,75
Crude_Oil,1866,D2+D3+D6,3,0.1,-0.63,-3.79,31.7,31.7,60
Crude_Oil,1866,D1+D5+D8,3,0.05,-0.634,-5.43,28.2,28.2,85
Crude_Oil,1866,D1+D5+D6+D7,4,0.05,-0.635,-6.1,30.7,30.7,88
Crude_Oil,1866,D1+D2+D5+D10,4,0.05,-0.649,-5.55,26.7,26.7,90
Crude_Oil,1866,D2+D5+D6+D8,4,0.1,-0.653,-0.72,18.8,18.8,16
Crude_Oil,1866,D1+D3+D5+D8,4,0.05,-0.663,-5.51,28.4,28.4,88
Crude_Oil,1866,D5+D8+D10,3,0.05,-0.664,-5.48,36.4,36.4,77
Crude_Oil,1866,D2+D4+D7+D9,4,0.05,-0.676,-4.94,31.9,31.9,69
Crude_Oil,1866,D1+D3+D8+D10,4,0.05,-0.68,-4.39,31.3,31.3,67
Crude_Oil,1866,D1+D3+D8,3,0.1,-0.687,-3.17,30.2,30.2,43
Crude_Oil,1866,D4+D5+D6+D8,4,0.05,-0.697,-6.72,29.9,29.9,87
Crude_Oil,1866,D3+D5+D6+D7,4,0.1,-0.7,-1.06,25.0,25.0,24
Crude_Oil,1866,D1+D2+D3+D6,4,0.05,-0.701,-7.58,30.9,30.9,110
Crude_Oil,1866,D1+D2+D8,3,0.1,-0.701,-4.49,24.6,24.6,61
Crude_Oil,1866,D1+D5+D6,3,0.05,-0.71,-6.71,31.5,31.5,92
Crude_Oil,1866,D1+D2+D3+D9,4,0.05,-0.719,-6.15,31.5,31.5,92
Crude_Oil,1866,D1+D2+D3+D8,4,0.1,-0.726,-4.29,32.2,32.2,59
Crude_Oil,1866,D1+D6+D9,3,0.05,-0.726,-4.95,28.8,28.8,66
Crude_Oil,1866,D3+D5+D6+D7,4,0.05,-0.743,-6.77,33.8,33.8,77
Crude_Oil,1866,D1+D2+D7+D8,4,0.1,-0.748,-1.9,19.4,19.4,31
Crude_Oil,1866,D5+D6+D7+D10,4,0.05,-0.752,-5.96,31.6,31.6,79
Crude_Oil,1866,D1+D8,2,0.1,-0.752,-1.45,23.8,23.8,21
Crude_Oil,1866,D3+D7+D8+D9,4,0.05,-0.759,-7.44,34.0,34.0,94
Crude_Oil,1866,D3+D6+D8,3,0.05,-0.764,-7.08,31.7,31.7,82
Crude_Oil,1866,D5+D6+D7+D9,4,0.1,-0.767,-2.04,36.0,36.0,25
Crude_Oil,1866,D1+D3+D6+D8,4,0.1,-0.771,-1.45,25.0,25.0,20
Crude_Oil,1866,D2+D4+D8+D10,4,0.05,-0.775,-4.84,30.3,30.3,66
Crude_Oil,1866,D2+D3+D5+D9,4,0.05,-0.777,-5.37,32.9,32.9,76
Crude_Oil,1866,D1+D3+D8,3,0.05,-0.783,-6.6,30.4,30.4,92
Crude_Oil,1866,D1+D2+D4+D5,4,0.05,-0.785,-8.05,30.8,30.8,104
Crude_Oil,1866,D1+D6+D9+D10,4,0.05,-0.788,-5.16,29.7,29.7,64
Crude_Oil,1866,D1+D2+D5+D6,4,0.1,-0.8,-3.43,24.5,24.5,49
Crude_Oil,1866,D1+D3+D7+D10,4,0.05,-0.8,-5.57,29.1,29.1,79
Crude_Oil,1866,D1+D3+D4+D8,4,0.1,-0.819,-2.01,26.5,26.5,34
Crude_Oil,1866,D1+D2+D5+D6,4,0.05,-0.829,-8.71,30.1,30.1,103
Crude_Oil,1866,D1+D2+D3+D8,4,0.05,-0.829,-7.5,30.7,30.7,101
Crude_Oil,1866,D2+D6+D10,3,0.05,-0.83,-5.13,28.8,28.8,66
Crude_Oil,1866,D2+D10,2,0.05,-0.83,-5.13,28.8,28.8,66
Crude_Oil,1866,D1+D2+D6+D8,4,0.05,-0.836,-7.12,27.7,27.7,94
Crude_Oil,1866,D2+D5+D8,3,0.05,-0.841,-6.63,32.1,32.1,78
Crude_Oil,1866,D2+D8,2,0.05,-0.841,-6.63,32.1,32.1,78
Crude_Oil,1866,D1+D8,2,0.05,-0.842,-6.64,27.4,27.4,84
Crude_Oil,1866,D2+D3+D7+D9,4,0.05,-0.843,-5.4,33.3,33.3,72
Crude_Oil,1866,D1+D3+D5+D6,4,0.1,-0.848,-2.81,23.3,23.3,43
Crude_Oil,1866,D1+D2+D6+D10,4,0.1,-0.848,-2.74,26.7,26.7,30
Crude_Oil,1866,D2+D5+D6+D9,4,0.05,-0.851,-6.49,34.2,34.2,76
Crude_Oil,1866,D2+D5+D9,3,0.1,-0.853,-0.55,50.0,50.0,8
Crude_Oil,1866,D2+D5,2,0.05,-0.853,-8.11,32.7,32.7,98
Crude_Oil,1866,D1+D2+D10,3,0.05,-0.864,-8.52,28.3,28.3,99
Crude_Oil,1866,D1+D5,2,0.05,-0.873,-8.76,30.8,30.8,104
Crude_Oil,1866,D1+D3+D5,3,0.05,-0.873,-8.76,30.8,30.8,104
Crude_Oil,1866,D2+D7+D10,3,0.05,-0.88,-5.72,31.1,31.1,61
Crude_Oil,1866,D2+D3+D5+D6,4,0.05,-0.887,-7.73,34.4,34.4,90
Crude_Oil,1866,D1+D2+D5,3,0.1,-0.894,-6.95,30.1,30.1,73
Crude_Oil,1866,D2+D4+D7+D10,4,0.05,-0.9,-5.43,30.8,30.8,65
Crude_Oil,1866,D2+D3+D9,3,0.1,-0.903,-3.96,31.1,31.1,45
Crude_Oil,1866,D2+D3+D4+D10,4,0.05,-0.908,-6.0,32.9,32.9,73
Crude_Oil,1866,D6+D7+D10,3,0.1,-0.91,-3.58,29.4,29.4,34
Crude_Oil,1866,D1+D3+D6,3,0.05,-0.911,-9.18,31.1,31.1,106
Crude_Oil,1866,D1+D10,2,0.05,-0.929,-6.04,30.1,30.1,73
Crude_Oil,1866,D2+D4+D5+D8,4,0.05,-0.933,-7.19,30.4,30.4,79
Crude_Oil,1866,D1+D5+D6+D10,4,0.05,-0.933,-7.0,33.3,33.3,78
Crude_Oil,1866,D5+D7+D10,3,0.05,-0.958,-6.8,32.4,32.4,74
Crude_Oil,1866,D1+D5+D7+D9,4,0.05,-0.958,-6.03,32.3,32.3,65
Crude_Oil,1866,D2+D4+D5+D10,4,0.05,-0.963,-6.33,30.7,30.7,75
Crude_Oil,1866,D4+D5+D6+D7,4,0.05,-0.967,-8.87,30.2,30.2,86
Crude_Oil,1866,D2+D3+D5+D8,4,0.05,-0.97,-7.33,31.7,31.7,82
Crude_Oil,1866,D1+D4+D8,3,0.05,-0.971,-7.62,27.9,27.9,86
Crude_Oil,1866,D2+D3+D6+D10,4,0.05,-0.984,-6.24,31.4,31.4,70
Crude_Oil,1866,D1+D5+D9+D10,4,0.05,-0.984,-6.49,29.4,29.4,68
Crude_Oil,1866,D1+D3+D9,3,0.1,-0.998,-3.98,26.8,26.8,41
Crude_Oil,1866,D1+D2+D6+D9,4,0.1,-1.002,-3.33,24.2,24.2,33
Crude_Oil,1866,D1+D3+D9+D10,4,0.05,-1.005,-7.38,28.6,28.6,84
Crude_Oil,1866,D4+D6+D9+D10,4,0.05,-1.011,-7.0,34.3,34.3,70
Crude_Oil,1866,D4+D9+D10,3,0.05,-1.019,-7.65,30.4,30.4,79
Crude_Oil,1866,D1+D4+D7+D10,4,0.05,-1.022,-6.6,30.1,30.1,73
Crude_Oil,1866,D1+D4+D5+D8,4,0.05,-1.023,-7.64,24.4,24.4,82
Crude_Oil,1866,D2+D3+D4+D6,4,0.05,-1.025,-8.78,31.1,31.1,90
Crude_Oil,1866,D6+D8+D10,3,0.05,-1.026,-8.6,29.6,29.6,81
Crude_Oil,1866,D6+D10,2,0.05,-1.026,-8.6,29.6,29.6,81
Crude_Oil,1866,D1+D4+D6+D10,4,0.05,-1.027,-7.03,29.9,29.9,77
Crude_Oil,1866,D1+D3+D6+D8,4,0.05,-1.033,-7.97,27.4,27.4,84
Crude_Oil,1866,D2+D6+D8,3,0.05,-1.038,-7.52,31.1,31.1,74
Crude_Oil,1866,D2+D4+D5+D6,4,0.05,-1.042,-7.59,31.3,31.3,83
Crude_Oil,1866,D1+D4+D8,3,0.1,-1.044,-2.35,28.0,28.0,25
Crude_Oil,1866,D2+D4+D9,3,0.05,-1.044,-7.08,30.8,30.8,78
Crude_Oil,1866,D1+D6+D8,3,0.1,-1.051,-1.65,27.8,27.8,18
Crude_Oil,1866,D1+D2+D5+D8,4,0.05,-1.053,-8.89,28.0,28.0,93
Crude_Oil,1866,D2+D3+D4+D5,4,0.05,-1.064,-9.15,31.5,31.5,92
Crude_Oil,1866,D1+D6+D7,3,0.1,-1.074,-4.95,31.6,31.6,38
Crude_Oil,1866,D3+D6+D8+D10,4,0.05,-1.078,-7.97,32.9,32.9,70
Crude_Oil,1866,D2+D4+D10,3,0.05,-1.114,-7.26,30.3,30.3,76
Crude_Oil,1866,D1+D3+D5+D6,4,0.05,-1.118,-9.63,30.9,30.9,94
Crude_Oil,1866,D1+D5+D9,3,0.05,-1.124,-6.4,28.4,28.4,67
Crude_Oil,1866,D1+D3+D7+D9,4,0.05,-1.124,-6.4,28.4,28.4,67
Crude_Oil,1866,D1+D9,2,0.05,-1.124,-6.4,28.4,28.4,67
Crude_Oil,1866,D1+D3+D6+D10,4,0.05,-1.127,-7.76,26.5,26.5,83
Crude_Oil,1866,D1+D3+D9,3,0.05,-1.138,-8.03,30.5,30.5,82
Crude_Oil,1866,D3+D5+D6+D10,4,0.05,-1.138,-8.83,30.3,30.3,76
Crude_Oil,1866,D1+D2+D7,3,0.05,-1.149,-11.83,29.2,29.2,113
Crude_Oil,1866,D2+D7+D9+D10,4,0.05,-1.161,-8.01,29.9,29.9,67
Crude_Oil,1866,D1+D2+D3+D9,4,0.1,-1.162,-6.12,32.1,32.1,53
Crude_Oil,1866,D2+D3+D4+D9,4,0.05,-1.164,-7.87,32.5,32.5,77
Crude_Oil,1866,D1+D2+D8,3,0.05,-1.165,-11.96,28.7,28.7,108
Crude_Oil,1866,D1+D2+D6,3,0.1,-1.166,-7.76,27.3,27.3,66
Crude_Oil,1866,D1+D5+D9,3,0.1,-1.17,-2.65,30.0,30.0,20
Crude_Oil,1866,D1+D3+D7+D9,4,0.1,-1.17,-2.65,30.0,30.0,20
Crude_Oil,1866,D1+D9,2,0.1,-1.17,-2.65,30.0,30.0,20
Crude_Oil,1866,D2+D3+D8,3,0.1,-1.175,-5.39,37.5,37.5,48
Crude_Oil,1866,D2+D9,2,0.05,-1.18,-7.91,31.4,31.4,70
Crude_Oil,1866,D2+D5+D9+D10,4,0.05,-1.183,-7.71,29.4,29.4,68
Crude_Oil,1866,D1+D6+D8,3,0.05,-1.185,-8.22,27.0,27.0,74
Crude_Oil,1866,D2+D3+D5+D10,4,0.05,-1.193,-7.52,30.6,30.6,72
Crude_Oil,1866,D1+D4+D5+D6,4,0.1,-1.206,-5.23,28.3,28.3,46
Crude_Oil,1866,D2+D4+D6,3,0.05,-1.212,-9.83,33.7,33.7,86
Crude_Oil,1866,D2+D6,2,0.05,-1.212,-9.83,33.7,33.7,86
Crude_Oil,1866,D1+D2+D5+D10,4,0.1,-1.216,-3.85,25.8,25.8,31
Crude_Oil,1866,D2+D4+D7,3,0.05,-1.243,-8.56,30.9,30.9,81
Crude_Oil,1866,D1+D6+D7+D8,4,0.05,-1.253,-8.27,29.6,29.6,71
Crude_Oil,1866,D6+D7+D9+D10,4,0.05,-1.256,-10.58,28.2,28.2,85
Crude_Oil,1866,D1+D7+D9+D10,4,0.05,-1.269,-8.23,30.8,30.8,65
Crude_Oil,1866,D2+D5+D10,3,0.05,-1.271,-7.29,27.9,27.9,68
Crude_Oil,1866,D1+D7,2,0.05,-1.274,-9.94,27.2,27.2,92
Crude_Oil,1866,D1+D4+D7,3,0.05,-1.274,-9.94,27.2,27.2,92
Crude_Oil,1866,D1+D2+D5+D9,4,0.05,-1.274,-9.65,27.1,27.1,85
Crude_Oil,1866,D1+D2+D4+D7,4,0.1,-1.275,-6.83,28.6,28.6,56
Crude_Oil,1866,D1+D2+D9,3,0.05,-1.275,-11.63,29.2,29.2,96
Crude_Oil,1866,D3+D4+D7,3,0.05,-1.294,-9.71,34.7,34.7,75
Crude_Oil,1866,D1+D2+D3+D5,4,0.1,-1.297,-8.79,32.4,32.4,71
Crude_Oil,1866,D1+D2+D3+D4,4,0.1,-1.301,-9.7,33.3,33.3,75
Crude_Oil,1866,D1+D4+D5+D10,4,0.05,-1.302,-8.01,24.0,24.0,75
Crude_Oil,1866,D3+D4+D9,3,0.05,-1.312,-9.06,32.4,32.4,74
Crude_Oil,1866,D1+D2+D7+D9,4,0.1,-1.324,-4.11,25.8,25.8,31
Crude_Oil,1866,D6+D7+D8+D9,4,0.1,-1.324,-6.47,29.6,29.6,54
Crude_Oil,1866,D1+D6+D7,3,0.05,-1.329,-11.73,27.6,27.6,98
Crude_Oil,1866,D6+D9,2,0.1,-1.331,-6.52,29.1,29.1,55
Crude_Oil,1866,D2+D3+D4+D9,4,0.1,-1.339,-3.26,34.2,34.2,38
Crude_Oil,1866,D1+D2+D6,3,0.05,-1.339,-14.13,28.1,28.1,114
Crude_Oil,1866,D1+D5+D10,3,0.05,-1.341,-8.41,28.9,28.9,76
Crude_Oil,1866,D4+D7+D9+D10,4,0.05,-1.344,-8.85,31.4,31.4,70
Crude_Oil,1866,D1+D7+D8+D9,4,0.05,-1.361,-10.56,31.4,31.4,86
Crude_Oil,1866,D1+D2+D8+D10,4,0.1,-1.362,-4.35,24.2,24.2,33
Crude_Oil,1866,D2+D4+D5+D9,4,0.05,-1.364,-8.2,30.1,30.1,73
Crude_Oil,1866,D1+D2+D3+D6,4,0.1,-1.365,-9.43,30.4,30.4,69
Crude_Oil,1866,D4+D8+D10,3,0.05,-1.365,-8.97,31.4,31.4,70
Crude_Oil,1866,D1+D3+D4,3,0.1,-1.383,-8.33,30.1,30.1,73
Crude_Oil,1866,D1+D5+D7+D10,4,0.05,-1.384,-8.05,32.4,32.4,68
Crude_Oil,1866,D3+D5+D6+D9,4,0.05,-1.387,-10.0,28.9,28.9,76
Crude_Oil,1866,D2+D5+D7+D9,4,0.05,-1.389,-9.4,32.4,32.4,71
Crude_Oil,1866,D1+D2+D3+D7,4,0.1,-1.398,-8.67,30.8,30.8,65
Crude_Oil,1866,D4+D5+D6+D10,4,0.1,-1.399,-2.84,20.7,20.7,29
Crude_Oil,1866,D3+D5+D7+D10,4,0.05,-1.407,-10.02,29.6,29.6,71
Crude_Oil,1866,D5+D8+D9+D10,4,0.1,-1.408,-2.19,31.8,31.8,22
Crude_Oil,1866,D1+D3+D4+D7,4,0.05,-1.412,-11.33,28.0,28.0,93
Crude_Oil,1866,D5+D8+D9,3,0.1,-1.415,-4.45,31.8,31.8,44
Crude_Oil,1866,D1+D3+D7,3,0.1,-1.421,-7.2,29.6,29.6,54
Crude_Oil,1866,D1+D4+D8+D10,4,0.05,-1.423,-7.81,29.2,29.2,65
Crude_Oil,1866,D1+D3+D5+D7,4,0.05,-1.427,-11.32,27.2,27.2,92
Crude_Oil,1866,D1+D3+D4+D6,4,0.05,-1.429,-11.87,29.9,29.9,97
Crude_Oil,1866,D2+D3+D6+D9,4,0.1,-1.432,-2.59,43.8,43.8,16
Crude_Oil,1866,D4+D6+D10,3,0.05,-1.438,-9.79,31.5,31.5,73
Crude_Oil,1866,D2+D5+D8+D9,4,0.05,-1.443,-9.0,36.1,36.1,72
Crude_Oil,1866,D1+D3+D5+D10,4,0.05,-1.451,-9.12,23.3,23.3,86
Crude_Oil,1866,D3+D4+D7,3,0.1,-1.454,-2.3,30.8,30.8,26
Crude_Oil,1866,D1+D2+D5,3,0.05,-1.458,-14.73,28.9,28.9,114
Crude_Oil,1866,D3+D4+D7+D10,4,0.05,-1.463,-10.3,32.8,32.8,67
Crude_Oil,1866,D2+D8+D9+D10,4,0.05,-1.474,-8.94,28.6,28.6,63
Crude_Oil,1866,D2+D6+D8+D9,4,0.1,-1.477,-1.22,31.2,31.2,16
Crude_Oil,1866,D1+D3+D6+D9,4,0.05,-1.477,-8.86,26.7,26.7,75
Crude_Oil,1866,D3+D8+D9+D10,4,0.1,-1.483,-2.04,22.2,22.2,18
Crude_Oil,1866,D5+D8+D9+D10,4,0.05,-1.485,-11.22,32.1,32.1,84
Crude_Oil,1866,D6+D7+D9,3,0.1,-1.49,-6.78,29.4,29.4,51
Crude_Oil,1866,D2+D7+D9,3,0.05,-1.494,-10.09,37.3,37.3,75
Crude_Oil,1866,D1+D4+D7+D9,4,0.05,-1.496,-8.34,27.7,27.7,65
Crude_Oil,1866,D4+D5+D8+D10,4,0.05,-1.498,-9.88,31.0,31.0,71
Crude_Oil,1866,D1+D4+D6,3,0.05,-1.51,-12.3,29.9,29.9,97
Crude_Oil,1866,D3+D5+D8,3,0.05,-1.518,-11.86,34.2,34.2,79
Crude_Oil,1866,D3+D6+D9+D10,4,0.05,-1.522,-10.28,31.9,31.9,72
Crude_Oil,1866,D2+D6+D7,3,0.05,-1.523,-11.49,30.0,30.0,80
Crude_Oil,1866,D3+D8+D10,3,0.05,-1.53,-9.5,32.3,32.3,65
Crude_Oil,1866,D1+D4+D9+D10,4,0.05,-1.532,-9.39,27.4,27.4,73
Crude_Oil,1866,D1+D3+D7+D10,4,0.1,-1.536,-3.05,25.0,25.0,16
Crude_Oil,1866,D1+D2+D4,3,0.2,-1.547,-3.28,26.1,26.1,23
Crude_Oil,1866,D1+D3+D6,3,0.1,-1.548,-8.18,25.5,25.5,55
Crude_Oil,1866,D3+D4+D9+D10,4,0.05,-1.558,-10.42,31.5,31.5,73
Crude_Oil,1866,D2+D3+D4+D10,4,0.1,-1.56,-3.53,35.3,35.3,34
Crude_Oil,1866,D3+D4+D5+D6,4,0.05,-1.565,-12.21,30.1,30.1,83
Crude_Oil,1866,D2+D3+D4+D5,4,0.1,-1.569,-7.07,34.0,34.0,53
Crude_Oil,1866,D4+D10,2,0.05,-1.577,-10.3,31.4,31.4,70
Crude_Oil,1866,D4+D7+D10,3,0.05,-1.577,-10.3,31.4,31.4,70
Crude_Oil,1866,D1+D5+D10,3,0.1,-1.587,-3.05,26.7,26.7,15
Crude_Oil,1866,D4+D7+D8+D9,4,0.05,-1.592,-14.67,30.4,30.4,102
Crude_Oil,1866,D2+D6+D8+D10,4,0.05,-1.595,-10.55,29.4,29.4,68
Crude_Oil,1866,D1+D4+D5+D6,4,0.05,-1.597,-11.31,28.0,28.0,82
Crude_Oil,1866,D7+D9,2,0.2,-1.606,-2.68,30.4,30.4,23
Crude_Oil,1866,D7+D8+D9,3,0.2,-1.606,-2.68,30.4,30.4,23
Crude_Oil,1866,D1+D2+D6+D7,4,0.1,-1.611,-7.74,30.6,30.6,49
Crude_Oil,1866,D1+D4,2,0.1,-1.626,-11.06,32.4,32.4,71
Crude_Oil,1866,D2+D4+D5+D6,4,0.1,-1.631,-6.28,30.0,30.0,40
Crude_Oil,1866,D1+D3+D4+D6,4,0.1,-1.634,-5.11,28.6,28.6,42
Crude_Oil,1866,D1+D4+D8+D9,4,0.05,-1.643,-10.14,31.9,31.9,72
Crude_Oil,1866,D1+D4+D6+D9,4,0.05,-1.643,-9.63,26.4,26.4,72
Crude_Oil,1866,D1+D2+D7+D10,4,0.1,-1.648,-5.01,22.6,22.6,31
Crude_Oil,1866,D8+D9+D10,3,0.05,-1.649,-13.93,31.1,31.1,90
Crude_Oil,1866,D3+D6+D8,3,0.1,-1.649,-2.76,23.5,23.5,17
Crude_Oil,1866,D8+D10,2,0.05,-1.649,-13.93,31.1,31.1,90
Crude_Oil,1866,D1+D6,2,0.05,-1.658,-14.57,31.4,31.4,102
Crude_Oil,1866,D1+D6+D9+D10,4,0.1,-1.665,-0.78,22.2,22.2,9
Crude_Oil,1866,D1+D2+D6+D9,4,0.05,-1.668,-11.57,27.4,27.4,84
Crude_Oil,1866,D3+D4+D7+D8,4,0.1,-1.669,-2.82,16.7,16.7,18
Crude_Oil,1866,D2+D4+D5+D7,4,0.05,-1.673,-11.64,29.1,29.1,79
Crude_Oil,1866,D1+D5+D6+D7,4,0.1,-1.675,-4.31,30.3,30.3,33
Crude_Oil,1866,D6+D7+D8+D9,4,0.05,-1.677,-14.5,30.9,30.9,97
Crude_Oil,1866,D7+D9,2,0.1,-1.68,-10.41,29.9,29.9,77
Crude_Oil,1866,D7+D8+D9,3,0.1,-1.68,-10.41,29.9,29.9,77
Crude_Oil,1866,D2+D3+D7,3,0.1,-1.686,-8.27,32.8,32.8,58
Crude_Oil,1866,D2+D4+D6+D10,4,0.05,-1.689,-10.19,28.6,28.6,70
Crude_Oil,1866,D4+D5+D6,3,0.05,-1.703,-15.37,26.5,26.5,98
Crude_Oil,1866,D4+D6,2,0.05,-1.703,-15.37,26.5,26.5,98
Crude_Oil,1866,D1+D4+D5,3,0.05,-1.708,-15.04,27.8,27.8,97
Crude_Oil,1866,D1+D6+D8+D10,4,0.05,-1.718,-8.65,31.6,31.6,57
Crude_Oil,1866,D2+D3+D10,3,0.1,-1.72,-7.0,31.0,31.0,42
Crude_Oil,1866,D1+D4+D6,3,0.1,-1.727,-6.96,23.3,23.3,43
Crude_Oil,1866,D4+D8+D9+D10,4,0.05,-1.728,-11.92,32.1,32.1,78
Crude_Oil,1866,D2+D6+D9,3,0.1,-1.73,-0.39,42.9,42.9,7
Crude_Oil,1866,D2+D4+D9,3,0.1,-1.738,-2.75,40.0,40.0,20
Crude_Oil,1866,D1+D6,2,0.1,-1.741,-7.95,23.9,23.9,46
Crude_Oil,1866,D1+D3+D6+D10,4,0.1,-1.745,-3.19,26.7,26.7,15
Crude_Oil,1866,D3+D4+D6,3,0.05,-1.747,-12.62,30.3,30.3,89
Crude_Oil,1866,D1+D2+D9,3,0.1,-1.756,-7.98,19.6,19.6,51
Crude_Oil,1866,D3+D4+D8,3,0.1,-1.76,-4.55,27.6,27.6,29
Crude_Oil,1866,D2+D7+D8+D9,4,0.05,-1.761,-13.97,34.1,34.1,85
Crude_Oil,1866,D2+D7,2,0.05,-1.761,-11.37,30.3,30.3,76
Crude_Oil,1866,D6+D7+D10,3,0.05,-1.762,-15.11,28.4,28.4,88
Crude_Oil,1866,D3+D5+D6+D9,4,0.1,-1.77,-1.33,35.7,35.7,14
Crude_Oil,1866,D2+D3+D5,3,0.1,-1.776,-9.79,32.8,32.8,64
Crude_Oil,1866,D1+D4+D5,3,0.1,-1.786,-9.63,30.4,30.4,56
Crude_Oil,1866,D1+D3+D4+D9,4,0.05,-1.789,-11.61,29.9,29.9,77
Crude_Oil,1866,D3+D4+D5+D8,4,0.05,-1.793,-12.59,33.8,33.8,74
Crude_Oil,1866,D3+D7+D9,3,0.05,-1.799,-14.16,34.1,34.1,85
Crude_Oil,1866,D2+D5+D8+D10,4,0.05,-1.803,-10.36,28.8,28.8,59
Crude_Oil,1866,D2+D4+D8+D9,4,0.05,-1.82,-11.22,34.2,34.2,73
Crude_Oil,1866,D2+D3+D4+D5,4,0.2,-1.825,-0.82,12.5,12.5,8
Crude_Oil,1866,D6+D7,2,0.05,-1.831,-18.2,30.1,30.1,113
Crude_Oil,1866,D2+D6+D8+D9,4,0.05,-1.832,-13.88,31.3,31.3,83
Crude_Oil,1866,D3+D6,2,0.05,-1.833,-14.23,32.1,32.1,81
Crude_Oil,1866,D2+D6+D7,3,0.1,-1.833,-6.23,30.3,30.3,33
Crude_Oil,1866,D5+D6+D7+D9,4,0.05,-1.84,-13.03,28.9,28.9,76
Crude_Oil,1866,D2+D5+D7,3,0.05,-1.844,-12.1,29.9,29.9,77
Crude_Oil,1866,D3+D6+D7+D10,4,0.1,-1.845,-0.43,37.5,37.5,8
Crude_Oil,1866,D2+D8+D10,3,0.05,-1.858,-11.0,30.0,30.0,60
Crude_Oil,1866,D3+D4+D8+D10,4,0.05,-1.86,-11.95,33.3,33.3,69
Crude_Oil,1866,D3+D7+D10,3,0.05,-1.864,-12.16,28.8,28.8,73
Crude_Oil,1866,D3+D8+D9+D10,4,0.05,-1.867,-12.06,29.2,29.2,72
Crude_Oil,1866,D2+D4+D5,3,0.1,-1.881,-7.8,31.9,31.9,47
Crude_Oil,1866,D2+D4+D5,3,0.05,-1.884,-15.78,30.0,30.0,100
Crude_Oil,1866,D6+D9,2,0.05,-1.891,-15.41,29.8,29.8,94
Crude_Oil,1866,D2+D5+D9,3,0.05,-1.894,-10.78,30.9,30.9,68
Crude_Oil,1866,D4+D6+D10,3,0.1,-1.902,-1.68,14.3,14.3,14
Crude_Oil,1866,D2+D6+D7+D10,4,0.05,-1.902,-11.14,26.2,26.2,65
Crude_Oil,1866,D3+D5+D8+D10,4,0.05,-1.911,-12.29,29.6,29.6,71
Crude_Oil,1866,D2+D5,2,0.1,-1.927,-8.71,31.5,31.5,54
Crude_Oil,1866,D4+D6+D8+D10,4,0.05,-1.966,-13.23,31.1,31.1,74
Crude_Oil,1866,D1+D4+D9,3,0.1,-1.972,-4.8,30.4,30.4,23
Crude_Oil,1866,D4+D9,2,0.1,-1.979,-2.53,26.7,26.7,15
Crude_Oil,1866,D2+D3+D4+D7,4,0.1,-1.984,-5.43,32.6,32.6,43
Crude_Oil,1866,D3+D10,2,0.05,-1.987,-12.8,27.8,27.8,72
Crude_Oil,1866,D6+D9+D10,3,0.05,-2.002,-13.87,26.2,26.2,80
Crude_Oil,1866,D3+D5+D7,3,0.05,-2.008,-15.46,32.9,32.9,76
Crude_Oil,1866,D3+D7,2,0.05,-2.008,-15.46,32.9,32.9,76
Crude_Oil,1866,D3+D6+D7+D10,4,0.05,-2.009,-12.88,30.3,30.3,66
Crude_Oil,1866,D4+D5+D7+D8,4,0.05,-2.015,-16.14,26.7,26.7,86
Crude_Oil,1866,D1+D2+D8+D9,4,0.1,-2.033,-6.25,22.9,22.9,35
Crude_Oil,1866,D1+D6+D8+D9,4,0.05,-2.039,-14.82,30.5,30.5,82
Crude_Oil,1866,D1+D4+D6+D9,4,0.1,-2.043,-2.38,25.0,25.0,8
Crude_Oil,1866,D4+D5+D9+D10,4,0.05,-2.05,-13.31,29.2,29.2,72
Crude_Oil,1866,D2+D5+D7+D9,4,0.1,-2.052,-0.39,60.0,60.0,5
Crude_Oil,1866,D4+D9,2,0.05,-2.053,-14.02,30.8,30.8,78
Crude_Oil,1866,D3+D4+D6+D7,4,0.05,-2.08,-15.18,34.2,34.2,73
Crude_Oil,1866,D3+D5+D9+D10,4,0.05,-2.085,-13.28,29.6,29.6,71
Crude_Oil,1866,D1+D7+D9,3,0.05,-2.093,-12.99,31.6,31.6,76
Crude_Oil,1866,D2+D8+D9,3,0.05,-2.093,-15.72,34.0,34.0,97
Crude_Oil,1866,D3+D6+D7+D8,4,0.05,-2.103,-15.21,28.4,28.4,74
Crude_Oil,1866,D1+D4+D5+D7,4,0.05,-2.105,-15.12,26.5,26.5,83
Crude_Oil,1866,D4+D6+D7+D8,4,0.05,-2.114,-15.59,27.2,27.2,81
Crude_Oil,1866,D2+D4+D6+D9,4,0.05,-2.121,-12.32,27.4,27.4,73
Crude_Oil,1866,D2+D7+D8+D9,4,0.1,-2.125,-3.13,33.3,33.3,24
Crude_Oil,1866,D1+D2+D4+D5,4,0.1,-2.136,-12.44,29.7,29.7,64
Crude_Oil,1866,D6+D8+D9+D10,4,0.05,-2.141,-16.54,31.5,31.5,89
Crude_Oil,1866,D1+D3+D4+D5,4,0.05,-2.15,-18.12,27.0,27.0,100
Crude_Oil,1866,D6+D7,2,0.2,-2.162,-5.2,33.3,33.3,24
Crude_Oil,1866,D4+D6+D8+D9,4,0.1,-2.174,-3.98,34.8,34.8,23
Crude_Oil,1866,D1+D4+D9,3,0.05,-2.176,-11.96,25.7,25.7,74
Crude_Oil,1866,D1+D5+D6+D9,4,0.05,-2.18,-14.64,26.6,26.6,79
Crude_Oil,1866,D1+D2+D5+D7,4,0.1,-2.194,-10.17,24.0,24.0,50
Crude_Oil,1866,D4+D6+D9,3,0.05,-2.198,-14.74,28.9,28.9,76
Crude_Oil,1866,D1+D3+D8+D9,4,0.05,-2.204,-14.28,29.3,29.3,75
Crude_Oil,1866,D1+D3+D8+D9,4,0.1,-2.21,-4.86,26.1,26.1,23
Crude_Oil,1866,D1+D3+D5+D9,4,0.1,-2.217,-5.75,36.0,36.0,25
Crude_Oil,1866,D1+D5+D8+D9,4,0.1,-2.228,-1.63,21.4,21.4,14
Crude_Oil,1866,D3+D5+D7,3,0.1,-2.237,-1.96,22.2,22.2,18
Crude_Oil,1866,D3+D4+D6+D7,4,0.1,-2.237,-1.96,22.2,22.2,18
Crude_Oil,1866,D3+D7,2,0.1,-2.237,-1.96,22.2,22.2,18
Crude_Oil,1866,D3+D5,2,0.05,-2.246,-18.47,30.7,30.7,88
Crude_Oil,1866,D3+D4+D5,3,0.05,-2.246,-18.47,30.7,30.7,88
Crude_Oil,1866,D1+D5+D8+D9,4,0.05,-2.267,-13.19,31.9,31.9,72
Crude_Oil,1866,D4+D5+D6+D10,4,0.05,-2.28,-16.44,26.8,26.8,82
Crude_Oil,1866,D1+D3+D6+D9,4,0.1,-2.28,-4.35,23.5,23.5,17
Crude_Oil,1866,D1+D5+D8+D10,4,0.05,-2.301,-12.59,30.3,30.3,66
Crude_Oil,1866,D1+D5,2,0.1,-2.314,-12.83,30.0,30.0,60
Crude_Oil,1866,D1+D3+D5,3,0.1,-2.314,-12.83,30.0,30.0,60
Crude_Oil,1866,D1+D3+D5+D9,4,0.05,-2.319,-14.06,25.3,25.3,75
Crude_Oil,1866,D3+D5+D8+D9,4,0.05,-2.32,-17.23,31.3,31.3,83
Crude_Oil,1866,D3+D6+D10,3,0.05,-2.341,-14.38,27.9,27.9,68
Crude_Oil,1866,D4+D6,2,0.1,-2.368,-10.94,25.5,25.5,55
Crude_Oil,1866,D4+D5+D6,3,0.1,-2.368,-10.94,25.5,25.5,55
Crude_Oil,1866,D1+D3+D9+D10,4,0.1,-2.386,-4.82,35.3,35.3,17
Crude_Oil,1866,D1+D4+D10,3,0.1,-2.391,-5.29,25.0,25.0,20
Crude_Oil,1866,D2+D5+D7+D8,4,0.1,-2.407,-0.68,28.6,28.6,7
Crude_Oil,1866,D3+D4+D8+D9,4,0.05,-2.41,-16.55,30.8,30.8,78
Crude_Oil,1866,D2+D3+D5+D8,4,0.1,-2.42,-6.8,38.7,38.7,31
Crude_Oil,1866,D2+D6+D7+D9,4,0.05,-2.434,-14.82,29.0,29.0,69
Crude_Oil,1866,D1+D2+D7+D9,4,0.05,-2.437,-14.98,25.3,25.3,75
Crude_Oil,1866,D6+D7,2,0.1,-2.445,-16.27,26.4,26.4,72
Crude_Oil,1866,D4+D7+D9,3,0.05,-2.48,-18.32,30.7,30.7,88
Crude_Oil,1866,D1+D6+D7+D9,4,0.05,-2.486,-14.29,27.3,27.3,66
Crude_Oil,1866,D1+D7+D8+D9,4,0.1,-2.487,-3.06,29.2,29.2,24
Crude_Oil,1866,D1+D4+D5,3,0.2,-2.495,-1.17,16.7,16.7,6
Crude_Oil,1866,D4+D8,2,0.05,-2.497,-18.69,27.4,27.4,84
Crude_Oil,1866,D4+D6+D8,3,0.05,-2.497,-18.69,27.4,27.4,84
Crude_Oil,1866,D3+D8,2,0.1,-2.502,-4.21,16.7,16.7,18
Crude_Oil,1866,D3+D4+D5+D9,4,0.05,-2.512,-16.83,33.8,33.8,74
Crude_Oil,1866,D4+D7+D9,3,0.1,-2.52,-3.63,26.3,26.3,19
Crude_Oil,1866,D4+D6+D7+D10,4,0.05,-2.521,-17.56,28.4,28.4,74
Crude_Oil,1866,D1+D2+D4+D6,4,0.1,-2.523,-12.44,21.4,21.4,56
Crude_Oil,1866,D3+D6+D7,3,0.05,-2.523,-17.98,27.6,27.6,76
Crude_Oil,1866,D1+D9+D10,3,0.1,-2.528,-3.86,27.3,27.3,22
Crude_Oil,1866,D2+D6+D8+D10,4,0.1,-2.548,-0.56,28.6,28.6,7
Crude_Oil,1866,D4+D5+D9,3,0.05,-2.574,-16.22,28.4,28.4,74
Crude_Oil,1866,D5+D8+D9,3,0.05,-2.576,-19.39,30.0,30.0,100
Crude_Oil,1866,D4+D6+D8+D9,4,0.05,-2.58,-19.81,29.7,29.7,91
Crude_Oil,1866,D1+D4+D5+D9,4,0.05,-2.617,-15.15,24.3,24.3,74
Crude_Oil,1866,D1+D3+D5+D10,4,0.1,-2.622,-6.31,27.3,27.3,22
Crude_Oil,1866,D1+D7+D10,3,0.05,-2.635,-13.82,26.6,26.6,64
Crude_Oil,1866,D6+D8+D9,3,0.05,-2.644,-22.03,30.5,30.5,105
Crude_Oil,1866,D4+D5+D7+D10,4,0.05,-2.671,-16.64,28.8,28.8,73
Crude_Oil,1866,D4+D7,2,0.05,-2.675,-19.25,25.6,25.6,82
Crude_Oil,1866,D3+D6+D9,3,0.05,-2.701,-18.89,31.6,31.6,79
Crude_Oil,1866,D3+D9,2,0.05,-2.701,-18.89,31.6,31.6,79
Crude_Oil,1866,D2+D4+D6+D10,4,0.1,-2.736,-0.9,25.0,25.0,4
Crude_Oil,1866,D4+D7+D8+D9,4,0.1,-2.754,-7.34,34.3,34.3,35
Crude_Oil,1866,D5+D7+D8+D9,4,0.1,-2.76,-8.39,32.5,32.5,40
Crude_Oil,1866,D3+D5+D7+D9,4,0.05,-2.85,-19.44,29.9,29.9,77
Crude_Oil,1866,D1+D2+D8+D9,4,0.05,-2.859,-18.04,27.8,27.8,79
Crude_Oil,1866,D3+D8+D9,3,0.05,-2.876,-20.86,30.2,30.2,96
Crude_Oil,1866,D3+D4+D6+D10,4,0.1,-2.892,-1.88,21.4,21.4,14
Crude_Oil,1866,D6+D8+D9+D10,4,0.1,-2.894,-7.0,25.0,25.0,32
Crude_Oil,1866,D3+D4+D5+D7,4,0.05,-2.902,-18.67,29.2,29.2,72
Crude_Oil,1866,D3+D7+D8+D9,4,0.1,-2.912,-7.17,34.4,34.4,32
Crude_Oil,1866,D3+D6+D8+D9,4,0.05,-2.928,-21.61,30.2,30.2,86
Crude_Oil,1866,D1+D8+D10,3,0.05,-2.933,-14.44,26.2,26.2,61
Crude_Oil,1866,D8+D9,2,0.05,-2.939,-24.55,32.4,32.4,102
Crude_Oil,1866,D1+D8+D9,3,0.05,-2.941,-21.46,31.2,31.2,93
Crude_Oil,1866,D4+D5+D10,3,0.05,-2.956,-17.13,25.7,25.7,74
Crude_Oil,1866,D1+D3+D5+D8,4,0.1,-2.968,-8.31,29.6,29.6,27
Crude_Oil,1866,D3+D6+D7+D9,4,0.05,-2.984,-18.24,27.5,27.5,69
Crude_Oil,1866,D1+D5+D7,3,0.1,-3.005,-9.36,29.0,29.0,31
Crude_Oil,1866,D1+D4+D8+D9,4,0.1,-3.013,-4.87,22.2,22.2,18
Crude_Oil,1866,D3+D4+D5+D10,4,0.05,-3.036,-17.81,29.6,29.6,71
Crude_Oil,1866,D3+D4+D6+D9,4,0.1,-3.048,-1.53,22.2,22.2,9
Crude_Oil,1866,D5+D6+D8,3,0.2,-3.055,-1.09,20.0,20.0,5
Crude_Oil,1866,D3+D6+D7,3,0.1,-3.124,-6.47,26.1,26.1,23
Crude_Oil,1866,D2+D3+D6+D7,4,0.1,-3.131,-9.44,27.8,27.8,36
Crude_Oil,1866,D3+D8+D9,3,0.1,-3.149,-8.47,30.0,30.0,40
Crude_Oil,1866,D3+D5+D9,3,0.05,-3.151,-20.21,31.1,31.1,74
Crude_Oil,1866,D2+D5,2,0.2,-3.176,-1.71,12.5,12.5,8
Crude_Oil,1866,D1+D8+D9+D10,4,0.05,-3.191,-17.52,26.5,26.5,68
Crude_Oil,1866,D3+D4+D6+D9,4,0.05,-3.205,-19.78,28.6,28.6,70
Crude_Oil,1866,D1+D6+D8+D10,4,0.1,-3.206,-2.34,18.2,18.2,11
Crude_Oil,1866,D6+D8+D9,3,0.2,-3.231,-2.45,25.0,25.0,8
Crude_Oil,1866,D4+D6+D7+D10,4,0.1,-3.257,-5.52,31.2,31.2,16
Crude_Oil,1866,D1+D4+D6+D8,4,0.1,-3.261,-4.64,16.7,16.7,18
Crude_Oil,1866,D4+D5+D8+D9,4,0.05,-3.29,-23.39,28.7,28.7,87
Crude_Oil,1866,D1+D2+D5+D6,4,0.2,-3.298,-1.17,25.0,25.0,4
Crude_Oil,1866,D2+D4+D5+D7,4,0.1,-3.303,-7.86,29.6,29.6,27
Crude_Oil,1866,D4+D5+D7+D9,4,0.05,-3.314,-20.55,29.3,29.3,75
Crude_Oil,1866,D6+D7+D9,3,0.05,-3.331,-23.96,28.4,28.4,88
Crude_Oil,1866,D4+D5,2,0.05,-3.371,-28.05,27.2,27.2,103
Crude_Oil,1866,D3+D5+D6+D8,4,0.1,-3.397,-3.4,15.0,15.0,20
Crude_Oil,1866,D2+D3+D9+D10,4,0.1,-3.401,-6.39,33.3,33.3,18
Crude_Oil,1866,D4+D5+D8,3,0.05,-3.424,-23.74,25.9,25.9,81
Crude_Oil,1866,D2+D4+D5+D8,4,0.1,-3.43,-6.6,27.3,27.3,22
Crude_Oil,1866,D5+D6+D10,3,0.2,-3.432,-1.09,25.0,25.0,4
Crude_Oil,1866,D8+D9,2,0.3,-3.445,-5.43,25.9,25.9,27
Crude_Oil,1866,D1+D8+D9,3,0.1,-3.459,-9.95,24.3,24.3,37
Crude_Oil,1866,D1+D2,2,0.3,-3.485,-10.7,19.4,19.4,36
Crude_Oil,1866,D4+D8+D9,3,0.05,-3.53,-25.72,30.0,30.0,100
Crude_Oil,1866,D8+D9,2,0.1,-3.542,-21.45,30.9,30.9,81
Crude_Oil,1866,D2+D4+D7,3,0.1,-3.549,-11.03,30.6,30.6,36
Crude_Oil,1866,D8+D9,2,0.2,-3.555,-12.55,30.2,30.2,53
Crude_Oil,1866,D3+D4+D7+D9,4,0.05,-3.557,-22.08,28.2,28.2,71
Crude_Oil,1866,D2+D4+D6+D7,4,0.1,-3.598,-8.21,30.8,30.8,26
Crude_Oil,1866,D4+D6+D7+D9,4,0.05,-3.644,-21.33,28.6,28.6,70
Crude_Oil,1866,D2+D3+D7+D10,4,0.1,-3.666,-6.28,40.0,40.0,15
Crude_Oil,1866,D4+D6+D7,3,0.05,-3.673,-27.0,24.7,24.7,85
Crude_Oil,1866,D2+D3+D5+D10,4,0.1,-3.733,-7.66,30.0,30.0,20
Crude_Oil,1866,D3+D4+D10,3,0.1,-3.757,-3.58,25.0,25.0,20
Crude_Oil,1866,D4+D5+D6+D9,4,0.05,-3.81,-22.78,23.8,23.8,80
Crude_Oil,1866,D1+D4+D9+D10,4,0.1,-3.834,-4.16,22.2,22.2,9
Crude_Oil,1866,D3+D5+D10,3,0.05,-3.854,-20.97,29.0,29.0,69
Crude_Oil,1866,D2+D5+D6+D10,4,0.1,-3.861,-2.46,22.2,22.2,9
Crude_Oil,1866,D1+D3+D4+D5,4,0.1,-3.861,-17.46,28.3,28.3,53
Crude_Oil,1866,D2+D3+D8+D9,4,0.1,-3.862,-7.33,25.0,25.0,20
Crude_Oil,1866,D4+D5+D7+D10,4,0.1,-3.873,-6.2,13.3,13.3,15
Crude_Oil,1866,D2+D3+D5+D7,4,0.1,-3.876,-11.71,28.6,28.6,35
Crude_Oil,1866,D4+D8+D9,3,0.1,-3.892,-14.77,26.1,26.1,46
Crude_Oil,1866,D4+D8+D9+D10,4,0.1,-3.953,-7.4,21.1,21.1,19
Crude_Oil,1866,D2+D5+D8+D9,4,0.1,-4.021,-2.0,30.0,30.0,10
Crude_Oil,1866,D4+D5+D7,3,0.05,-4.038,-28.69,23.3,23.3,86
Crude_Oil,1866,D1+D2+D8,3,0.2,-4.067,-1.99,16.7,16.7,6
Crude_Oil,1866,D2+D3+D6+D10,4,0.1,-4.078,-6.7,35.7,35.7,14
Crude_Oil,1866,D4+D6+D7,3,0.1,-4.127,-10.93,19.2,19.2,26
Crude_Oil,1866,D2+D8+D9+D10,4,0.1,-4.155,-7.76,21.1,21.1,19
Crude_Oil,1866,D8+D10,2,0.1,-4.179,-18.65,26.4,26.4,53
Crude_Oil,1866,D8+D9+D10,3,0.1,-4.179,-18.65,26.4,26.4,53
Crude_Oil,1866,D1+D3+D6+D7,4,0.1,-4.186,-11.73,25.8,25.8,31
Crude_Oil,1866,D2+D3+D5+D9,4,0.1,-4.202,-9.97,36.0,36.0,25
Crude_Oil,1866,D1+D7,2,0.1,-4.209,-14.32,21.1,21.1,38
Crude_Oil,1866,D1+D4+D7,3,0.1,-4.209,-14.32,21.1,21.1,38
Crude_Oil,1866,D3+D4+D5+D7,4,0.1,-4.258,-4.45,20.0,20.0,20
Crude_Oil,1866,D1+D3+D5+D7,4,0.1,-4.281,-13.95,22.9,22.9,35
Crude_Oil,1866,D1+D3+D8+D10,4,0.1,-4.341,-7.12,23.1,23.1,13
Crude_Oil,1866,D2+D5+D7,3,0.1,-4.351,-11.39,29.6,29.6,27
Crude_Oil,1866,D2+D3+D8+D10,4,0.1,-4.44,-7.13,35.7,35.7,14
Crude_Oil,1866,D2+D3+D7,3,0.2,-4.45,-1.31,25.0,25.0,4
Crude_Oil,1866,D4+D5+D9,3,0.1,-4.53,-8.48,18.2,18.2,22
Crude_Oil,1866,D1+D4+D5+D9,4,0.1,-4.546,-8.67,31.6,31.6,19
Crude_Oil,1866,D2+D3+D7+D9,4,0.1,-4.554,-7.92,31.2,31.2,16
Crude_Oil,1866,D2+D7,2,0.1,-4.575,-12.12,28.6,28.6,28
Crude_Oil,1866,D1+D6+D7+D9,4,0.1,-4.607,-9.08,27.3,27.3,22
Crude_Oil,1866,D2+D5+D10,3,0.1,-4.608,-1.56,33.3,33.3,6
Crude_Oil,1866,D1+D4+D5+D7,4,0.1,-4.634,-14.2,22.9,22.9,35
Crude_Oil,1866,D3+D6+D9,3,0.1,-4.638,-0.85,33.3,33.3,6
Crude_Oil,1866,D3+D9,2,0.1,-4.638,-0.85,33.3,33.3,6
Crude_Oil,1866,D4+D5+D8+D10,4,0.1,-4.679,-6.04,10.0,10.0,10
Crude_Oil,1866,D4+D5+D9+D10,4,0.1,-4.698,-7.7,12.5,12.5,16
Crude_Oil,1866,D3+D4+D5,3,0.1,-4.726,-14.23,24.4,24.4,41
Crude_Oil,1866,D3+D5,2,0.1,-4.726,-14.23,24.4,24.4,41
Crude_Oil,1866,D1+D4+D5+D10,4,0.1,-4.777,-9.55,26.3,26.3,19
Crude_Oil,1866,D1+D10,2,0.1,-4.8,-6.34,20.0,20.0,10
Crude_Oil,1866,D1+D4+D5+D8,4,0.1,-4.819,-11.92,17.9,17.9,28
Crude_Oil,1866,D4+D5,2,0.1,-4.885,-23.06,21.9,21.9,64
Crude_Oil,1866,D1+D5+D7+D9,4,0.1,-4.892,-1.02,12.5,12.5,8
Crude_Oil,1866,D1+D6+D8+D9,4,0.1,-4.948,-9.89,21.7,21.7,23
Crude_Oil,1866,D3+D4+D8+D9,4,0.1,-4.963,-3.69,35.7,35.7,14
Crude_Oil,1866,D1+D4+D6+D10,4,0.1,-5.042,-4.7,14.3,14.3,7
Crude_Oil,1866,D1+D8+D10,3,0.1,-5.05,-5.67,10.0,10.0,10
Crude_Oil,1866,D5+D7+D9,3,0.1,-5.085,-9.65,29.6,29.6,27
Crude_Oil,1866,D5+D9,2,0.1,-5.085,-9.65,29.6,29.6,27
Crude_Oil,1866,D2+D6+D10,3,0.1,-5.091,-1.56,40.0,40.0,5
Crude_Oil,1866,D2+D4+D8+D10,4,0.1,-5.091,-1.56,40.0,40.0,5
Crude_Oil,1866,D2+D10,2,0.1,-5.091,-1.56,40.0,40.0,5
Crude_Oil,1866,D1+D2+D7,3,0.2,-5.108,-3.27,10.0,10.0,10
Crude_Oil,1866,D4+D5+D10,3,0.1,-5.121,-8.56,14.3,14.3,21
Crude_Oil,1866,D1+D6+D10,3,0.1,-5.153,-6.61,30.0,30.0,10
Crude_Oil,1866,D2+D7+D9,3,0.1,-5.158,-2.65,16.7,16.7,12
Crude_Oil,1866,D3+D6+D8+D9,4,0.1,-5.164,-6.09,36.8,36.8,19
Crude_Oil,1866,D5+D6+D8+D9,4,0.1,-5.192,-9.65,30.8,30.8,26
Crude_Oil,1866,D4+D5+D8+D9,4,0.1,-5.314,-12.33,25.0,25.0,24
Crude_Oil,1866,D2+D4+D8+D9,4,0.1,-5.543,-4.0,30.8,30.8,13
Crude_Oil,1866,D1+D6+D7+D10,4,0.1,-5.694,-9.07,33.3,33.3,15
Crude_Oil,1866,D4+D5+D8,3,0.1,-5.746,-9.45,9.5,9.5,21
Crude_Oil,1866,D2+D4+D7+D10,4,0.1,-5.767,-1.56,50.0,50.0,4
Crude_Oil,1866,D3+D4+D9,3,0.1,-5.823,-7.18,27.3,27.3,22
Crude_Oil,1866,D1+D4+D7+D9,4,0.1,-5.84,-7.83,16.7,16.7,12
Crude_Oil,1866,D2+D7+D9+D10,4,0.1,-5.864,-1.14,16.7,16.7,6
Crude_Oil,1866,D4+D5+D6+D7,4,0.1,-5.874,-15.99,18.2,18.2,33
Crude_Oil,1866,D4+D5+D6,3,0.2,-5.897,-4.59,8.3,8.3,12
Crude_Oil,1866,D4+D6,2,0.2,-5.897,-4.59,8.3,8.3,12
Crude_Oil,1866,D1+D4+D6+D7,4,0.1,-5.924,-14.86,20.7,20.7,29
Crude_Oil,1866,D1+D4+D8+D10,4,0.1,-5.977,-5.53,14.3,14.3,7
Crude_Oil,1866,D2+D8+D9,3,0.1,-6.033,-15.24,18.8,18.8,32
Crude_Oil,1866,D2+D8+D10,3,0.1,-6.093,-2.9,20.0,20.0,10
Crude_Oil,1866,D4+D7,2,0.1,-6.181,-13.6,17.2,17.2,29
Crude_Oil,1866,D3+D4+D5+D10,4,0.1,-6.247,-3.75,14.3,14.3,14
Crude_Oil,1866,D4+D5+D6+D8,4,0.1,-6.34,-10.67,10.3,10.3,29
Crude_Oil,1866,D6+D7+D10,3,0.2,-6.475,-1.46,33.3,33.3,3
Crude_Oil,1866,D6+D7+D9,3,0.3,-6.475,-1.46,33.3,33.3,3
Crude_Oil,1866,D6+D8+D9,3,0.3,-6.475,-1.46,33.3,33.3,3
Crude_Oil,1866,D1+D8+D9,3,0.2,-6.475,-1.46,33.3,33.3,3
Crude_Oil,1866,D5+D8+D9,3,0.2,-6.475,-1.46,33.3,33.3,3
Crude_Oil,1866,D2+D9,2,0.1,-6.519,-2.58,42.9,42.9,7
Crude_Oil,1866,D2+D4+D7+D9,4,0.1,-6.519,-2.58,42.9,42.9,7
Crude_Oil,1866,D3+D5+D7+D9,4,0.1,-6.528,-1.04,20.0,20.0,5
Crude_Oil,1866,D1+D8+D9+D10,4,0.1,-6.637,-9.05,6.7,6.7,15
Crude_Oil,1866,D2+D4+D5+D10,4,0.1,-6.65,-9.42,18.8,18.8,16
Crude_Oil,1866,D4+D5+D7,3,0.1,-6.662,-14.09,10.0,10.0,30
Crude_Oil,1866,D3+D5,2,0.2,-6.772,-2.13,22.2,22.2,9
Crude_Oil,1866,D3+D4+D5,3,0.2,-6.772,-2.13,22.2,22.2,9
Crude_Oil,1866,D2+D4+D5+D9,4,0.1,-6.846,-9.86,25.0,25.0,16
Crude_Oil,1866,D1+D2+D5,3,0.2,-6.861,-7.88,14.3,14.3,14
Crude_Oil,1866,D1+D5+D7+D10,4,0.1,-6.88,-1.27,0.0,0.0,7
Crude_Oil,1866,D3+D4+D5+D8,4,0.1,-6.944,-5.15,16.7,16.7,18
Crude_Oil,1866,D2+D5+D6+D7,4,0.1,-6.955,-9.05,25.0,25.0,20
Crude_Oil,1866,D1+D5+D6,3,0.2,-6.992,-3.13,16.7,16.7,6
Crude_Oil,1866,D1+D4+D7+D10,4,0.1,-7.003,-8.25,10.0,10.0,10
Crude_Oil,1866,D3+D5+D8+D9,4,0.1,-7.031,-4.72,36.4,36.4,11
Crude_Oil,1866,D8+D9,2,0.5,-7.06,-2.39,16.7,16.7,6
Crude_Oil,1866,D3+D5+D6,3,0.2,-7.099,-1.33,0.0,0.0,6
Crude_Oil,1866,D6+D7+D9,3,0.2,-7.106,-2.2,40.0,40.0,5
Crude_Oil,1866,D4+D5,2,0.2,-7.298,-10.83,11.1,11.1,18
Crude_Oil,1866,D3+D5+D8,3,0.1,-7.558,-6.11,11.8,11.8,17
Crude_Oil,1866,D3+D4+D5+D9,4,0.1,-7.822,-6.09,18.8,18.8,16
Crude_Oil,1866,D1+D5+D8+D10,4,0.1,-7.937,-1.21,0.0,0.0,5
Crude_Oil,1866,D2+D6+D7+D10,4,0.1,-8.009,-10.33,33.3,33.3,12
Crude_Oil,1866,D4+D8+D9,3,0.2,-8.282,-1.46,50.0,50.0,2
Crude_Oil,1866,D3+D8+D9,3,0.2,-8.282,-1.46,50.0,50.0,2
Crude_Oil,1866,D2+D8+D9,3,0.2,-8.282,-1.46,50.0,50.0,2
Crude_Oil,1866,D3+D4+D7+D10,4,0.1,-8.596,-2.42,12.5,12.5,8
Crude_Oil,1866,D2+D6+D9+D10,4,0.1,-8.694,-2.29,28.6,28.6,7
Crude_Oil,1866,D3+D4+D5+D7,4,0.2,-9.124,-1.15,33.3,33.3,3
Crude_Oil,1866,D4+D5+D7+D9,4,0.1,-9.178,-11.36,7.7,7.7,13
Crude_Oil,1866,D3+D5+D10,3,0.1,-9.206,-1.71,16.7,16.7,6
Crude_Oil,1866,D3+D4+D6+D8,4,0.1,-9.239,-8.44,10.5,10.5,19
Crude_Oil,1866,D3+D5+D7+D10,4,0.1,-9.389,-2.42,14.3,14.3,7
Crude_Oil,1866,D3+D7+D9,3,0.1,-9.594,-5.48,30.0,30.0,10
Crude_Oil,1866,D3+D5+D9,3,0.1,-9.927,-2.1,16.7,16.7,6
Crude_Oil,1866,D3+D4+D7+D9,4,0.1,-9.927,-2.1,16.7,16.7,6
Crude_Oil,1866,D3+D6+D8+D10,4,0.1,-9.939,-2.34,16.7,16.7,6
Crude_Oil,1866,D2+D5+D9+D10,4,0.1,-10.214,-3.88,16.7,16.7,6
Crude_Oil,1866,D3+D4+D8+D10,4,0.1,-10.45,-2.42,16.7,16.7,6
Crude_Oil,1866,D4+D5+D6,3,0.3,-11.225,-0.66,0.0,0.0,3
Crude_Oil,1866,D1+D4+D5+D6,4,0.2,-11.225,-0.66,0.0,0.0,3
Crude_Oil,1866,D2+D4+D5+D6,4,0.2,-11.225,-0.66,0.0,0.0,3
Crude_Oil,1866,D4+D6,2,0.3,-11.225,-0.66,0.0,0.0,3
Crude_Oil,1866,D3+D4+D5+D6,4,0.2,-11.225,-0.68,0.0,0.0,3
Crude_Oil,1866,D2+D5+D6,3,0.2,-12.947,-4.4,0.0,0.0,6
Crude_Oil,1866,D1+D2+D9,3,0.2,-14.011,-3.81,0.0,0.0,5
Crude_Oil,1866,D1+D2+D10,3,0.2,-14.011,-3.81,0.0,0.0,5
Crude_Oil,1866,D2+D4+D5,3,0.2,-14.785,-4.81,0.0,0.0,7
Crude_Oil,1866,D2+D4+D9+D10,4,0.1,-14.868,-6.04,0.0,0.0,6
Crude_Oil,1866,D3+D10,2,0.1,-15.839,-2.52,0.0,0.0,4
Crude_Oil,1866,D3+D5+D8+D10,4,0.1,-15.839,-2.52,0.0,0.0,4
Crude_Oil,1866,D5+D6+D7,3,0.2,-15.875,-1.42,0.0,0.0,2
Crude_Oil,1866,D3+D6+D10,3,0.1,-15.875,-1.33,0.0,0.0,2
Crude_Oil,1866,D5+D7,2,0.2,-15.875,-1.42,0.0,0.0,2
Crude_Oil,1866,D1+D2+D5,3,0.3,-15.875,-0.73,0.0,0.0,2
Crude_Oil,1866,D5+D6,2,0.5,-15.875,-1.33,0.0,0.0,2
Crude_Oil,1866,D1+D2,2,0.5,-17.456,-3.81,0.0,0.0,4
Crude_Oil,1866,D4+D5,2,0.3,-18.867,-4.24,0.0,0.0,5
Crude_Oil,1866,D3+D7+D10,3,0.1,-22.374,-2.52,0.0,0.0,3
Crude_Oil,1866,D3+D5,2,0.3,-1074549814.301,-0.68,0.0,0.0,1
Crude_Oil,1866,D3+D4+D5,3,0.3,-1074549814.301,-0.68,0.0,0.0,1
Crude_Oil,1866,D4+D5+D7,3,0.2,-1474061444.736,-0.93,0.0,0.0,1
Crude_Oil,1866,D3+D9+D10,3,0.2,-2108714798.386,-1.33,0.0,0.0,1
Crude_Oil,1866,D4+D9+D10,3,0.2,-2108714798.386,-1.33,0.0,0.0,1
Crude_Oil,1866,D7+D9+D10,3,0.2,-2108714798.386,-1.33,0.0,0.0,1
SP500,1625,D8+D34+D55+D89,4,0.05,933242161.782,0.59,100.0,100.0,1
SP500,1625,D21+D89,2,0.05,803395899.517,0.51,100.0,100.0,1
SP500,1625,D21+D55+D89,3,0.05,803395899.517,0.51,100.0,100.0,1
SP500,1625,D3+D5+D55,3,0.1,265856249.992,0.17,100.0,100.0,1
SP500,1625,D3+D8+D21,3,0.1,202068582.821,0.13,100.0,100.0,1
SP500,1625,D3+D5+D8+D34,4,0.1,202068582.821,0.13,100.0,100.0,1
SP500,1625,D8+D21,2,0.1,98183305.584,0.06,100.0,100.0,1
SP500,1625,D8+D13+D21,3,0.1,98183305.584,0.06,100.0,100.0,1
SP500,1625,D8+D13+D34,3,0.1,98183305.584,0.06,100.0,100.0,1
SP500,1625,D8+D13+D55,3,0.1,98183305.584,0.06,100.0,100.0,1
SP500,1625,D8+D13,2,0.2,98183305.584,0.06,100.0,100.0,1
SP500,1625,D8+D13+D21+D34,4,0.1,98183305.584,0.06,100.0,100.0,1
SP500,1625,D5+D34+D55+D89,4,0.05,36.145,2.11,100.0,100.0,2
SP500,1625,D3+D5+D34,3,0.1,21.945,0.38,66.7,66.7,3
SP500,1625,D13+D55+D89,3,0.05,21.804,0.59,66.7,66.7,3
SP500,1625,D1+D8+D13,3,0.1,21.222,0.15,66.7,66.7,3
SP500,1625,D13+D89,2,0.05,20.08,2.32,71.4,71.4,7
SP500,1625,D5+D55+D89,3,0.05,15.875,1.51,50.0,50.0,2
SP500,1625,D1+D13,2,0.1,15.875,0.09,50.0,50.0,2
SP500,1625,D1+D3+D8+D13,4,0.1,15.875,0.09,50.0,50.0,2
SP500,1625,D3+D5+D8+D21,4,0.1,15.875,0.13,50.0,50.0,2
SP500,1625,D1+D5+D8+D13,4,0.1,15.875,0.09,50.0,50.0,2
SP500,1625,D1+D55+D89,3,0.05,15.875,1.51,50.0,50.0,2
SP500,1625,D1+D5+D13,3,0.1,15.875,0.09,50.0,50.0,2
SP500,1625,D1+D5+D8,3,0.1,15.875,0.28,50.0,50.0,2
SP500,1625,D5+D8+D34,3,0.1,13.477,1.38,50.0,50.0,2
SP500,1625,D1+D89,2,0.05,12.754,2.93,57.1,57.1,7
SP500,1625,D13+D34+D55+D89,4,0.05,11.982,3.67,72.7,72.7,11
SP500,1625,D1+D3+D5+D21,4,0.1,8.215,1.68,40.0,40.0,10
SP500,1625,D1+D3+D8,3,0.1,7.669,0.76,50.0,50.0,4
SP500,1625,D13+D21,2,0.1,7.357,3.99,50.0,50.0,20
SP500,1625,D1+D3,2,0.1,7.233,5.9,46.7,46.7,30
SP500,1625,D21+D34+D55+D89,4,0.05,7.09,2.7,40.0,40.0,10
SP500,1625,D1+D3+D8+D89,4,0.05,5.791,5.94,46.7,46.7,30
SP500,1625,D3+D5+D8,3,0.1,5.57,3.58,33.3,33.3,18
SP500,1625,D1+D3+D89,3,0.05,5.182,3.61,45.5,45.5,22
SP500,1625,D1+D3+D21+D89,4,0.05,4.545,4.61,46.4,46.4,28
SP500,1625,D1+D3+D5+D89,4,0.05,4.26,3.14,40.9,40.9,22
SP500,1625,D1+D5,2,0.1,4.253,4.79,43.6,43.6,39
SP500,1625,D1+D3+D5,3,0.1,4.253,4.79,43.6,43.6,39
SP500,1625,D3+D5,2,0.2,3.831,1.18,41.7,41.7,12
SP500,1625,D1+D8+D89,3,0.05,3.605,3.71,48.4,48.4,31
SP500,1625,D3+D8,2,0.1,3.596,1.96,28.6,28.6,14
SP500,1625,D1+D3,2,0.05,3.462,10.44,40.0,40.0,95
SP500,1625,D21+D34,2,0.1,3.342,0.67,33.3,33.3,6
SP500,1625,D1+D3+D5+D8,4,0.1,3.329,1.06,45.5,45.5,11
SP500,1625,D1+D3+D55+D89,4,0.05,3.264,1.99,31.6,31.6,19
SP500,1625,D21+D34+D55,3,0.05,3.173,5.07,44.1,44.1,34
SP500,1625,D1+D5+D8+D89,4,0.05,3.103,3.37,44.1,44.1,34
SP500,1625,D5+D8+D21,3,0.1,2.788,0.39,33.3,33.3,6
SP500,1625,D1+D8,2,0.05,2.677,9.22,45.2,45.2,84
SP500,1625,D13+D34+D55,3,0.05,2.633,5.64,42.6,42.6,54
SP500,1625,D13+D55,2,0.05,2.633,5.64,42.6,42.6,54
SP500,1625,D1+D3+D8,3,0.05,2.564,7.62,41.0,41.0,78
SP500,1625,D1+D5+D8,3,0.05,2.466,8.19,44.4,44.4,81
SP500,1625,D1+D5,2,0.05,2.404,9.21,40.0,40.0,110
SP500,1625,D1+D3+D5,3,0.05,2.404,9.21,40.0,40.0,110
SP500,1625,D1+D5+D8+D21,4,0.05,2.314,8.51,45.5,45.5,88
SP500,1625,D1+D3+D5+D8,4,0.05,2.236,8.66,42.3,42.3,97
SP500,1625,D13+D21+D34+D55,4,0.05,2.159,6.04,46.3,46.3,67
SP500,1625,D3+D5+D8+D55,4,0.05,2.111,5.77,46.9,46.9,64
SP500,1625,D1+D3+D55,3,0.05,2.106,4.0,39.2,39.2,51
SP500,1625,D1+D8+D21,3,0.05,2.077,8.82,44.2,44.2,104
SP500,1625,D1+D5+D21,3,0.05,1.991,8.45,42.1,42.1,107
SP500,1625,D1+D21,2,0.05,1.896,8.17,44.4,44.4,108
SP500,1625,D3+D8,2,0.05,1.873,6.39,41.9,41.9,86
SP500,1625,D1+D3+D13+D21,4,0.05,1.831,7.24,44.3,44.3,97
SP500,1625,D13+D34+D89,3,0.05,1.804,2.78,42.1,42.1,38
SP500,1625,D1+D3+D8+D21,4,0.05,1.792,6.84,44.2,44.2,95
SP500,1625,D1+D3+D5+D13,4,0.1,1.79,0.55,40.0,40.0,10
SP500,1625,D1+D34+D55,3,0.05,1.776,4.12,43.1,43.1,51
SP500,1625,D1+D5+D13+D21,4,0.05,1.73,6.97,45.0,45.0,100
SP500,1625,D1+D5+D89,3,0.05,1.705,0.92,36.8,36.8,19
SP500,1625,D1+D8+D13+D21,4,0.05,1.603,6.22,44.2,44.2,95
SP500,1625,D1+D3+D21,3,0.05,1.575,5.97,41.5,41.5,94
SP500,1625,D1+D3+D8+D13,4,0.05,1.573,5.25,42.5,42.5,80
SP500,1625,D3+D5+D8,3,0.05,1.486,5.44,42.6,42.6,94
SP500,1625,D1+D3+D5+D21,4,0.05,1.483,5.97,41.0,41.0,105
SP500,1625,D3+D8+D21,3,0.05,1.482,5.66,43.8,43.8,96
SP500,1625,D1+D13+D21,3,0.05,1.464,6.39,42.6,42.6,115
SP500,1625,D1+D8+D21+D34,4,0.05,1.398,5.22,43.5,43.5,92
SP500,1625,D21+D55,2,0.05,1.363,1.74,37.0,37.0,27
SP500,1625,D21+D34+D89,3,0.05,1.292,1.53,40.0,40.0,25
SP500,1625,D3+D5+D8+D21,4,0.05,1.261,4.65,42.6,42.6,94
SP500,1625,D1+D5+D8+D34,4,0.05,1.242,3.71,43.7,43.7,71
SP500,1625,D1+D5+D13,3,0.05,1.24,4.44,42.0,42.0,88
SP500,1625,D1+D3+D5+D55,4,0.05,1.237,3.15,40.7,40.7,59
SP500,1625,D1+D3+D13+D89,4,0.05,1.225,1.61,48.1,48.1,27
SP500,1625,D3+D5+D21+D55,4,0.05,1.197,3.68,42.7,42.7,75
SP500,1625,D1+D3+D5+D13,4,0.05,1.196,4.9,40.6,40.6,106
SP500,1625,D3+D5+D34+D55,4,0.05,1.19,3.48,44.9,44.9,69
SP500,1625,D1+D3+D21+D34,4,0.05,1.189,4.11,41.0,41.0,83
SP500,1625,D3+D5+D13+D21,4,0.05,1.184,4.63,39.8,39.8,103
SP500,1625,D1+D5+D8+D55,4,0.05,1.176,2.76,43.4,43.4,53
SP500,1625,D13+D21+D55,3,0.05,1.165,3.21,38.4,38.4,73
SP500,1625,D3+D5+D55,3,0.05,1.147,3.2,42.4,42.4,66
SP500,1625,D3+D5+D21,3,0.05,1.137,4.74,39.3,39.3,112
SP500,1625,D1+D3+D5+D34,4,0.05,1.126,4.13,38.9,38.9,90
SP500,1625,D1+D5+D34+D55,4,0.05,1.123,3.26,42.0,42.0,69
SP500,1625,D1+D3+D8+D34,4,0.05,1.121,3.67,40.8,40.8,76
SP500,1625,D13+D21,2,0.05,1.121,4.23,42.6,42.6,101
SP500,1625,D3+D55,2,0.05,1.089,3.1,45.5,45.5,66
SP500,1625,D5+D8,2,0.1,1.081,0.85,43.5,43.5,23
SP500,1625,D1+D3+D34,3,0.05,1.065,3.34,39.2,39.2,74
SP500,1625,D1+D5+D21+D34,4,0.05,1.063,4.03,41.7,41.7,96
SP500,1625,D5+D13+D21,3,0.05,1.032,3.65,41.8,41.8,91
SP500,1625,D5+D21,2,0.05,1.032,3.65,41.8,41.8,91
SP500,1625,D3+D21+D55,3,0.05,1.026,3.21,44.2,44.2,77
SP500,1625,D3+D8+D34+D55,4,0.05,1.025,2.8,42.2,42.2,64
SP500,1625,D1+D13+D34,3,0.05,1.019,3.66,43.2,43.2,88
SP500,1625,D5+D8,2,0.05,1.012,2.57,39.4,39.4,71
SP500,1625,D3+D13+D34+D55,4,0.05,1.002,3.06,44.0,44.0,75
SP500,1625,D3+D8+D21+D55,4,0.05,0.968,2.78,43.5,43.5,69
SP500,1625,D3+D5+D8+D89,4,0.05,0.959,1.44,44.7,44.7,38
SP500,1625,D1+D21+D34+D55,4,0.05,0.959,2.78,43.5,43.5,69
SP500,1625,D1+D3+D13,3,0.05,0.951,3.14,39.5,39.5,81
SP500,1625,D5+D8+D21+D34,4,0.05,0.945,2.73,39.7,39.7,68
SP500,1625,D5+D13+D34+D55,4,0.05,0.931,2.53,43.5,43.5,62
SP500,1625,D1+D3+D13+D34,4,0.05,0.916,2.94,40.8,40.8,76
SP500,1625,D1+D34,2,0.05,0.907,3.41,41.7,41.7,96
SP500,1625,D5+D21+D34+D55,4,0.05,0.888,2.5,42.4,42.4,66
SP500,1625,D3+D21+D34+D55,4,0.05,0.886,2.61,43.7,43.7,71
SP500,1625,D13+D34,2,0.05,0.88,3.24,41.1,41.1,95
SP500,1625,D13+D21+D34,3,0.05,0.875,3.24,40.6,40.6,96
SP500,1625,D1+D5+D8+D13,4,0.05,0.838,2.56,40.8,40.8,76
SP500,1625,D3+D5,2,0.1,0.835,1.87,35.3,35.3,68
SP500,1625,D1+D3+D21+D55,4,0.05,0.834,2.35,41.5,41.5,65
SP500,1625,D1+D8+D21+D55,4,0.05,0.828,2.47,41.9,41.9,74
SP500,1625,D1+D5+D13+D89,4,0.05,0.821,1.05,48.1,48.1,27
SP500,1625,D3+D21,2,0.05,0.803,3.23,40.4,40.4,109
SP500,1625,D1+D8+D34,3,0.05,0.796,2.66,42.2,42.2,83
SP500,1625,D1+D5+D34,3,0.05,0.793,2.84,39.6,39.6,91
SP500,1625,D3+D34+D55,3,0.05,0.782,1.91,45.5,45.5,55
SP500,1625,D5+D21+D34,3,0.05,0.779,2.53,43.0,43.0,79
SP500,1625,D1+D5+D13+D55,4,0.05,0.779,2.03,41.0,41.0,61
SP500,1625,D5+D13+D21+D34,4,0.05,0.777,2.63,40.7,40.7,86
SP500,1625,D3+D5+D34,3,0.05,0.775,2.81,39.4,39.4,94
SP500,1625,D5+D34,2,0.05,0.774,2.53,42.5,42.5,80
SP500,1625,D3+D8+D89,3,0.05,0.772,1.07,47.1,47.1,34
SP500,1625,D8+D21+D34+D55,4,0.05,0.77,2.26,43.1,43.1,72
SP500,1625,D1+D21+D55,3,0.05,0.767,2.24,41.7,41.7,72
SP500,1625,D5+D8+D55,3,0.05,0.767,1.55,45.1,45.1,51
SP500,1625,D1+D13+D34+D55,4,0.05,0.766,2.27,41.9,41.9,74
SP500,1625,D5+D13+D34,3,0.05,0.752,2.17,40.8,40.8,71
SP500,1625,D5+D8+D55+D89,4,0.05,0.739,1.03,51.4,51.4,35
SP500,1625,D3+D8+D55,3,0.05,0.733,1.73,42.1,42.1,57
SP500,1625,D1+D21+D34,3,0.05,0.723,2.61,40.9,40.9,93
SP500,1625,D1+D13+D21+D34,4,0.05,0.719,2.69,40.8,40.8,98
SP500,1625,D3+D13+D34,3,0.05,0.711,2.49,41.6,41.6,89
SP500,1625,D1+D5+D55,3,0.05,0.698,1.83,39.7,39.7,63
SP500,1625,D3+D5+D21+D34,4,0.05,0.697,2.65,39.6,39.6,101
SP500,1625,D1+D3+D8+D55,4,0.05,0.695,1.7,38.6,38.6,57
SP500,1625,D21+D34,2,0.05,0.689,2.29,40.5,40.5,84
SP500,1625,D5+D8+D89,3,0.05,0.684,1.01,46.2,46.2,39
SP500,1625,D5+D55,2,0.05,0.679,1.77,41.0,41.0,61
SP500,1625,D1+D13,2,0.05,0.668,2.15,39.8,39.8,83
SP500,1625,D3+D13+D21,3,0.05,0.654,2.59,39.1,39.1,110
SP500,1625,D1+D5+D21+D55,4,0.05,0.645,1.83,42.3,42.3,71
SP500,1625,D3+D13+D21+D55,4,0.05,0.645,2.0,42.0,42.0,81
SP500,1625,D13+D21+D34+D89,4,0.05,0.642,1.08,40.9,40.9,44
SP500,1625,D8+D21+D55,3,0.05,0.635,1.9,43.4,43.4,76
SP500,1625,D3+D5+D8+D34,4,0.05,0.633,1.96,41.0,41.0,78
SP500,1625,D3+D5+D13+D34,4,0.05,0.617,2.0,38.6,38.6,83
SP500,1625,D3+D13+D21+D34,4,0.05,0.612,2.24,40.2,40.2,97
SP500,1625,D5+D8+D34,3,0.05,0.612,1.58,44.4,44.4,63
SP500,1625,D1+D13+D21+D55,4,0.05,0.609,1.9,41.5,41.5,82
SP500,1625,D1+D3+D34+D89,4,0.05,0.583,0.74,41.4,41.4,29
SP500,1625,D8+D13+D34+D55,4,0.05,0.549,1.54,43.1,43.1,72
SP500,1625,D3+D5,2,0.05,0.547,2.16,35.9,35.9,117
SP500,1625,D8+D21+D34+D89,4,0.05,0.546,0.92,43.2,43.2,44
SP500,1625,D3+D13+D21+D89,4,0.05,0.54,0.9,42.2,42.2,45
SP500,1625,D5+D13+D21+D89,4,0.05,0.535,0.9,41.3,41.3,46
SP500,1625,D5+D21+D34+D89,4,0.05,0.529,0.85,42.9,42.9,42
SP500,1625,D3+D21+D34+D89,4,0.05,0.529,0.85,42.9,42.9,42
SP500,1625,D1+D21+D34+D89,4,0.05,0.529,0.85,42.9,42.9,42
SP500,1625,D1+D13+D21+D89,4,0.05,0.513,0.84,45.5,45.5,44
SP500,1625,D5+D13+D21+D55,4,0.05,0.513,1.48,39.5,39.5,76
SP500,1625,D3+D8+D21+D34,4,0.05,0.484,1.66,40.2,40.2,92
SP500,1625,D5+D8+D21+D55,4,0.05,0.482,1.18,42.6,42.6,61
SP500,1625,D3+D8+D13+D21,4,0.05,0.453,1.59,39.8,39.8,98
SP500,1625,D8+D34,2,0.05,0.449,1.56,40.0,40.0,95
SP500,1625,D8+D21+D34,3,0.05,0.449,1.56,40.0,40.0,95
SP500,1625,D5+D21+D55,3,0.05,0.441,1.11,42.9,42.9,63
SP500,1625,D1+D8+D34+D55,4,0.05,0.433,1.12,38.8,38.8,67
SP500,1625,D3+D21+D34,3,0.05,0.421,1.4,40.7,40.7,91
SP500,1625,D3+D34,2,0.05,0.384,1.29,39.4,39.4,94
SP500,1625,D5+D8+D34+D55,4,0.05,0.382,0.79,41.5,41.5,53
SP500,1625,D3+D5+D8+D13,4,0.05,0.376,1.19,40.4,40.4,89
SP500,1625,D1+D55,2,0.05,0.357,0.86,39.7,39.7,63
SP500,1625,D3+D5+D34+D89,4,0.05,0.355,0.41,42.9,42.9,28
SP500,1625,D5+D8+D21,3,0.05,0.351,0.86,39.7,39.7,68
SP500,1625,D1+D8+D55,3,0.05,0.346,0.77,40.7,40.7,59
SP500,1625,D3+D8+D34,3,0.05,0.321,0.95,38.6,38.6,83
SP500,1625,D5+D8+D21+D89,4,0.05,0.213,0.27,46.3,46.3,41
SP500,1625,D1+D8+D13+D34,4,0.05,0.199,0.5,40.0,40.0,80
SP500,1625,D1+D13+D55,3,0.05,0.196,0.36,38.6,38.6,57
SP500,1625,D1+D8+D13,3,0.05,0.173,0.43,37.6,37.6,85
SP500,1625,D8+D13+D21+D34,4,0.05,0.141,0.35,38.5,38.5,96
SP500,1625,D8+D55,2,0.05,0.108,0.16,42.3,42.3,71
SP500,1625,D3+D13+D34+D89,4,0.05,0.107,0.08,42.1,42.1,38
SP500,1625,D1+D5+D13+D34,4,0.05,0.093,0.13,40.3,40.3,77
SP500,1625,D1+D3+D13+D55,4,0.05,0.082,0.06,36.7,36.7,60
SP500,1625,D8+D34+D55,3,0.05,0.081,0.07,41.5,41.5,65
SP500,1625,D3+D13+D55,3,0.05,0.072,0.03,44.4,44.4,54
SP500,1625,D13+D21+D55+D89,4,0.05,0.061,0.01,41.4,41.4,29
SP500,1625,D5+D8+D13+D21,4,0.05,0.055,0.01,40.3,40.3,77
SP500,1625,D8+D13+D34,3,0.05,0.037,-0.06,39.1,39.1,87
SP500,1625,D1+D3+D34+D55,4,0.05,0.023,-0.1,33.9,33.9,56
SP500,1625,D1+D3+D21,3,0.1,0.0,0.0,0.0,0.0,1
SP500,1625,D13+D21+D34,3,0.1,0.0,0.0,0.0,0.0,1
SP500,1625,D3+D8+D34+D89,4,0.05,-0.001,-0.08,44.1,44.1,34
SP500,1625,D3+D8+D13+D34,4,0.05,-0.001,-0.19,40.5,40.5,79
SP500,1625,D3+D13,2,0.05,-0.054,-0.36,38.1,38.1,84
SP500,1625,D3+D8+D13,3,0.05,-0.054,-0.36,38.1,38.1,84
SP500,1625,D3+D5+D21+D89,4,0.05,-0.074,-0.19,38.2,38.2,34
SP500,1625,D3+D5+D13+D55,4,0.05,-0.08,-0.35,41.4,41.4,58
SP500,1625,D1+D5+D34+D89,4,0.05,-0.111,-0.25,38.7,38.7,31
SP500,1625,D1+D13+D34+D89,4,0.05,-0.115,-0.29,41.0,41.0,39
SP500,1625,D3+D8+D21+D89,4,0.05,-0.207,-0.39,44.4,44.4,36
SP500,1625,D8+D13+D21+D55,4,0.05,-0.214,-0.79,39.2,39.2,74
SP500,1625,D1+D8+D13+D55,4,0.05,-0.221,-0.71,37.9,37.9,58
SP500,1625,D3+D5+D55+D89,4,0.05,-0.261,-0.41,44.0,44.0,25
SP500,1625,D5+D8+D34+D89,4,0.05,-0.263,-0.52,43.6,43.6,39
SP500,1625,D5+D34+D55,3,0.05,-0.281,-0.74,41.2,41.2,51
SP500,1625,D8+D34+D89,3,0.05,-0.32,-0.52,38.7,38.7,31
SP500,1625,D5+D8+D13+D34,4,0.05,-0.352,-1.06,38.6,38.6,57
SP500,1625,D3+D5+D13,3,0.05,-0.363,-1.54,34.0,34.0,97
SP500,1625,D3+D8+D13+D55,4,0.05,-0.372,-1.06,40.7,40.7,54
SP500,1625,D8+D21,2,0.05,-0.381,-1.63,36.4,36.4,99
SP500,1625,D5+D8+D13+D89,4,0.05,-0.422,-0.67,43.8,43.8,32
SP500,1625,D8+D13+D21,3,0.05,-0.451,-1.83,36.8,36.8,95
SP500,1625,D1+D5+D21+D89,4,0.05,-0.585,-0.78,40.0,40.0,25
SP500,1625,D1+D21+D55+D89,4,0.05,-0.608,-0.55,33.3,33.3,15
SP500,1625,D1+D8+D34+D89,4,0.05,-0.615,-0.95,40.6,40.6,32
SP500,1625,D5+D13,2,0.1,-0.643,-0.27,57.1,57.1,7
SP500,1625,D5+D8+D13,3,0.1,-0.643,-0.27,57.1,57.1,7
SP500,1625,D5+D21+D55+D89,4,0.05,-0.699,-0.85,44.0,44.0,25
SP500,1625,D5+D8+D13,3,0.05,-0.849,-2.19,40.4,40.4,52
SP500,1625,D3+D5+D89,3,0.05,-0.883,-1.21,35.7,35.7,28
SP500,1625,D8+D13+D34+D89,4,0.05,-1.023,-1.56,40.6,40.6,32
SP500,1625,D1+D8+D55+D89,4,0.05,-1.032,-1.25,40.9,40.9,22
SP500,1625,D5+D13,2,0.05,-1.044,-2.85,38.6,38.6,57
SP500,1625,D13+D21+D89,3,0.05,-1.093,-1.91,33.3,33.3,45
SP500,1625,D3+D21+D89,3,0.05,-1.202,-1.66,40.0,40.0,30
SP500,1625,D8+D13+D55,3,0.05,-1.225,-3.08,40.0,40.0,55
SP500,1625,D1+D8+D13+D89,4,0.05,-1.235,-1.55,39.1,39.1,23
SP500,1625,D3+D5+D13,3,0.1,-1.257,-1.27,43.5,43.5,23
SP500,1625,D3+D21+D55+D89,4,0.05,-1.332,-1.34,42.1,42.1,19
SP500,1625,D1+D34+D89,3,0.05,-1.347,-1.65,39.1,39.1,23
SP500,1625,D5+D8+D13+D55,4,0.05,-1.356,-3.27,40.4,40.4,52
SP500,1625,D8+D13,2,0.05,-1.358,-4.64,35.4,35.4,82
SP500,1625,D8+D21+D55+D89,4,0.05,-1.413,-1.61,40.0,40.0,25
SP500,1625,D3+D8+D55+D89,4,0.05,-1.43,-1.81,38.5,38.5,26
SP500,1625,D1+D8+D21+D89,4,0.05,-1.545,-2.09,41.9,41.9,31
SP500,1625,D5+D21+D89,3,0.05,-1.693,-2.63,35.1,35.1,37
SP500,1625,D5+D13+D34+D89,4,0.05,-1.71,-2.4,41.9,41.9,31
SP500,1625,D34+D55,2,0.05,-1.729,-0.11,50.0,50.0,2
SP500,1625,D3+D89,2,0.05,-1.759,-1.25,36.4,36.4,11
SP500,1625,D3+D34+D89,3,0.05,-1.89,-2.28,40.0,40.0,25
SP500,1625,D5+D13+D55,3,0.05,-1.921,-4.21,39.1,39.1,46
SP500,1625,D1+D5+D55+D89,4,0.05,-1.966,-1.67,37.5,37.5,16
SP500,1625,D8+D21+D89,3,0.05,-1.998,-2.84,37.1,37.1,35
SP500,1625,D8+D13+D21+D89,4,0.05,-2.058,-3.25,35.0,35.0,40
SP500,1625,D5+D89,2,0.05,-2.16,-1.37,33.3,33.3,9
SP500,1625,D5+D13+D89,3,0.05,-2.205,-2.68,36.0,36.0,25
SP500,1625,D5+D34+D89,3,0.05,-2.297,-2.94,40.7,40.7,27
SP500,1625,D1+D21+D89,3,0.05,-2.45,-2.77,39.1,39.1,23
SP500,1625,D1+D13+D89,3,0.05,-2.491,-2.64,40.0,40.0,20
SP500,1625,D3+D5+D13+D89,4,0.05,-2.55,-3.02,32.0,32.0,25
SP500,1625,D1+D13+D55+D89,4,0.05,-2.557,-2.64,42.1,42.1,19
SP500,1625,D3+D8+D13+D89,4,0.05,-2.858,-3.2,34.8,34.8,23
SP500,1625,D3+D5+D21,3,0.1,-2.932,-1.64,47.1,47.1,17
SP500,1625,D5+D13+D55+D89,4,0.05,-3.011,-3.12,40.0,40.0,20
SP500,1625,D3+D13+D89,3,0.05,-3.018,-3.13,35.0,35.0,20
SP500,1625,D3+D13+D55+D89,4,0.05,-3.282,-3.1,35.3,35.3,17
SP500,1625,D8+D13+D89,3,0.05,-3.303,-3.29,38.9,38.9,18
SP500,1625,D3+D55+D89,3,0.05,-4.679,-1.57,33.3,33.3,3
SP500,1625,D3+D13,2,0.1,-4.803,-1.48,55.6,55.6,9
SP500,1625,D3+D8+D13,3,0.1,-4.803,-1.48,55.6,55.6,9
SP500,1625,D8+D13+D55+D89,4,0.05,-5.562,-4.2,33.3,33.3,15
SP500,1625,D8+D13,2,0.1,-7.148,-5.61,28.6,28.6,21
SP500,1625,D3+D5+D8+D13,4,0.1,-7.527,-1.88,42.9,42.9,7
SP500,1625,D1+D3+D13,3,0.1,-9.24,-0.26,50.0,50.0,2
SP500,1625,D8+D89,2,0.05,-10.222,-2.14,50.0,50.0,2
SP500,1625,D1+D8,2,0.1,-17.588,-0.37,0.0,0.0,2
SP500,1625,D3+D34+D55+D89,4,0.05,-20.17,-3.03,0.0,0.0,2
